{"type": "FeatureCollection", "features": [{"type": "Feature", "properties": {"name": "Boerne", "__uuid": "00926917-d1f4-40a7-9caf-0b4da9bea775", "market_name": "San Antonio-New Braunfels, TX", "submarket_name": "North San Antonio", "neighborhood_name": "Boerne"}, "geometry": {"type": "Polygon", "coordinates": [[[-98.774604626, 29.833354943], [-197.539433694, 59.598517638000004], [-296.276520803, 89.377500939], [-394.873534802, 118.966630555], [-493.339792641, 148.56223883299998], [-591.74939678, 178.41933900599997], [-690.524001406, 208.25269394899996]]]}}, {"type": "Feature", "properties": {"name": "anadel", "__uuid": "00d6bd65-9e1f-4ea6-afc8-be5ca25b86e4", "market_name": "Santa Rosa-Petaluma, CA", "submarket_name": "east outskirts ", "neighborhood_name": "anadel "}, "geometry": {"type": "Polygon", "coordinates": [[[-122.509245447, 38.379313277], [-245.030447552, 76.781001253], [-367.568437113, 115.207385906], [-490.125612339, 153.647725816], [-612.706769646, 192.095042343], [-735.319103659, 230.54852992999997], [-857.946305789, 269.008736448], [-980.588926693, 307.46559408499996], [-1103.2395786069999, 345.90929580599993], [-1225.8872005389999, 384.3249438109999], [-1348.536212343, 422.7377484869999], [-1471.176594765, 461.1081532509999], [-1593.798899314, 499.4782442319999], [-1716.375336809, 537.8401251779999], [-1838.963620197, 576.1827757269999], [-1961.52692211, 614.4920351579999], [-2084.047781614, 652.8440357769999], [-2206.573751193, 691.2002930199999], [-2329.08299664, 729.5796062969999]]]}}, {"type": "Feature", "properties": {"name": "South_Thousand_Oaks", "__uuid": "010adc0c-aec3-43bc-8c23-fcc6b9dadecb", "market_name": "Los Angeles-Long Beach-Santa Ana, CA", "submarket_name": "Northwest", "neighborhood_name": "South_Thousand_Oaks"}, "geometry": {"type": "Polygon", "coordinates": [[[-118.763237, 34.145055535], [-237.56183624300002, 68.289258644], [-356.40163421700004, 102.453349448], [-475.25310516400003, 136.626814255], [-594.1337585450001, 170.803119463], [-713.061790466, 204.984253134], [-832.021408081, 239.179870536], [-951.029434204, 273.382586898], [-1070.12638092, 307.471932542], [-1189.045829773, 341.498702981], [-1307.87601471, 375.518075116], [-1426.6969299319999, 409.54939803599996], [-1545.497932434, 443.581289999], [-1664.302711487, 477.618587681], [-1783.1033706669998, 511.660152792], [-1901.9043731689999, 545.7176477410001], [-2020.726661682, 579.7964726050001], [-2139.546546936, 613.890367371], [-2258.3478927610004, 648.016951754], [-2377.1392822260004, 682.1384203350001], [-2495.9219433370004, 716.2582166230001], [-2614.7020031510006, 750.383095773], [-2733.4806896740006, 784.512522135], [-2852.2397065310006, 818.6459445410001], [-2971.0029435310007, 852.791000076]]]}}, {"type": "Feature", "properties": {"name": "Woodland_hills", "__uuid": "01d21e26-a038-4c82-aaef-ab6346d83364", "market_name": "Los Angeles-Long Beach-Santa Ana, CA", "submarket_name": "Valley", "neighborhood_name": "Woodland_hills"}, "geometry": {"type": "Polygon", "coordinates": [[[-118.554496765, 34.220603089], [-237.26623535099998, 68.436379974], [-355.95943450899995, 102.589106954], [-474.6392440789999, 136.740981586], [-593.3066940299999, 170.891435618], [-711.9233322139999, 205.059219335], [-830.5317306519999, 239.21038367], [-949.1306877139998, 273.355012993], [-1067.715053559, 307.501915421], [-1186.2712669379998, 341.651517082], [-1304.825763703, 375.872120171]]]}}, {"type": "Feature", "properties": {"name": "Weschester", "__uuid": "0207ff6e-4e6a-40b0-aac1-d55168bfd59e", "market_name": "New York-Northern New Jersey-Long Island, NY-NJ-PA", "submarket_name": "North_NY", "neighborhood_name": "Weschester"}, "geometry": {"type": "Polygon", "coordinates": [[[-73.911895752, 40.921814412], [-147.683029175, 81.80470495700001], [-221.33605957100002, 122.784603027], [-295.00144958600004, 163.781605285], [-368.66065979100006, 204.79518918500003], [-442.38990783800006, 245.89627566900003], [-516.268844606, 287.00822712300004], [-590.180740358, 327.93004153500004]]]}}, {"type": "Feature", "properties": {"name": "summerlin ", "__uuid": "027e72c3-6dc9-4699-9dc0-e95e5d3f6ee4", "market_name": "Las Vegas-Paradise, NV", "submarket_name": "west outskirts ", "neighborhood_name": "summerlin"}, "geometry": {"type": "Polygon", "coordinates": [[[-115.322657358, 36.337744038], [-230.657520409, 72.61505347299999], [-346.016696756, 108.77424435499998], [-461.260341226, 144.93318082699997], [-576.50475554, 181.10889760099997], [-691.751479385, 217.29020701099995], [-806.995893699, 253.49326176499994], [-922.243761339, 289.71524471699996], [-1037.492382979, 325.96961713699994], [-1152.760126112, 362.24845456199995], [-1268.08278347, 398.58619859999993]]]}}, {"type": "Feature", "properties": {"name": "fruitvale", "__uuid": "02cd53ad-ee9a-4181-ae82-985e882904b8", "market_name": "Bakersfield-Delano, CA", "submarket_name": "ne bakers", "neighborhood_name": "fruitvale"}, "geometry": {"type": "Polygon", "coordinates": [[[-119.048740253, 35.406769828], [-238.103631059, 70.81887597], [-357.19641721200003, 106.231305513], [-476.293171464, 141.644543554], [-595.39369541, 177.05842838799998], [-714.497475433, 212.472114507], [-833.6074059169999, 247.885066551], [-952.717194677, 283.282869183], [-1071.827142805, 318.674057102], [-1190.936674584, 354.057338576], [-1310.047148626, 389.43406819], [-1429.156497986, 424.804059996], [-1548.2717248899999, 460.16637095199997], [-1667.3693595739999, 495.528714864], [-1786.458177628, 530.897149883], [-1905.535171198, 566.265470613], [-2024.604743971, 601.635847073], [-2143.668487294, 637.008369174], [-2262.72456853, 672.379878119], [-2381.775491237, 707.7528430939999], [-2500.822049035, 743.125808069], [-2619.866424379, 778.499258381], [-2738.911196533, 813.882576586], [-2857.955896439, 849.281978667], [-2977.00144989, 884.6848377289999], [-3096.050190143, 920.091607557]]]}}, {"type": "Feature", "properties": {"name": "Bronx", "__uuid": "02e8085f-b022-42b4-944e-71f96477b07e", "market_name": "New York-Northern New Jersey-Long Island, NY-NJ-PA", "submarket_name": "NYC", "neighborhood_name": "Bronx"}, "geometry": {"type": "Polygon", "coordinates": [[[-73.90914917, 40.920517319], [-147.837181091, 81.79873545999999], [-221.745643615, 122.67046360499998], [-295.664405822, 163.529209848], [-369.59827423, 204.36224441899998], [-443.531455993, 245.18826498399997], [-517.46395111, 286.002593892], [-591.374730418, 326.795863919], [-665.271519969, 367.595900224], [-739.131794968, 408.394271803], [-812.956306313, 449.195298489], [-886.7418592920001, 489.99507489999996], [-960.521919106, 530.812781609], [-1034.300530821, 571.687196212], [-1108.072326597, 612.569239527], [-1181.9814757670001, 653.4897568460001]]]}}, {"type": "Feature", "properties": {"name": "woodland", "__uuid": "038fda91-4350-4bc1-801a-64ce05ed4c7b", "market_name": "Sacramento--Arden-Arcade--Roseville, CA", "submarket_name": "north west sac ", "neighborhood_name": "woodland "}, "geometry": {"type": "Polygon", "coordinates": [[[-121.957990356, 38.374803169], [-243.802989242, 76.840406332], [-365.590983422, 115.351804639], [-487.35174767700005, 153.881719015], [-609.0812102360001, 192.426964199], [-730.667142868, 231.004446215], [-852.2225372180001, 269.607190188], [-973.7850571670001, 308.223655458], [-1095.352157859, 346.868350463], [-1216.929946949, 385.516623099], [-1338.5077360389998, 424.192715603], [-1460.0753457019998, 462.877549262], [-1581.630231081, 501.565958505], [-1703.172392175, 540.254765064], [-1824.715062241, 579.148273696], [-1946.26638482, 618.055645863], [-2067.87369425, 656.969750771], [-2189.811835072, 695.812535424], [-2311.96068998, 734.553104215], [-2434.0454142080002, 773.038350512], [-2556.0766964420004, 811.3756364249999], [-2678.0708237660006, 849.730084469], [-2800.0288141220008, 888.1048876379999]]]}}, {"type": "Feature", "properties": {"name": "South Houston", "__uuid": "051f6776-0a57-49d4-9454-dee6defe7685", "market_name": "Houston-Sugar Land-Baytown, TX", "submarket_name": "South East Houston", "neighborhood_name": "South Houston"}, "geometry": {"type": "Polygon", "coordinates": [[[-95.264126234, 29.714664031], [-190.531212263, 59.424188949], [-285.818382673, 89.121636337], [-381.088043623, 118.79745982899999], [-476.33315699599996, 148.442554479], [-571.5386165909999, 178.049150258], [-666.725115246, 207.666659893], [-761.9043467419999, 237.285740215], [-857.1521513819999, 266.999169716], [-952.4162776159999, 296.71383374699997]]]}}, {"type": "Feature", "properties": {"name": "kingwood", "__uuid": "0694d0a9-68fe-45ea-a91b-f23d04f705a5", "market_name": "New York-Northern New Jersey-Long Island, NY-NJ-PA", "submarket_name": "west_nj", "neighborhood_name": "kingwood"}, "geometry": {"type": "Polygon", "coordinates": [[[-75.079889914, 40.553654812], [-150.131857776, 81.08839784], [-225.194751658, 121.540974146], [-300.24671952, 161.959361648], [-375.268944328, 202.36434609399998], [-450.266889091, 242.779036468], [-525.234483798, 283.184020914], [-600.182654469, 323.570514006], [-675.051307994, 363.992136329], [-749.9132845070001, 404.431778375], [-824.7746540190001, 444.895901024], [-899.6408795400001, 485.383572059], [-974.4955720390001, 525.887398972], [-1049.3065604580001, 566.411992012], [-1124.102373849, 606.938892002], [-1198.767074999, 647.514680653], [-1273.39960509, 688.0904693040001], [-1348.0254581680001, 728.6722512770001], [-1422.6683072780002, 769.2572602010001], [-1497.3694284950002, 809.8602450020002], [-1572.1670628890001, 850.4996276650002], [-1647.1419416090002, 891.1334828160002], [-1722.2218315230002, 931.6871376280002]]]}}, {"type": "Feature", "properties": {"name": "roseville", "__uuid": "06b3eb61-9df5-4eca-a9ac-6d5ba039b6ed", "market_name": "Sacramento--Arden-Arcade--Roseville, CA", "submarket_name": "north sac ", "neighborhood_name": "roseville "}, "geometry": {"type": "Polygon", "coordinates": [[[-121.272060288, 38.680705399], [-242.534312633, 77.440851358], [-363.768036392, 116.22584927700001], [-484.900504892, 155.09682386400002], [-606.031363843, 193.97645598600002], [-727.175757638, 232.859277431], [-848.3377833090001, 271.735264465], [-969.5062471760001, 310.617174065], [-1090.686709498, 349.513662083], [-1211.889705505, 388.40502519999995], [-1333.106748485, 427.29217463099997], [-1454.325968014, 466.182141072], [-1575.5456082199998, 505.079935595], [-1696.7639132319998, 543.992161993], [-1817.9884918269997, 582.905157061], [-1939.2112779699996, 621.824926368], [-2060.4392951469995, 660.7514699139999], [-2181.7134039519997, 699.679154167], [-2303.067404912, 738.619812743], [-2424.423747034, 777.579588188], [-2545.7999890329997, 816.557565411], [-2667.349477025, 855.464529253], [-2788.889600368, 894.359650617], [-2910.429825529, 933.0464740640001], [-3031.920784469, 971.7334961460001], [-3153.390622105, 1010.4182140350001], [-3274.828548602, 1049.1039647720002], [-3396.252784424, 1087.7960715850002], [-3517.635031991, 1126.4884961740001], [-3639.003079923, 1165.1847341490002], [-3760.354281733, 1203.8808926320003], [-3881.688230153, 1242.5645776060003], [-4003.011338019, 1281.2478652890004], [-4124.329483595, 1319.9263654600004], [-4245.6436848, 1358.6052432750005], [-4366.915745088, 1397.2859486740006]]]}}, {"type": "Feature", "properties": {"name": "Candler-McAfee", "__uuid": "06bad39c-4fd0-4332-be6e-fbcff5018428", "market_name": "Atlanta-Sandy Springs-Marietta, GA", "submarket_name": "Downtown Atlanta", "neighborhood_name": "Candler-McAfee "}, "geometry": {"type": "Polygon", "coordinates": [[[-84.336527294, 33.67371982], [-168.580654118, 67.385168491], [-252.79130607800002, 101.221539248], [-337.04216516300005, 135.039814516], [-421.29718768400005, 168.924087945], [-505.64808876100005, 202.742385703], [-590.041662156, 236.540858287], [-674.4357069050001, 270.313248885], [-758.8270037070001, 304.084163097], [-843.1757298960001, 337.85900267799997], [-927.5249122890001, 371.603478099], [-1011.8738867960001, 405.307407143], [-1096.219562339, 439.00975218499997], [-1180.556089633, 472.683472005]]]}}, {"type": "Feature", "properties": {"name": "roy", "__uuid": "06eb1f1f-060d-491d-a482-607ddd0c0ef0", "market_name": "Ogden-Clearfield, UT", "submarket_name": "east ogden", "neighborhood_name": "roy "}, "geometry": {"type": "Polygon", "coordinates": [[[-112.025570766, 41.139411197], [-224.050559076, 82.295993926], [-336.06756621700004, 123.47621353299999], [-448.063732629, 164.676756187], [-560.058542988, 205.881487151], [-672.063359325, 247.100464364], [-784.074452416, 288.32290086], [-896.091480504, 329.568082974], [-1008.125982251, 370.813995077], [-1120.176404443, 412.058301457], [-1232.258861677, 453.30275389200006], [-1344.349279133, 494.54910416300004], [-1456.4650333949999, 535.795527139], [-1568.590543783, 577.045197926], [-1680.7335763689998, 618.295780947], [-1792.8398171939998, 659.517091113], [-1904.9624638439998, 700.707073621], [-2017.0851104939998, 741.847362172], [-2129.1976612519998, 782.9873563479999], [-2241.309823706, 824.0978096639999], [-2353.342383935, 865.2087018169999], [-2465.3694360749996, 906.3125914649999], [-2577.3725097979996, 947.4164620669999], [-2689.3891495819994, 988.5337903599999], [-2801.4135554369996, 1029.6587242009998], [-2913.4399028099997, 1070.7883379409998], [-3025.4654735759996, 1111.9277491379999]]]}}, {"type": "Feature", "properties": {"name": "tacoma", "__uuid": "06f872b7-030f-416b-ac60-78051fef954a", "market_name": "Seattle-Tacoma-Bellevue, WA", "submarket_name": "south sea", "neighborhood_name": "tacoma "}, "geometry": {"type": "Polygon", "coordinates": [[[-122.481630412, 47.163248646], [-244.94095086800002, 94.32090860599999], [-367.35682596000004, 141.48096381899998], [-489.71164270400004, 188.64022062599997], [-612.008923697, 235.80107423299998], [-734.108662383, 282.965189405], [-856.2113980940001, 330.149716313], [-978.324603428, 377.350850725], [-1100.443461046, 424.576229229], [-1222.560097131, 471.82362115], [-1344.688696136, 519.0833878990001], [-1466.827991566, 566.344679217], [-1589.002841061, 613.635450054], [-1711.179055197, 660.936903552], [-1833.365543787, 708.234731788], [-1955.574468124, 755.537123736], [-2077.8259598120003, 802.839412834], [-2200.077167973, 850.1444098239999], [-2322.349762163, 897.449214594], [-2444.642346656, 944.744824291], [-2566.949021537, 992.035655609], [-2689.243327218, 1039.366792174], [-2811.5394342150003, 1086.713344427], [-2933.8519799980004, 1134.060692267], [-3056.1906436790005, 1181.4016289039998], [-3178.5806865970003, 1228.7330627249999], [-3301.0094780820004, 1276.052557884], [-3423.4582309500006, 1323.352945571], [-3545.874106246001, 1370.63979462], [-3668.3087686980007, 1417.907524411], [-3790.802141100001, 1465.2055231949998], [-3913.334262070001, 1512.517057763], [-4035.856989448001, 1559.8047033139999], [-4158.396155612001, 1607.0652615969998], [-4280.934147577002, 1654.2923399939998], [-4403.4686169450015, 1701.4962889769997], [-4525.988995925001, 1748.6954513049998], [-4648.5023297100015, 1795.8850390259997], [-4770.966347137001, 1843.0746267469997], [-4893.447977549002, 1890.2378753929997]]]}}, {"type": "Feature", "properties": {"name": "newburyport", "__uuid": "074c364a-378d-42db-986f-c689fa2f881d", "market_name": "Boston-Cambridge-Quincy, MA-NH", "submarket_name": "east port", "neighborhood_name": "newburyport "}, "geometry": {"type": "Polygon", "coordinates": [[[-70.804703366, 42.78815099], [-141.615823734, 85.611947437], [-212.512198545, 128.4666648], [-283.429657788, 171.29180608], [-354.342533459, 214.092737992], [-425.27020102899996, 256.872749797], [-496.21590502899994, 299.62028985899997], [-567.186169429, 342.309436518], [-638.093821099, 385.02422729399996], [-708.886016236, 427.790396307], [-779.6907196020001, 470.578547297]]]}}, {"type": "Feature", "properties": {"fill": "#555555", "name": "Valley_Stream", "__uuid": "0769537b-5ff6-41b7-afd8-7a691f9a3242", "stroke": "#555555", "market_name": "New York-Northern New Jersey-Long Island, NY-NJ-PA", "fill-opacity": "0.5", "stroke-width": "2", "stroke-opacity": "1", "submarket_name": "Nassau_county", "neighborhood_name": "Valley_Stream"}, "geometry": {"type": "Polygon", "coordinates": [[[-73.726329803, 40.684543317], [-147.478923797, 81.33197712500001], [-221.234372869, 121.96968489900001], [-294.978555456, 162.60305076100002], [-368.71569992599996, 203.23302945300003], [-442.45593430099996, 243.85962080200002], [-516.196511999, 284.483736677], [-589.937261358, 325.10394372200005], [-663.679727331, 365.71945986900005], [-737.423394934, 406.3315879400001], [-811.1655175840001, 446.94084904400006], [-884.9050653130001, 487.54724305700006], [-958.6428964290001, 528.151421507], [-1032.3795259150002, 568.745172791], [-1106.1240518240002, 609.337620565], [-1179.8800790460002, 649.924071865], [-1253.6373078970003, 690.503874272], [-1327.2958314570003, 731.082894413], [-1400.9529817260004, 771.678340222], [-1474.6238649050003, 812.273655685], [-1548.2944047610004, 852.878355451], [-1621.9587648070003, 893.4938715979999], [-1695.6204236410003, 934.1191110169999], [-1769.2783079440003, 974.7548106879999], [-1842.9311983190003, 1015.414414604], [-1916.5862211030003, 1056.076246771], [-1990.2224286840003, 1096.764304655], [-2063.867801791, 1137.4475647919999], [-2137.521806785, 1178.132029356], [-2211.1847482450003, 1218.814853307], [-2284.8580346830004, 1259.49796471], [-2358.5397325280005, 1300.1812062879999], [-2432.2282968290006, 1340.8644478659999], [-2505.9275965590004, 1381.5440189679998], [-2579.6477904340004, 1422.2324235219999], [-2653.3736690490005, 1462.919165095], [-2727.0999988520007, 1503.6037084119998]]]}}, {"type": "Feature", "properties": {"name": "Little Elm", "__uuid": "083683f2-408c-4c62-aae0-a3159ff76b5e", "market_name": "Dallas-Fort Worth-Arlington, TX", "submarket_name": "Denton Area", "neighborhood_name": "Little Elm"}, "geometry": {"type": "Polygon", "coordinates": [[[-96.860618591, 33.135251283], [-193.71917724600002, 66.35469742800001], [-290.761413574, 99.58850321400001], [-387.857551574, 132.725191947], [-484.95300292900004, 165.82449931300002], [-581.9797897330001, 198.920355289], [-678.928642272, 231.98456721300002], [-775.867881774, 265.117518526], [-872.735023498, 298.25248231600006], [-969.5956420890001, 331.38773359900006]]]}}, {"type": "Feature", "properties": {"name": "campbell", "__uuid": "08edacf8-9384-47f5-a170-f8071d0874c8", "market_name": "San Jose-Sunnyvale-Santa Clara, CA", "submarket_name": "north gatos ", "neighborhood_name": "campbell "}, "geometry": {"type": "Polygon", "coordinates": [[[-121.892937444, 37.320750586], [-243.79366266, 74.639731705], [-365.706625803, 111.952224423], [-487.627376718, 149.26648676000002], [-609.568524178, 186.58251867500002], [-731.5403939549999, 223.89626009200003], [-853.5201094269999, 261.21229200700003], [-975.5109502879999, 298.52773406700004], [-1097.5099497669999, 335.848189744], [-1219.5334179959998, 373.180151663], [-1341.5875575419998, 410.50911570200003], [-1463.6667322949997, 447.840396252], [-1585.7502847239998, 485.159967198], [-1707.82419515, 522.465381021], [-1829.870662952, 559.734209939], [-1951.9019260559999, 596.9906431630001], [-2073.9246596959997, 634.238516265], [-2195.9310760999997, 671.4781234980001], [-2317.9263671159997, 708.715073652], [-2439.9090493589997, 745.941394554], [-2561.8980359879997, 783.157084739], [-2683.8636593019996, 820.3733655269999], [-2805.7814434469997, 857.5843304189999], [-2927.682910356, 894.8006112069999], [-3049.542100789, 932.0171873109998], [-3171.414641688, 969.2446893149998], [-3293.29089105, 1006.4851822199998], [-3415.167511258, 1043.738368615], [-3537.047469083, 1081.011624072], [-3658.9315062170003, 1118.296092263], [-3780.8096098100004, 1155.585871167], [-3902.6869717110003, 1192.885090411], [-4024.579909155, 1230.205840997]]]}}, {"type": "Feature", "properties": {"name": "Stockbridge", "__uuid": "0a025f04-afb1-4358-85be-91edf34ae6b9", "market_name": "Atlanta-Sandy Springs-Marietta, GA", "submarket_name": "Southeast Atlanta ", "neighborhood_name": "Stockbridge "}, "geometry": {"type": "Polygon", "coordinates": [[[-84.374954828, 33.58445177], [-168.669721112, 66.956414102], [-252.953758129, 100.23420927199999], [-337.241675945, 133.439211012], [-421.340119471, 166.703281192], [-505.027540757, 200.013034178], [-588.709911298, 233.41650539699998], [-672.3924958529999, 266.912509495], [-756.1629548169999, 300.67285133999997], [-840.0132840429999, 334.41052456299997], [-923.9087846249998, 368.130129143], [-1008.0507159249998, 401.83167155499996], [-1092.294827429, 435.54217005], [-1176.62258832, 469.21881083799997], [-1260.92110327, 502.846900621], [-1345.214908629, 536.4506090489999], [-1429.49840109, 570.0422897179999], [-1513.768304165, 603.6033963659999], [-1598.036221839, 637.1458121659998], [-1682.411176667, 670.7302639359998]]]}}, {"type": "Feature", "properties": {"fill": "#555555", "name": "University Area - Third Ward", "__uuid": "0add4a10-8126-4d5b-956f-4b1a0020b304", "stroke": "#555555", "market_name": "Houston-Sugar Land-Baytown, TX", "fill-opacity": "0.5", "stroke-width": "2", "stroke-opacity": "1", "submarket_name": "South East Houston", "neighborhood_name": "University Area - Third Ward"}, "geometry": {"type": "Polygon", "coordinates": [[[-95.362014771, 29.74410931], [-190.74291229300002, 59.46496491], [-286.117565219, 89.165938453], [-381.499996521, 118.847035455], [-476.856968019, 148.52677497899998], [-572.182712009, 178.218197001], [-667.498248532, 207.90987010999999], [-762.787000993, 237.607723061], [-858.091680864, 267.315757004], [-953.4536956349999, 297.059866314]]]}}, {"type": "Feature", "properties": {"name": "Loma Terrace", "__uuid": "0afdbbab-a1b2-45dd-a86c-30e43f46b869", "market_name": "El Paso, TX", "submarket_name": "Southeast El Paso", "neighborhood_name": "Loma Terrace "}, "geometry": {"type": "Polygon", "coordinates": [[[-106.336364654, 31.671784999], [-212.64485448699998, 63.353216023], [-318.93895556499996, 95.044171132], [-425.22567999299997, 126.746981051], [-531.541907769, 158.477118094], [-637.875216088, 190.221519557], [-744.230291982, 221.979649107], [-850.6324391740001, 253.760554984], [-957.0700665060001, 285.51739576800003], [-1063.4995870090002, 317.272372098], [-1169.9156876270001, 349.02584097], [-1276.3089834470002, 380.766371815], [-1382.6871700980003, 412.498611888], [-1489.0582177050003, 444.210844017], [-1595.4134172850004, 475.913574552], [-1701.7593404470003, 507.607859537], [-1808.1013827030004, 539.292319799], [-1914.4377473570003, 570.964104798]]]}}, {"type": "Feature", "properties": {"name": "Lakehills", "__uuid": "0b3b55d3-d57f-4d0d-950f-2425252362b0", "market_name": "San Antonio-New Braunfels, TX", "submarket_name": "North West San Antonio", "neighborhood_name": "Lakehills"}, "geometry": {"type": "Polygon", "coordinates": [[[-98.600743239, 29.588490744], [-197.337171278, 59.363151387], [-296.21341006800003, 89.075843108], [-395.279322185, 118.803818394], [-494.342301209, 148.390757091], [-593.461101146, 177.75696664400002], [-692.260459252, 207.224748091], [-790.960116629, 236.725773161], [-889.640121235, 266.272444255], [-988.2757239800001, 295.857648272], [-1086.876467219, 325.446139016]]]}}, {"type": "Feature", "properties": {"name": "estacada", "__uuid": "0b521c07-d5bd-4494-be25-8a4b58e63e99", "market_name": "Portland-Vancouver-Hillsboro, OR-WA", "submarket_name": "south east outskirts ", "neighborhood_name": "estacada "}, "geometry": {"type": "Polygon", "coordinates": [[[-122.769307237, 45.291526379], [-245.538823702, 90.56635258200001], [-368.375844528, 135.759686149], [-491.2639749, 180.896545421], [-614.031562669, 226.04092731400002], [-736.7528617329999, 271.18802984800004], [-859.4452303569999, 316.343293527], [-982.0970963639999, 361.494476779], [-1104.7026736659998, 406.642939585], [-1227.2600335679997, 451.787321478], [-1349.7556751969996, 496.94530527800003], [-1472.1433098479997, 542.112808482], [-1594.4287236089997, 587.349619331], [-1716.7507825949997, 632.704466007], [-1838.9879789559998, 678.094540074], [-1961.1113822509997, 723.615845777], [-2083.234785546, 769.16147015], [-2205.3832618889996, 814.719249914], [-2327.5452386049997, 860.278380191], [-2449.7207161929996, 905.8496629379999], [-2571.9461931139995, 951.409626187], [-2694.2108890259997, 996.954808753], [-2816.5042656339997, 1042.498967452], [-2938.8257805259996, 1088.044642047], [-3061.1516964049997, 1133.575406337], [-3183.4946727429997, 1179.009617122], [-3306.065533017, 1224.340062827], [-3428.731510712, 1269.6158183870002], [-3551.5008179489996, 1314.9073447660003]]]}}, {"type": "Feature", "properties": {"name": "escondido ", "__uuid": "0bf0cec6-b4cb-4f4a-901a-a42801a351c4", "market_name": "San Diego-Carlsbad-San Marcos, CA", "submarket_name": "north east valley ", "neighborhood_name": "escondido "}, "geometry": {"type": "Polygon", "coordinates": [[[-117.067991297, 33.06817029], [-234.130846847, 66.137902405], [-351.1891544, 99.211197928], [-468.234720185, 132.283212171], [-585.271621568, 165.357788956], [-702.305464927, 198.437490602], [-819.334721249, 231.52231681], [-936.356842181, 264.610132208], [-1053.377434101, 297.706487589], [-1170.396497009, 330.812983122], [-1287.41046321, 363.934419904], [-1404.430290624, 397.074636366], [-1521.456488922, 430.225948022], [-1638.487019421, 463.386433491], [-1755.527743334, 496.546065622], [-1872.571270436, 529.701430941], [-1989.6249909530002, 562.861489742], [-2106.6753986100002, 596.028374977], [-2223.7334513280002, 629.195686846], [-2340.7927782230004, 662.3659850979999], [-2457.8582211660005, 695.5364966589999], [-2574.9295253230007, 728.705301732], [-2692.0066906930006, 761.898207868], [-2809.0836640190005, 795.101589117], [-2926.1680275700005, 828.305823277], [-3043.2582523340006, 861.5119764579999], [-3160.3538286410007, 894.6968048269999], [-3277.4626563870006, 927.8824862879999], [-3394.5826968880006, 961.0792571909999], [-3511.7085986030006, 994.2760407249999], [-3628.8309326230005, 1027.466853237], [-3745.9457724520007, 1060.642885696], [-3863.053326021001, 1093.808956571], [-3980.158529698001, 1126.9715594709999], [-4097.263025243001, 1160.0987975599999], [-4214.3617403650005, 1193.214106753], [-4331.464260935, 1226.325710651], [-4448.567737138001, 1259.434913073], [-4565.673506859001, 1292.536751189], [-4682.784691832, 1325.632984849], [-4799.898743703, 1358.722760089], [-4917.007985556, 1391.8105870900001], [-5034.112417392, 1424.892622622], [-5151.209236021, 1457.9695069640002], [-5268.2999545289995, 1491.043602054], [-5385.385835147, 1524.119348761], [-5502.467387545, 1557.1946116830002], [-5619.545758483, 1590.2692840360003], [-5736.6204382900005, 1623.3399491220002], [-5853.688429587, 1656.4081194120001]]]}}, {"type": "Feature", "properties": {"name": "Riverwalk San Antonion", "__uuid": "0d342ff2-55fd-4d88-82b3-6b7ab0657c02", "market_name": "San Antonio-New Braunfels, TX", "submarket_name": "Downtown San Antonio", "neighborhood_name": "Riverwalk San Antonion"}, "geometry": {"type": "Polygon", "coordinates": [[[-98.632336146, 29.583400549], [-197.30866868200002, 59.126831771], [-296.020317008, 88.594475038], [-394.679050988, 117.831234891], [-493.20481809999995, 147.048370469], [-591.54286728, 176.298779774], [-689.784124401, 205.666839961], [-788.091864957, 235.042568319], [-886.383962352, 264.559628139], [-984.744804701, 294.160027001], [-1083.377140847, 323.74342755]]]}}, {"type": "Feature", "properties": {"name": "Hendersonville", "__uuid": "0e403f49-ca27-4584-a4eb-d41e37eaab90", "market_name": "Nashville-Davidson--Murfreesboro--Franklin, TN", "submarket_name": "NE Nashville", "neighborhood_name": "Hendersonville"}, "geometry": {"type": "Polygon", "coordinates": [[[-86.685218811, 36.329785681], [-173.335578481, 72.62630576999999], [-259.97099702, 108.88070881399999], [-346.59641181300003, 145.13138674599998], [-433.182410348, 181.38258190099998], [-519.747107698, 217.654032966], [-606.3063270580001, 253.94674706499998], [-692.862113191, 290.26657494799997], [-779.400046541, 326.58750931599997], [-865.9029609700001, 362.99967455699993], [-952.592299654, 399.41128720599994], [-1039.277518465, 435.7410728869999]]]}}, {"type": "Feature", "properties": {"name": "Riverside", "__uuid": "0ec8d60e-bcbc-4120-9faa-6ea4ec9cdc20", "market_name": "Austin-Round Rock-San Marcos, TX", "submarket_name": "Austin", "neighborhood_name": "Riverside"}, "geometry": {"type": "Polygon", "coordinates": [[[-97.734718323, 30.25017039], [-195.485572815, 60.468008911], [-293.194541931, 90.680655545], [-390.877590179, 120.90398233399999], [-488.559905777, 151.129599059], [-586.25076984, 181.3753631], [-683.9638640349999, 211.62466602799998], [-781.698582358, 241.87483641799997]]]}}, {"type": "Feature", "properties": {"name": "poway", "__uuid": "0f2f9f29-e291-4fe1-a045-68d138db20b2", "market_name": "San Diego-Carlsbad-San Marcos, CA", "submarket_name": "north sd valley ", "neighborhood_name": "poway "}, "geometry": {"type": "Polygon", "coordinates": [[[-117.019230572, 33.100106827], [-234.039914509, 66.18794095199999], [-351.068883035, 99.271938247], [-468.105091045, 132.344858444], [-585.150550059, 165.415019188], [-702.208029432, 198.487061836], [-819.274779627, 231.55435911200001], [-936.351377593, 264.568061907], [-1053.443823601, 297.532425145], [-1170.560982054, 330.489979374], [-1287.68664594, 363.44346428299997], [-1404.829658158, 396.39630080399996], [-1521.981533028, 429.354813268], [-1639.150515858, 462.320311196], [-1756.329729146, 495.284500918], [-1873.517813479, 528.238809712], [-1990.7225371210002, 561.1866188470001], [-2107.9460565960003, 594.125271296], [-2225.192758381, 627.054948673], [-2342.4551141760003, 659.993150422], [-2459.717624746, 692.909924536], [-2576.970185572, 725.797284312], [-2694.22647933, 758.665955308], [-2811.489838793, 791.51600143], [-2928.737688015, 824.368666793], [-3045.970950114, 857.206889919], [-3163.200899601, 890.033230669], [-3280.407838509, 922.810989295], [-3397.590942263, 955.572391306], [-3514.7542158150004, 988.334743733], [-3631.8951205890003, 1021.105420576], [-3749.024840974, 1053.878707269], [-3866.143376969, 1086.657708527], [-3983.2416309560003, 1119.437592512], [-4100.320976478, 1152.2177283820001], [-4217.3855907160005, 1184.9974578580002], [-4334.427135465001, 1217.7709388150001], [-4451.459668926001, 1250.5457886200002], [-4568.483191098001, 1283.317138607], [-4685.494467717001, 1316.092562707], [-4802.500779644, 1348.870705426], [-4919.507685682001, 1381.6519562370001], [-5036.516437957001, 1414.443295856], [-5153.524267114, 1447.2509303640002], [-5270.5284037970005, 1480.0864920170002], [-5387.548233495, 1512.9205023920001], [-5504.576977283, 1545.766691323], [-5621.618298561, 1578.618017767], [-5738.68419787, 1611.472930739], [-5855.7737520910005, 1644.314756486], [-5972.892499935, 1677.157454971], [-6089.997631781001, 1710.031752561], [-6207.108071559001, 1742.9217483700002], [-6324.180663477001, 1775.8218207430002], [-6441.243562651001, 1808.7263493450002], [-6558.312462095001, 1841.6361092010002], [-6675.3721303540015, 1874.5509065820002], [-6792.375949942001, 1907.4680274180002], [-6909.376769395001, 1940.4016141920004], [-7026.345510479001, 1973.3555375680003], [-7143.317020919001, 2006.3326957810002], [-7260.294993189001, 2039.3230176880002], [-7377.251733733001, 2072.3195335960004], [-7494.203858684001, 2105.3307585130005], [-7611.053517479001, 2138.3230162210007], [-7727.865789974001, 2171.3551391090004], [-7844.704371347001, 2204.4259490270006], [-7961.607571016001, 2237.516481668001], [-8078.568004034001, 2270.6112690740006], [-8195.557053726001, 2303.6998693860005], [-8312.56068188, 2336.7968540490006], [-8429.579912452, 2369.896960876001]]]}}, {"type": "Feature", "properties": {"name": "Massapequa ", "__uuid": "0fee5ec2-56ac-4912-ae27-64cb13c11f2b", "market_name": "New York-Northern New Jersey-Long Island, NY-NJ-PA", "submarket_name": "Nassau_county", "neighborhood_name": "Massapequa "}, "geometry": {"type": "Polygon", "coordinates": [[[-73.520679474, 40.697429156], [-147.03689575200002, 81.38639819400001], [-220.550193787, 122.07250356400002], [-294.064865113, 162.74402835200002], [-367.580738068, 203.410996054], [-441.090774537, 244.07340635900002], [-514.6002960210001, 284.712634225], [-588.1068992620001, 325.303257042], [-661.5072441110001, 365.913039422], [-734.9269866950001, 406.599665468], [-808.3530807500001, 447.296574033], [-881.7817497260002, 488.003243014], [-955.2390861520001, 528.709131214], [-1028.7106704720002, 569.414629021], [-1102.1922111520003, 610.116873457], [-1175.6807899480002, 650.818206921], [-1249.2014694220002, 691.515636077]]]}}, {"type": "Feature", "properties": {"name": "Godfrey", "__uuid": "0ffaf6e6-879c-40a2-ba9a-2fdd7fbdc803", "market_name": "St. Louis, MO-IL", "submarket_name": "North St. Louis", "neighborhood_name": "Godfrey"}, "geometry": {"type": "Polygon", "coordinates": [[[-90.194746764, 38.976209291], [-180.484930311, 77.913224117], [-270.827332855, 116.836340345], [-361.177520039, 155.737257775], [-451.52354190200003, 194.608022437], [-541.8654753210001, 233.46245630599998], [-632.2365507190001, 272.285564805], [-722.6436675340001, 311.11217135699997], [-813.0803092860001, 349.93994831699996], [-903.5534637860001, 388.74997503699996], [-993.9958204420001, 427.54574545199995], [-1084.323142981, 466.27434196999997], [-1174.510923968, 504.951800307], [-1264.685382345, 543.6635420389999], [-1354.8046135440002, 582.430185245], [-1444.8432594970002, 621.191888468], [-1534.883350988, 659.988869108], [-1624.9218666220002, 698.817556544], [-1714.964621729, 737.663389667], [-1805.043293888, 776.593690601], [-1895.1491606690001, 815.529667212], [-1985.2656399850002, 854.46796556], [-2075.39140527, 893.413486603], [-2165.5310995070004, 932.361329071], [-2255.6827328460004, 971.310461186], [-2345.8453103620004, 1010.265783282], [-2436.0098777280004, 1049.227036936], [-2526.1800830040006, 1088.191900861], [-2616.3579160400004, 1127.155733299], [-2706.5437084770006, 1166.1234337360002], [-2796.7384552410003, 1205.0996430270002]]]}}, {"type": "Feature", "properties": {"name": "west goshen ", "__uuid": "105b3879-8d8b-4ab9-a569-2567daa8d59f", "market_name": "Philadelphia-Camden-Wilmington, PA-NJ-DE-MD", "submarket_name": "north west philly ", "neighborhood_name": "west goshen "}, "geometry": {"type": "Polygon", "coordinates": [[[-75.916878165, 39.88950215], [-151.716239437, 79.731769632], [-227.42005287900002, 119.53107040699999], [-303.111863957, 159.340057267], [-378.78481179000005, 199.155211743], [-454.40837320900005, 238.988150635], [-529.957785973, 278.829140289], [-605.438259909, 318.65981888600004], [-680.8629633989999, 358.464986371], [-756.262495793, 398.279093291], [-831.6366770029999, 438.111965146], [-907.0226192979999, 477.957054547], [-982.3886262749999, 517.891319617], [-1057.730777048, 557.8662121030001], [-1133.097117073, 597.894543071], [-1208.4235832049999, 637.961124777], [-1283.82292373, 678.045469995], [-1359.250544814, 718.16099256], [-1434.705755382, 758.2955309419999], [-1510.207905546, 798.4310590429999], [-1585.754917213, 838.5668996839998], [-1661.410228189, 878.6281588819999], [-1737.135522721, 918.6396479839999], [-1812.924049001, 958.6466877589999], [-1888.745469204, 998.6487594619998], [-1964.6562639590002, 1038.6308359589998], [-2040.5731421240002, 1078.5203381089998]]]}}, {"type": "Feature", "properties": {"name": "lakeville", "__uuid": "10bc7854-fe6b-4f98-be8e-c93578ab7c03", "market_name": "Boston-Cambridge-Quincy, MA-NH", "submarket_name": "north new bedford", "neighborhood_name": "lakeville"}, "geometry": {"type": "Polygon", "coordinates": [[[-70.732160954, 41.783929461], [-141.50429566399998, 83.59180657], [-212.29884756999996, 125.406382811], [-283.130322436, 167.247100307], [-353.989273776, 209.095925388], [-424.881616128, 250.965890961], [-495.793831297, 292.845012979], [-566.756506381, 334.746077813], [-637.75532523, 376.670076989], [-708.774291199, 418.614449324], [-779.8129695810001, 460.522097454], [-850.856819961, 502.425054935], [-921.9128574490001, 544.296705567], [-992.9229052420001, 586.138461922], [-1063.9078677470002, 627.967758204], [-1134.87527055, 669.785838346], [-1205.835147766, 711.582103704], [-1276.796697335, 753.341578754], [-1347.7540660230002, 795.0817148460001], [-1418.692202656, 836.7987613290001], [-1489.638701052, 878.495207377], [-1560.581854743, 920.16417591], [-1631.536953072, 961.8147335900001], [-1702.461710885, 1003.468084671], [-1773.367236643, 1045.120810975], [-1844.2568750520002, 1086.779784775], [-1915.1272814070003, 1128.440632705], [-1985.9592236530002, 1170.1102258570002], [-2056.768589139, 1211.795432521], [-2127.5637396290003, 1253.5056129260001], [-2198.3388218880004, 1295.2276524600002], [-2269.0996891500004, 1336.9709081330002], [-2339.843832887, 1378.731630658], [-2410.5871404470004, 1420.502955738], [-2481.3193014010003, 1462.2868851990002]]]}}, {"type": "Feature", "properties": {"name": "Hialeah", "__uuid": "1268b264-0cda-44ea-885a-f8bc95e7af0d", "market_name": "Miami-Fort Lauderdale-Pompano Beach, FL", "submarket_name": "central miami", "neighborhood_name": "Hialeah"}, "geometry": {"type": "Polygon", "coordinates": [[[-80.483832687, 25.891381968], [-160.965252239, 51.703408413000005], [-241.405230574, 77.514954981], [-321.794229298, 103.326197522], [-402.178018675, 129.142584353], [-482.42201688499995, 154.959506164], [-562.5904409569999, 180.776424336], [-642.759982546, 206.643365388], [-722.923555407, 232.512174243], [-803.085922291, 258.390006926], [-883.2412274, 284.27245052800004], [-963.391163903, 310.16253135100004], [-1043.528409511, 336.065416587], [-1123.6579596020001, 361.97048931], [-1203.7853709130002, 387.88929341200003], [-1283.9150234540002, 413.81149670400004], [-1364.0456424070003, 439.74228191900005], [-1444.4986069800002, 465.66813343700005], [-1524.982439667, 491.55951540500007]]]}}, {"type": "Feature", "properties": {"name": "Bellevue", "__uuid": "1278a5c6-68c4-4011-8bc0-e34bc8482be0", "market_name": "Nashville-Davidson--Murfreesboro--Franklin, TN", "submarket_name": "W Nashville", "neighborhood_name": "Bellevue"}, "geometry": {"type": "Polygon", "coordinates": [[[-86.941680908, 36.15173687], [-173.886008372, 72.35150103800001], [-260.840691215, 108.55690141800001], [-347.827409925, 144.76586552100002], [-434.897532209, 181.01774476900002], [-521.978602155, 217.29302360100002], [-609.1489024379999, 253.61012030100002], [-696.328849337, 289.696406313], [-783.562354586, 325.737177404], [-870.8288188189999, 361.76184545300003], [-958.0636973589999, 397.732071972], [-1045.2408976759998, 433.657828572], [-1132.1695323199997, 469.715809619], [-1219.0700239129997, 505.766602582], [-1305.9766858999997, 541.831244537], [-1392.8641218129997, 577.913646157], [-1479.7879499379997, 614.0271175390001], [-1566.6906925689996, 650.1619177210001], [-1653.6160154359995, 686.2986147710001], [-1740.5576963439996, 722.4503516410001]]]}}, {"type": "Feature", "properties": {"name": "marlboro", "__uuid": "139c76f5-05ec-41d9-aaaa-02ce51dc3de9", "market_name": "New York-Northern New Jersey-Long Island, NY-NJ-PA", "submarket_name": "south_nj", "neighborhood_name": "marlboro"}, "geometry": {"type": "Polygon", "coordinates": [[[-74.699642656, 40.325113518], [-149.375620755, 80.627886249], [-223.967082582, 120.817983372], [-298.39401939799995, 160.976222123], [-372.73418617399994, 201.13187710800003], [-446.96955277199993, 241.29786657000002], [-521.0911041229999, 281.46816159900004], [-595.1022208779999, 321.63156758900004], [-669.0164256399999, 361.94551163700004], [-743.0016240709998, 402.438802365], [-817.0972570989998, 442.895233062], [-891.2695182139997, 483.360237665], [-965.4699514199997, 523.811523493], [-1039.6996835999996, 564.27224128], [-1113.9643491729996, 604.760389963], [-1188.2560599529995, 645.26139302], [-1262.5510399569996, 685.7695122490001], [-1336.9040069539997, 726.244732128], [-1411.2707803779997, 766.715400827], [-1485.6407753019996, 807.1937713420001], [-1560.0185938679997, 847.6710916610001], [-1634.4051565039997, 888.1554129740001], [-1708.8009234239996, 928.6404343460001], [-1783.2132580569996, 969.1307059290001], [-1857.6503368259996, 1009.6145692730001], [-1932.1054457329997, 1050.1147154490002], [-2006.8050883889996, 1090.4398289670003]]]}}, {"type": "Feature", "properties": {"name": "Corrales", "__uuid": "13b299db-b33d-4050-bc1c-198e7d76d934", "market_name": "Albuquerque, NM ", "submarket_name": "Sandia Village", "neighborhood_name": "Corrales"}, "geometry": {"type": "Polygon", "coordinates": [[[-106.547813416, 35.289347632], [-213.126869202, 70.58710189199999], [-319.717254639, 105.88793836299999], [-426.335296806, 141.163164623], [-532.974777397, 176.42196082499999], [-639.626666425, 211.67227004299997], [-746.2831582430001, 246.911806884], [-852.9457256510001, 282.126599058], [-959.5974821300001, 317.335416465], [-1066.241425917, 352.54149138699995], [-1172.877108214, 387.7533521], [-1279.506632445, 422.96952523899995], [-1386.109377501, 458.19355167699996], [-1492.695986388, 493.43300202699993], [-1599.2657724599999, 528.671330737], [-1705.8300653679999, 563.932369637], [-1812.3850885609997, 599.210226799], [-1918.9329019769998, 634.499574431]]]}}, {"type": "Feature", "properties": {"name": "Glendale", "__uuid": "14b84ef7-c140-4f21-87a1-70f22a381757", "market_name": "Los Angeles-Long Beach-Santa Ana, CA", "submarket_name": "Valley", "neighborhood_name": "Glendale"}, "geometry": {"type": "Polygon", "coordinates": [[[-118.279838562, 34.151022275], [-236.54594421399997, 68.263963832], [-354.79930648, 102.368793131], [-473.022238831, 136.451586419], [-591.2421207369999, 170.536366461], [-709.454980644, 204.622884287], [-827.650018486, 238.70853359], [-945.8316667400001, 272.795604582], [-1064.001985344, 306.886087529], [-1182.160287651, 340.982541068], [-1300.315843376, 375.085817625], [-1418.465562614, 409.19079985], [-1536.6049821699999, 443.296350624], [-1654.7245259939998, 477.41225800200004], [-1772.8313298879998, 511.53457923900004], [-1890.9412236869998, 545.687874447], [-2009.0324936539998, 579.840935896], [-2127.102562013, 613.990253431], [-2245.161644044, 648.1651384500001], [-2363.303123536, 682.3735335490001], [-2481.47721869, 716.5756820160001], [-2599.705902162, 750.766471784], [-2717.9812775279997, 784.947889474], [-2836.2611160899996, 819.0989117490001]]]}}, {"type": "Feature", "properties": {"fill": "#555555", "name": "Oyster_bay", "__uuid": "156cb43b-f9f9-40fb-9008-28af94b54ed3", "stroke": "#555555", "market_name": "New York-Northern New Jersey-Long Island, NY-NJ-PA", "fill-opacity": "0.5", "stroke-width": "2", "stroke-opacity": "1", "submarket_name": "Nassau_county", "neighborhood_name": "Oyster_bay"}, "geometry": {"type": "Polygon", "coordinates": [[[-73.650627136, 40.831735737], [-147.244606018, 81.634630809], [-220.800132751, 122.428429377], [-294.354286193, 163.21235033], [-367.889900207, 203.99783100399998], [-441.413841247, 244.78773068899997], [-514.920616149, 285.585168008], [-588.414001464, 326.38572409799997], [-661.883697509, 367.18498071799996], [-735.3362274159999, 407.99125417399995], [-808.798713683, 448.84792307699996], [-882.3095191909999, 489.77950762899997], [-955.9721626239999, 530.6821224629999], [-1029.631372829, 571.5354155489999], [-1103.2819999649998, 612.367151286]]]}}, {"type": "Feature", "properties": {"name": "Whites Creek", "__uuid": "17171ba3-c03b-45af-8a78-f71e397e94c9", "market_name": "Nashville-Davidson--Murfreesboro--Franklin, TN", "submarket_name": "NW Nashville", "neighborhood_name": "Whites Creek"}, "geometry": {"type": "Polygon", "coordinates": [[[-86.991119385, 36.212147222], [-173.941726685, 72.419031175], [-260.883750916, 108.619266282], [-347.825775147, 144.805093619], [-434.766082764, 180.958493783], [-521.690940857, 217.096923035], [-608.593139649, 253.232856857], [-695.486412049, 289.37627673], [-782.375564576, 325.532448972], [-869.268836976, 361.697491203], [-956.174125672, 397.87389664200003], [-1043.08834076, 434.065542821], [-1130.0018692019999, 470.266609064], [-1216.903038025, 506.474601103], [-1303.7928771969998, 542.681485056], [-1390.6700134269997, 578.8811660670001], [-1477.5358200069998, 615.0669934040001], [-1564.3985366819998, 651.2558687600001], [-1651.2722396849997, 687.4644148360001], [-1738.1445693969997, 723.688749321], [-1825.0048828129998, 759.917792013], [-1911.8504333499998, 796.1473885930001], [-1998.6362457279997, 832.3872313950001], [-2085.419967806, 868.6377915380001], [-2172.20784012, 904.8970154110001], [-2259.0152818310003, 941.1817042360001], [-2345.8251268020003, 977.4849329620001], [-2432.6823503130004, 1013.7704520260002], [-2519.555709993, 1050.049882465], [-2606.4469224560003, 1086.312151497], [-2693.343284761, 1122.586599981], [-2780.3096849070002, 1158.8510836], [-2867.300804292, 1195.0632308220002]]]}}, {"type": "Feature", "properties": {"name": "bountiful", "__uuid": "17733c36-2362-4f3d-bd38-8b9dae804f73", "market_name": "Ogden-Clearfield, UT", "submarket_name": "north salt lake ", "neighborhood_name": "bountiful "}, "geometry": {"type": "Polygon", "coordinates": [[[-111.915219927, 40.835060876], [-223.80985976699998, 81.66189516200001], [-335.683531216, 122.489023272], [-447.556814361, 163.323202776], [-559.410099874, 204.158116757], [-671.263385387, 245.013886489], [-783.107351615, 285.869949917], [-894.950152933, 326.766530918], [-1006.8030501420001, 367.66340543399997], [-1118.6559473510001, 408.56292152699996], [-1230.5185521490002, 449.46595955899994], [-1342.3811569470004, 490.38655472499994], [-1454.2488096910004, 531.308616921], [-1566.1164624350004, 572.2567867939999], [-1677.9879982140003, 613.2052499539999], [-1789.8649702430002, 654.152833251], [-1901.7566978060001, 695.1001232579999], [-2013.6507551900002, 736.032453749], [-2125.5490839130002, 776.9609704879999], [-2237.450519065, 817.8789249189999], [-2349.361661805, 858.7921844489999], [-2461.279794009, 899.6981075289999], [-2573.207245498, 940.5981608619999], [-2685.1423220069996, 981.4899505849999], [-2797.0799224889997, 1022.3717592979999], [-2909.0181054259997, 1063.242998241], [-3020.9621129159996, 1104.105427753], [-3132.9055379509996, 1144.957871827], [-3244.8487688339997, 1185.800622712], [-3356.789864048, 1226.6366169], [-3468.7317358689997, 1267.470407669], [-3580.6747726, 1308.302876351], [-3692.6114023229998, 1349.136960913], [-3804.5371595469996, 1389.971045475], [-3916.456121459, 1430.805130037], [-4028.371341386, 1471.640190913]]]}}, {"type": "Feature", "properties": {"name": "grafton", "__uuid": "17b7f358-278c-4805-91aa-ed63099d745e", "market_name": "Worcester, MA", "submarket_name": "east auburn", "neighborhood_name": "grafton "}, "geometry": {"type": "Polygon", "coordinates": [[[-71.65397988, 42.155128398], [-143.293214343, 84.304693792], [-214.867046277, 126.459870814], [-286.405354813, 168.653008092], [-357.95126714799994, 210.867088103], [-429.5007639649999, 253.102121061], [-501.0663301529999, 295.392617202], [-572.648597326, 337.680546568], [-644.259894509, 379.962463632], [-715.927400252, 422.245325664], [-787.604541136, 464.525989003], [-859.3153449619999, 506.801863785], [-931.0257503849999, 549.0523726700001], [-1002.755132219, 591.2997861450001], [-1074.498597087, 633.5419369220001], [-1146.254608714, 675.7708936240001], [-1218.035153695, 717.9892584530002], [-1289.814658546, 760.2006001560002], [-1361.537170329, 802.3507311640002], [-1433.227101371, 844.5041938090002], [-1504.8810812509998, 886.6593222070002]]]}}, {"type": "Feature", "properties": {"name": "south aurora", "__uuid": "192fea01-4fb7-4c02-b5cf-8b573c4db219", "market_name": "Denver-Aurora-Broomfield, CO", "submarket_name": "ne centennial ", "neighborhood_name": "south aurora"}, "geometry": {"type": "Polygon", "coordinates": [[[-104.91285132, 39.715332361], [-209.825797786, 79.41689498299999], [-314.720699943, 119.11114854299998], [-419.613749411, 158.80531249199998], [-524.456904359, 198.46359677299998], [-629.2884760779999, 238.11742215199996], [-734.1161060079999, 277.76381798399996], [-838.9400754189999, 317.40386178299997], [-943.7497677059998, 357.01506537399996], [-1048.5422641469997, 396.59304027499996], [-1153.3193349539997, 436.14476516999997], [-1257.9992327809998, 475.710900447], [-1362.6600022599998, 515.276850221], [-1467.3198617639998, 554.859859838], [-1571.9902657919997, 594.457258194], [-1676.6805872539996, 634.0664886440001], [-1781.3783934889996, 673.7024805630001], [-1886.0929460539996, 713.3898805300001], [-1990.8183381759995, 753.0922429060001], [-2095.5733911309994, 792.8176111430001], [-2200.3981733099995, 832.5418896950001], [-2305.2947398129995, 872.2581135190001], [-2410.2075911329994, 911.9734458800001]]]}}, {"type": "Feature", "properties": {"name": "highway city ", "__uuid": "197057d2-1850-4e02-a87d-0c5d58fb9f82", "market_name": "Fresno, CA", "submarket_name": "north fresno ", "neighborhood_name": "highway city "}, "geometry": {"type": "Polygon", "coordinates": [[[-119.776382446, 36.75539006], [-239.55190658499998, 73.5173815], [-359.328975677, 110.282810934], [-479.110507965, 147.050990652], [-598.895301819, 183.822883097], [-718.680095673, 220.59793809399997], [-838.464889527, 257.37684297699997], [-958.249511719, 294.16097239699997], [-1078.034305573, 330.95651206699995], [-1197.819614411, 367.75452602499996], [-1317.604923249, 404.55666361799996], [-1437.390060426, 441.3642990459999], [-1557.175197603, 478.1771570519999], [-1676.960506441, 514.997298585], [-1796.745815279, 551.825409976], [-1916.530952456, 588.6628642799999], [-2036.321411135, 625.5003185839998], [-2156.129894259, 662.3374981129998], [-2275.993652346, 699.1748150299998], [-2395.883502962, 736.0118571709997], [-2515.794467928, 772.8488993119997], [-2635.709381105, 809.6842927779998], [-2755.626697542, 846.5168009759998], [-2875.530967714, 883.3384540969998], [-2995.422534944, 920.1499377749999], [-3115.3017425549997, 956.9530375179999], [-3235.173397065, 993.7507765589999], [-3355.0393867499997, 1030.544804125], [-3474.902629853, 1067.33704462], [-3594.7627830509996, 1104.1277729459998], [-3714.6207046509994, 1140.917538967], [-3834.4707298279995, 1177.700293544], [-3954.3164634709997, 1214.479060935], [-4074.1561889649997, 1251.252465921], [-4193.991622924999, 1288.01872045], [-4313.823623656999, 1324.779886749], [-4433.652534484999, 1361.535964479], [-4553.477325439999, 1398.285577865], [-4673.299556666999, 1435.032274998], [-4793.118339472999, 1471.775010825], [-4912.933768240999, 1508.516031866], [-5032.730921713999, 1545.266470518], [-5152.5241269749995, 1582.018215823], [-5272.308920828999, 1618.771611604], [-5392.089852302, 1655.525488768], [-5511.86618208, 1692.280083238], [-5631.642564526, 1729.0354732980002]]]}}, {"type": "Feature", "properties": {"name": "Grand Prairie", "__uuid": "197c1bc6-b23e-49a6-b2e6-32064cb75683", "market_name": "Dallas-Fort Worth-Arlington, TX", "submarket_name": "Central DFW", "neighborhood_name": "Grand Prairie"}, "geometry": {"type": "Polygon", "coordinates": [[[-97.019577026, 32.836039102], [-194.080352783, 65.673808999], [-291.142941929, 98.34748964100001], [-388.199218228, 130.978031705], [-485.173819974, 163.618562995], [-582.1223291900001, 196.292045858], [-679.0442673860001, 229.013637376], [-775.9673707190001, 261.826884534], [-872.9869477450001, 294.66292363599996]]]}}, {"type": "Feature", "properties": {"name": "Lancaster", "__uuid": "1a37125e-3ccb-4734-aab6-716cde0826e2", "market_name": "Los Angeles-Long Beach-Santa Ana, CA", "submarket_name": "North_LA", "neighborhood_name": "Lancaster"}, "geometry": {"type": "Polygon", "coordinates": [[[-118.329620361, 34.822822727], [-236.79107666, 69.37124084300001], [-355.16052246099997, 103.86647993600002], [-473.50112915, 138.226922575], [-591.3954162590001, 172.608901916], [-709.2979431140001, 207.42383271300002], [-827.6275634750001, 242.24665544000004]]]}}, {"type": "Feature", "properties": {"name": "newark", "__uuid": "1a3a78a7-aac5-4901-80ba-783c13e41334", "market_name": "New York-Northern New Jersey-Long Island, NY-NJ-PA", "submarket_name": "northeast_nj", "neighborhood_name": "newark"}, "geometry": {"type": "Polygon", "coordinates": [[[-74.27839955, 40.679072958], [-148.56004848, 81.35216106499999], [-222.848405778, 122.011408897], [-297.059010046, 162.654627934], [-371.258160942, 203.29158945199998], [-445.442880589, 243.93880604199998], [-519.621851142, 284.585502642], [-593.797762092, 325.232285221], [-667.9664632639999, 365.878221194], [-742.135164436, 406.524136502], [-816.298921661, 447.16945709699996], [-890.449052123, 487.813545188], [-964.571007289, 528.458502321], [-1038.671430115, 569.106587912], [-1112.747113657, 609.7579756060001], [-1186.790040554, 650.4463704230001], [-1260.8137257859998, 691.172099018], [-1334.864352419, 731.901120123], [-1408.930665093, 772.6391218680001], [-1483.009178021, 813.37606713], [-1557.098496888, 854.117502329], [-1631.221976467, 894.867652423], [-1705.381011072, 935.61304908], [-1779.5658405000001, 976.362671031], [-1853.7754190150001, 1017.121270841], [-1927.989529053, 1057.864818847], [-2002.224553812, 1098.584329718], [-2076.4658529870003, 1139.301198616], [-2150.7127294210004, 1180.006705835], [-2224.9623487530002, 1220.7093609170001], [-2299.215217465, 1261.4099045070002], [-2373.47226395, 1302.1086884690003], [-2447.733488209, 1342.8032491360002], [-2522.002603818, 1383.4928822860002], [-2596.281003368, 1424.1719552440002]]]}}, {"type": "Feature", "properties": {"name": "Kingwood Area", "__uuid": "1aaf25d2-b850-406a-af46-3fc064fdd7a1", "market_name": "Houston-Sugar Land-Baytown, TX", "submarket_name": "North East Outskirts", "neighborhood_name": "Kingwood Area"}, "geometry": {"type": "Polygon", "coordinates": [[[-95.226745605, 30.130875412], [-190.52161592200002, 60.071992929000004], [-285.79732667, 90.013266568], [-381.00965272, 119.949756816], [-476.206185923, 149.876130995], [-571.079995737, 179.854859588], [-665.948999033, 209.908502158], [-760.9058929539999, 240.091030446], [-856.0495544529999, 270.348911454], [-951.276300058, 300.47978686600004]]]}}, {"type": "Feature", "properties": {"name": "La_Plata", "__uuid": "1ad0c619-d5a6-4763-b04e-60cd2fb8f947", "market_name": "Washington-Arlington-Alexandria, DC-VA-MD-WV", "submarket_name": "South_Maryland", "neighborhood_name": "La_Plata "}, "geometry": {"type": "Polygon", "coordinates": [[[-77.038497936, 38.706830003], [-154.128051049, 77.402460034], [-231.263073103, 116.069076142], [-308.378296547, 154.702491849], [-385.565630286, 193.305074466], [-462.814658487, 231.85393816700002], [-540.0932474479999, 270.33813400500003], [-617.359727929, 308.72694068000004], [-694.5694589579999, 347.077176482], [-771.599574472, 385.51596451800003], [-848.600019927, 423.91413636000004], [-925.579116765, 462.24814003500006], [-1002.507578948, 500.5356352040001], [-1079.3425851729999, 538.7792856560001], [-1156.171351042, 577.1134017060001], [-1232.886133757, 615.4345899710002], [-1309.402656321, 653.8131455030001], [-1386.098209726, 692.3104950320001], [-1463.0225287140001, 730.930124908], [-1539.9514926230001, 769.549698312], [-1616.989990559, 808.2565283150001]]]}}, {"type": "Feature", "properties": {"name": "Fayetteville", "__uuid": "1b231b37-9eb7-4275-ada5-73bf4fac1590", "market_name": "Atlanta-Sandy Springs-Marietta, GA", "submarket_name": "Peachtree City", "neighborhood_name": "Fayetteville"}, "geometry": {"type": "Polygon", "coordinates": [[[-84.563232453, 33.574874364], [-169.456414762, 67.046800789], [-254.19893076800003, 100.269296337], [-338.488772636, 133.474863413], [-422.774090622, 166.75188307300002], [-507.07034068900003, 200.12235059900001], [-591.428372126, 233.660935222], [-675.801442624, 267.197144794], [-760.2239316749999, 300.746582673], [-844.7148598389999, 334.29733198099996], [-929.2308713839999, 367.856905651], [-1013.7556567439999, 401.430295634], [-1098.3188891969999, 435.005169998]]]}}, {"type": "Feature", "properties": {"name": "glendale ", "__uuid": "1b78da0e-cc4b-4cd3-a079-5417c6ad0e43", "market_name": "Phoenix-Mesa-Glendale, AZ", "submarket_name": "nw phoenix", "neighborhood_name": "glendale "}, "geometry": {"type": "Polygon", "coordinates": [[[-112.113292908, 33.551684036], [-224.462011638, 67.102485468], [-336.821969938, 100.659673265], [-449.240680536, 134.218138278], [-561.6599020240001, 167.719109868], [-674.0883195240001, 201.18130507], [-786.479952976, 234.642221634], [-898.862901306, 268.106121658], [-1011.2274576120001, 301.566185787], [-1123.5726001150001, 335.026676135], [-1235.884023907, 368.483756672], [-1348.178077455, 401.947656696], [-1460.453228089, 435.40942568800006], [-1572.637440383, 468.87289951], [-1684.779759734, 502.335094712], [-1796.911861294, 535.798568534], [-1909.021767905, 569.2611686399999], [-2021.13598833, 602.7365753309999], [-2133.249697866, 636.2456408999999], [-2245.361854279, 669.7559305129998], [-2357.475147187, 703.3076145489998]]]}}, {"type": "Feature", "properties": {"fill": "#555555", "name": "Manhattan", "__uuid": "1b960e62-269a-4256-93ea-98647be7181e", "stroke": "#555555", "market_name": "New York-Northern New Jersey-Long Island, NY-NJ-PA", "fill-opacity": "0.5", "stroke-width": "2", "stroke-opacity": "1", "submarket_name": "NYC", "neighborhood_name": "Manhattan"}, "geometry": {"type": "Polygon", "coordinates": [[[-74.017982483, 40.705107411], [-148.03630828899998, 81.403187301], [-222.01206207299998, 122.114020291], [-295.97865310599997, 162.838207861], [-369.942853729, 203.575535032], [-443.900302592, 244.327257858], [-517.840814184, 285.097174317], [-591.779405732, 325.877386958], [-665.701413809, 366.66049987099996], [-739.612855484, 407.45372482999994], [-813.546037247, 448.26779389999996], [-887.4809356229999, 489.10134799699995], [-961.400145019, 529.9602437829999], [-1035.309652675, 570.8317711519999], [-1109.239357485, 611.7100367639998], [-1183.1989751, 652.5339789629999], [-1257.185028567, 693.3215392089999], [-1331.192368045, 734.0794594179998], [-1405.2021107819999, 774.8311379339998], [-1479.2200932649998, 815.5362453449998]]]}}, {"type": "Feature", "properties": {"name": "EaDo - East End", "__uuid": "1c0d7886-6ec4-493d-9c38-6e8f835d7211", "market_name": "Houston-Sugar Land-Baytown, TX", "submarket_name": "East Houston", "neighborhood_name": "EaDo - East End"}, "geometry": {"type": "Polygon", "coordinates": [[[-95.342788696, 29.768251686], [-190.663653774, 59.487274853], [-285.95151083, 89.185169583], [-381.218606979, 118.89503626700001], [-476.48361789300003, 148.609077836], [-571.749195682, 178.324476005], [-667.0133634680001, 208.09987987], [-762.3056837190001, 237.87766768199998], [-857.6062437170001, 267.65187955299996], [-952.9280897250001, 297.426389424], [-1048.2708784210001, 327.19464110999996]]]}}, {"type": "Feature", "properties": {"name": "East Bethel", "__uuid": "1c779770-b6c3-4fa6-9f3d-98768acfa0e0", "market_name": "Minneapolis-St. Paul-Bloomington, MN-WI", "submarket_name": "North Minneapolis ", "neighborhood_name": "East Bethel "}, "geometry": {"type": "Polygon", "coordinates": [[[-93.34904632, 45.405223092], [-186.861071861, 90.77654223100001], [-280.238156575, 136.025176931], [-373.503947395, 181.17037408800002], [-466.730700075, 226.302903879], [-559.945879226, 271.429116196], [-653.146482621, 316.547371262], [-746.335064936, 361.663213094], [-839.52295296, 406.801960498], [-932.686682413, 451.961490846], [-1025.841048923, 497.239013228], [-1118.927099201, 542.643087119], [-1212.276145521, 588.0483102110001]]]}}, {"type": "Feature", "properties": {"name": "greenacres", "__uuid": "1ce80778-b18d-4c10-a274-2d5a70208c67", "market_name": "Bakersfield-Delano, CA", "submarket_name": "rosedale ", "neighborhood_name": "greenacres"}, "geometry": {"type": "Polygon", "coordinates": [[[-119.110225314, 35.412888261], [-238.22289304100002, 70.82610956299999], [-357.339528867, 106.24143292299999], [-476.46512266, 141.66035306999999], [-595.638117282, 177.079862148], [-714.8370911640001, 212.49971283099998], [-834.0358666410001, 247.85421607199999], [-953.2142064070001, 283.20871931299996], [-1072.385403595, 318.56597338899996], [-1191.5492598, 353.925492789], [-1310.703790972, 389.285012189], [-1429.8465873769999, 424.646973397], [-1548.9621017119998, 460.00935908400004], [-1668.0717933639999, 495.37939522500005], [-1787.1824770409999, 530.755902526], [-1906.2923670979999, 566.139042227], [-2025.402653965, 601.529945996], [-2144.513016165, 636.9352219760001], [-2263.62321618, 672.345205508], [-2382.733441494, 707.7580937690001]]]}}, {"type": "Feature", "properties": {"name": "reading", "__uuid": "1cf8ba28-1533-49d4-8eb9-9c3fb1cd8bd5", "market_name": "Boston-Cambridge-Quincy, MA-NH", "submarket_name": "north wakefield", "neighborhood_name": "reading "}, "geometry": {"type": "Polygon", "coordinates": [[[-71.001213705, 42.518741317], [-141.980293465, 85.082198459], [-212.99293114199997, 127.674572305], [-284.02691506099995, 170.28181553], [-355.103565105, 212.91570026699998], [-426.245264843, 255.60056830599999], [-497.38712865499997, 298.28799111499995], [-568.536222408, 340.96918495999995], [-639.709351427, 383.64420259499997], [-710.901477261, 426.308740275], [-782.0697665519999, 468.90321663099996], [-853.218777891, 511.47298401599994], [-924.356365258, 554.0259226689999], [-995.491810631, 596.5625541589999], [-1066.626542005, 639.0855053899999], [-1137.7455654179998, 681.5889833929998], [-1208.8586559209998, 724.0912463959999], [-1279.9648273659998, 766.5920924169999], [-1351.0595748399999, 809.0987286529999], [-1422.1457543349998, 851.6216798839998], [-1493.2166605469997, 894.1491837759999], [-1564.2621421429997, 936.6642411859998], [-1635.2919157779997, 979.1787723059998], [-1706.2931294829998, 1021.6975136229998]]]}}, {"type": "Feature", "properties": {"name": "westminster", "__uuid": "1d0a4baa-bb40-48cd-b952-0de4145c74cb", "market_name": "Baltimore-Towson, MD", "submarket_name": "north west outskirts ", "neighborhood_name": "westminster"}, "geometry": {"type": "Polygon", "coordinates": [[[-76.951652437, 39.308287897], [-153.86182608000001, 78.61175481800001], [-230.74485017300003, 117.91864162300001], [-307.60640718, 157.21673410300002], [-384.433869403, 196.51336075400002], [-461.237339, 235.81536195900003], [-538.031969208, 275.122248764], [-614.817760028, 314.43060118200003], [-691.600393923, 353.74774663700003], [-768.3754511999999, 393.06489209200004], [-845.145457397, 432.38594520800007], [-921.918620519, 471.71383620700004], [-998.687995332, 511.046122634], [-1075.45673876, 550.383292546], [-1152.2254821880001, 589.725833898], [-1229.007484698, 629.076187517], [-1305.805271831, 668.431423359], [-1382.598639269, 707.7891001849999], [-1459.383798704, 747.14824156], [-1536.1582245959999, 786.5156814669999], [-1612.925705254, 825.8836094929999], [-1689.684346523, 865.2515375189998], [-1766.433517019, 904.6204417709998], [-1843.1757422809999, 944.0010596739999], [-1919.9044372639999, 983.3899463149999], [-1996.6171890919998, 1022.7823888819999], [-2073.3169826669996, 1062.1781308099999], [-2150.006904351, 1101.574261626], [-2226.677132981, 1140.981357244], [-2303.335724345, 1180.398676813], [-2379.983390935, 1219.820894967], [-2456.663380903, 1259.296879389], [-2533.352796244, 1298.819431042], [-2610.049152475, 1338.3842528779999], [-2686.741975378, 1377.9987394359998], [-2763.47490832, 1417.719136499], [-2840.393309666, 1457.438825436], [-2917.48361288, 1497.058067317], [-2994.5638780279996, 1536.67150972], [-3071.6246944249997, 1576.27721873], [-3148.6585335219997, 1615.870359135], [-3225.661003665, 1655.440531775], [-3302.6760213889997, 1694.995227104], [-3379.6985676619997, 1734.530570936], [-3456.729897242, 1774.055269145], [-3533.7687553709998, 1813.569320099], [-3610.8239253559996, 1853.071754004], [-3687.8816048579997, 1892.561600581], [-3764.953086699, 1932.041763047], [-3842.029587573, 1971.512240054], [-3919.1224003029997, 2010.9616465309998], [-3996.220859445, 2050.403785829], [-4073.3274745149997, 2089.83865719], [-4150.435344343, 2129.264321408], [-4227.552624857, 2168.683685302], [-4304.679943436, 2208.097233006], [-4381.809771532, 2247.503994542], [-4458.947128177, 2286.900575587], [-4536.088249096, 2326.289883944], [-4613.231252152, 2365.668039372], [-4690.379274241, 2405.0350400899997], [-4767.5385891529995, 2444.399615635], [-4844.704805234999, 2483.759825657], [-4921.8521999449995, 2523.121490884], [-4998.987674452, 2562.4753946680003], [-5076.111856136, 2601.8292984520003], [-5153.210942657, 2641.1773805880002], [-5230.2899530469995, 2680.522551719], [-5307.335084967, 2719.8594743420003], [-5384.340064626, 2759.1823237340004], [-5461.333124082, 2798.503231768], [-5538.284776519, 2837.811519665]]]}}, {"type": "Feature", "properties": {"name": "west arenal ", "__uuid": "1d180a71-07fa-4bd2-8858-82ce0f722a68", "market_name": "Albuquerque, NM ", "submarket_name": "west abq", "neighborhood_name": "west arenal "}, "geometry": {"type": "Polygon", "coordinates": [[[-106.763564678, 35.076821542], [-213.552047344, 70.141951656], [-320.338470073, 105.204552645], [-427.127639385, 140.25338258], [-533.884536358, 175.309519894], [-640.639030071, 210.346263114], [-747.391807171, 245.370917831], [-854.142524334, 280.38629411200003], [-960.8853450739999, 315.399139728], [-1067.6168881899998, 350.424756934], [-1174.3476926329997, 385.455877817], [-1281.0750638489997, 420.494869864], [-1387.8020917419997, 455.538921544], [-1494.5239697939996, 490.593372598], [-1601.2482511049996, 525.660188751], [-1707.9708158019996, 560.7368394409999], [-1814.7019635679997, 595.8300656679999], [-1921.4655282459996, 630.9068872099998]]]}}, {"type": "Feature", "properties": {"name": "Long_beach", "__uuid": "1d5d9eaa-c2ac-4c3d-a3c6-a7563509cf53", "market_name": "Los Angeles-Long Beach-Santa Ana, CA", "submarket_name": "South_beach", "neighborhood_name": "Long_beach"}, "geometry": {"type": "Polygon", "coordinates": [[[-118.095598189, 33.739967661], [-236.185579268, 67.51454902500001], [-354.278650252, 101.29968881900001], [-472.39403721499997, 135.10137704700003], [-590.5324268019999, 168.90449171500003], [-708.6766528759999, 202.71045919000005], [-826.829462019, 236.51699721500006], [-944.994630781, 270.32924053100004], [-1063.1762790349999, 304.14319536100004], [-1181.381273237, 337.968844615], [-1299.592103925, 371.79477907800003], [-1417.810487714, 405.61928748300005], [-1536.059770551, 439.44379588800007], [-1654.3447589539999, 473.29853164800005], [-1772.638565395, 507.13400730300003], [-1890.940376613, 540.961653006], [-2009.255920741, 574.781597862], [-2127.646995875, 608.596978927], [-2246.0428775279997, 642.400949447], [-2364.4507754769998, 676.199214124], [-2482.858330103, 709.990916611], [-2601.2796176399997, 743.776056405], [-2719.7088016, 777.550067006], [-2838.1197894539996, 811.288968372], [-2956.5170443979996, 845.024158165], [-3074.8985064949998, 878.7647725100001], [-3193.272072169, 912.50138985], [-3311.588118399, 946.208918488], [-3429.844810905, 979.90779337], [-3548.024032486, 1013.6207877200001], [-3666.197493697, 1047.3776438520001], [-3784.314273788, 1081.114295756], [-3902.409871977, 1114.854263417]]]}}, {"type": "Feature", "properties": {"name": "barre", "__uuid": "1dcafd99-890f-4000-bd25-fe58d8e3fa2b", "market_name": "Worcester, MA", "submarket_name": "east quabbin ", "neighborhood_name": "barre"}, "geometry": {"type": "Polygon", "coordinates": [[[-72.202235097, 42.312344149], [-144.387618087, 84.623857499], [-216.546037706, 126.967763873], [-288.658394899, 169.322464215], [-360.71907229699997, 211.69127694899998], [-432.74716895399996, 254.06257977599998], [-504.794364666, 296.45960778399996], [-576.879758487, 338.85165754699995], [-648.970769677, 381.26029992299993], [-721.074139079, 423.68635981999995], [-793.207842274, 466.11241971699997], [-865.361767997, 508.55008860699996], [-937.524681511, 550.990244859], [-1009.6920889200001, 593.446152108], [-1081.856125908, 635.915320283], [-1154.0325211069999, 678.39028923], [-1226.217904097, 720.873544061], [-1298.412274877, 763.355970353], [-1370.6167569220001, 805.82016601], [-1442.8268563360002, 848.258664032], [-1515.0302149070003, 890.6681359229999], [-1587.2380673730004, 933.0693121659999], [-1659.4436728910005, 975.4597024259999], [-1731.6504018830005, 1017.8301752329999], [-1803.8470196110006, 1060.1815545509999], [-1876.0537486030007, 1102.508851202], [-1948.2559837000008, 1144.821195351]]]}}, {"type": "Feature", "properties": {"name": "Yacolt", "__uuid": "1e9fa66b-01b3-4dcd-95b9-1a4ee476c866", "market_name": "Portland-Vancouver-Hillsboro, OR-WA", "submarket_name": "north hills", "neighborhood_name": "Yacolt "}, "geometry": {"type": "Polygon", "coordinates": [[[-122.670076639, 45.780292907], [-244.96036594, 91.564619193], [-367.287284477, 137.519424217], [-489.65661581300003, 183.47288896999999], [-612.051009258, 229.43305490999998], [-734.499382629, 275.39925125999997], [-856.985349163, 321.37281722], [-979.503125296, 367.345043324], [-1102.0507831740001, 413.297837871], [-1224.633142433, 459.240578939], [-1347.2743012540002, 505.170582982], [-1469.9472696750001, 551.088517671], [-1592.6549394770002, 597.01047577], [-1715.4175531320002, 642.9424911159999], [-1838.3122248210002, 688.7980256459999], [-1961.2705157110001, 734.6240131229999], [-2084.217239474, 780.429845865], [-2207.1533849840002, 826.2200822289999], [-2330.032633839, 871.9835662819999], [-2452.796697757, 917.7369449099998], [-2575.5505384949997, 963.4923005429998], [-2698.262064008, 1009.2443516599998], [-2820.932140647, 1055.0246445669998]]]}}, {"type": "Feature", "properties": {"name": "Tempe ", "__uuid": "1f05a9ae-9bd4-4056-89ac-6fb717709ec4", "market_name": "Phoenix-Mesa-Glendale, AZ ", "submarket_name": "central pho", "neighborhood_name": "Tempe"}, "geometry": {"type": "Polygon", "coordinates": [[[-112.192778039, 33.360865763], [-224.3658302, 66.69233744499999], [-336.51319434, 100.00245033799999], [-448.49011055899996, 133.368163122], [-560.466230508, 166.73928614300002], [-672.445382906, 200.118382005], [-784.41364527, 233.497281275], [-896.381252737, 266.883219989], [-1008.348826562, 300.271087262], [-1120.315537723, 333.659656422], [-1232.2721795, 367.046322858], [-1344.1625279529999, 400.432854681], [-1456.0531347029998, 433.84435929399996], [-1567.943291203, 467.27784830499996], [-1679.842428234, 500.71348882399997], [-1791.7518269949999, 534.149276584], [-1903.671463021, 567.5854540969999], [-2015.605194284, 601.0203590279999], [-2127.552174907, 634.4565513879999], [-2239.5069975019996, 667.8936302759998], [-2351.4679369539995, 701.3317484859998], [-2463.4341948309993, 734.7709827159998], [-2575.4025633239994, 768.2121959299998], [-2687.3741055249993, 801.6663546259998], [-2799.3522130979995, 835.1230139879998], [-2911.3385029219994, 868.5860647799998], [-3023.3248112799993, 902.0450911409998], [-3135.3288459939995, 935.5036851749999], [-3247.3395684019997, 968.9643356789999], [-3359.360623709, 1002.4266146259998], [-3471.39791823, 1035.8890420049997], [-3583.434050318, 1069.3319842399997], [-3695.471417491, 1102.7664053749997], [-3807.506782284, 1136.1939590349998], [-3919.552442909, 1169.6211303279997], [-4031.6158158050002, 1203.0495904019997], [-4143.685189166, 1236.4769603029997], [-4255.778086181, 1269.9061073889998], [-4367.880409466, 1303.3341430269998], [-4479.987736104, 1336.7636078789997], [-4592.0965847279995, 1370.1972989839996], [-4704.205707650999, 1403.6590404799997], [-4816.337334912999, 1437.1216663869998], [-4928.479928044999, 1470.5833244189998], [-5040.664455628998, 1504.0461105079999], [-5152.852435667998, 1537.4872767069999], [-5265.038985647998, 1570.9153278129997], [-5377.232066155998, 1604.3336317959997], [-5489.423730690998, 1637.7396304309998], [-5601.615788139998, 1671.1311877829999], [-5713.804932834998, 1704.5079943919998], [-5825.997710873998, 1737.8688601549998]]]}}, {"type": "Feature", "properties": {"name": "Miami Downtown", "__uuid": "1f60bccf-30b1-4c9c-a4f1-2f44d7000748", "market_name": "Miami-Fort Lauderdale-Pompano Beach, FL", "submarket_name": "central miami", "neighborhood_name": "Miami Downtown"}, "geometry": {"type": "Polygon", "coordinates": [[[-80.387243752, 25.812376359], [-160.77397972, 51.579543343], [-241.158999991, 77.346719505], [-321.360367262, 103.094293196], [-401.542042711, 128.85050972], [-481.725701082, 154.640764674], [-561.901872776, 180.45641921], [-642.080098089, 206.27297177], [-722.268645917, 232.089594362], [-802.585046588, 257.905589258], [-882.9690163419999, 283.721349796], [-963.3562600939999, 309.533726155]]]}}, {"type": "Feature", "properties": {"name": "fairfield", "__uuid": "1fad7924-a20d-4542-a295-bd7ebc0f5b16", "market_name": "Sacramento--Arden-Arcade--Roseville, CA", "submarket_name": "sw sac ", "neighborhood_name": "fairfield "}, "geometry": {"type": "Polygon", "coordinates": [[[-121.400119959, 38.18104778], [-242.834849193, 76.40647684999999], [-364.297062272, 114.67668628199999], [-485.79642937799997, 153.13884075599998], [-607.311574221, 191.60856681299998], [-728.8511491090001, 230.08307450799998], [-850.4090465310001, 268.575112162], [-971.9974815090001, 307.083082442], [-1093.5854075280001, 345.62290740099996], [-1215.1646812400002, 384.18263428899996], [-1336.7470087010001, 422.74952414899997], [-1458.3308629980002, 461.325964673], [-1579.9460818290001, 499.895788995], [-1701.6002997660003, 538.45621119], [-1823.3294620860001, 577.001012175], [-1945.0950148910001, 615.526504273], [-2067.05015503, 653.901329035], [-2189.043848762, 692.254601133], [-2311.059109662, 730.598094818], [-2433.0897348880003, 768.9339047630001], [-2555.1240180990003, 807.2664224580001], [-2677.2091972370004, 845.5286398310001], [-2799.351379813, 883.7428861220001], [-2921.255369451, 921.96033147], [-3043.1064273240004, 960.1377785020001], [-3164.8495858320002, 998.3136251440001], [-3286.5499917610005, 1036.475066698], [-3408.0977099090005, 1074.5868689400002], [-3529.4968119500004, 1112.7050781520002], [-3650.896931909, 1150.8861259320001]]]}}, {"type": "Feature", "properties": {"name": "Des Peres", "__uuid": "1fb0313c-2f2a-465f-b65e-d66f6a00311b", "market_name": "St. Louis, MO-IL", "submarket_name": "West St. Louis", "neighborhood_name": "Des Peres"}, "geometry": {"type": "Polygon", "coordinates": [[[-90.446082325, 38.639955433], [-180.891501367, 77.225230833], [-271.312833425, 115.77516427399999], [-361.699362284, 154.34725204], [-452.06285214, 192.92643920199998], [-542.399438512, 231.51350706799997], [-632.7169119079999, 270.11226128199996], [-723.0417755169999, 308.722379624], [-813.3787202489999, 347.352116268], [-903.8248025739999, 385.992071701]]]}}, {"type": "Feature", "properties": {"name": "West_Covina", "__uuid": "204019e7-0b58-4bc2-b717-2982db7ef895", "market_name": "Los Angeles-Long Beach-Santa Ana, CA", "submarket_name": "East_LA", "neighborhood_name": "West_Covina"}, "geometry": {"type": "Polygon", "coordinates": [[[-117.956771851, 34.134257506], [-235.933799744, 68.249757261], [-353.917007447, 102.349338085], [-471.912064387, 136.438841569], [-589.915374263, 170.504020788], [-707.926784757, 204.54712179199998], [-825.9532511269999, 238.58214342399998], [-943.9683878459999, 272.61175919199997], [-1061.9697916549999, 306.64080590199995], [-1179.9629557169999, 340.665584553], [-1297.9423868689998, 374.67784232699995], [-1415.864002399, 408.67443080799995], [-1533.765135642, 442.668899444], [-1651.598654624, 476.671480729], [-1769.4122608859998, 510.694836646], [-1887.2241505339998, 544.724736942], [-2005.0257404999998, 578.768293446], [-2122.83282363, 612.8323301400001], [-2240.644026633, 646.905751933], [-2358.464156028, 680.989410831], [-2476.2842854230003, 715.085011454], [-2594.1044148180004, 749.187435164], [-2711.9286640860005, 783.295544359], [-2829.7532566760005, 817.408770164], [-2947.5788792350004, 851.527396499], [-3065.4048451160006, 885.661369827], [-3183.2304676750005, 919.803583909], [-3301.0567768790006, 953.961708896], [-3418.9799031000007, 988.11471999], [-3536.9167622310006, 1022.2560816170001], [-3654.873534082001, 1056.390339123]]]}}, {"type": "Feature", "properties": {"name": "ahwatukee", "__uuid": "20a350e2-748f-4b60-9553-a474d4ff7d75", "market_name": "Phoenix-Mesa-Glendale, AZ ", "submarket_name": "guadalupe foothills", "neighborhood_name": "ahwatukee"}, "geometry": {"type": "Polygon", "coordinates": [[[-111.968201349, 33.378547525], [-223.947067694, 66.75749757599999], [-335.922913456, 100.128633533], [-447.899585942, 133.494141639], [-559.901308512, 166.851644467], [-671.917566653, 200.204236723], [-783.942090835, 233.55419779800002], [-895.9773694590001, 266.900410378], [-1008.0363086270002, 300.23890910800003], [-1120.1199331210003, 333.569412967], [-1232.2106413340002, 366.897494721], [-1344.3574643600002, 400.20745222899995], [-1456.5026230050003, 433.51515802299997], [-1568.6346977340002, 466.80633749], [-1680.7584159960002, 500.097558262], [-1792.8610199080001, 533.389066014], [-1904.924828349, 566.681004234], [-2016.967522441, 599.972798965], [-2128.999578526, 633.2647775840001], [-2241.014806797, 666.556572315], [-2353.011152317, 699.848367046], [-2464.998571445, 733.140735732], [-2576.9713410189997, 766.4379730180001], [-2688.944602482, 799.7576309430001], [-2800.917602055, 833.088732893], [-2912.890176732, 866.4382299790001], [-3024.8598521639997, 899.800829601], [-3136.8280535129998, 933.1793771260001]]]}}, {"type": "Feature", "properties": {"name": "south minter", "__uuid": "20deecc9-6432-4868-ab93-d1f985fc9359", "market_name": "Bakersfield-Delano, CA", "submarket_name": "nw bakers", "neighborhood_name": "south minter "}, "geometry": {"type": "Polygon", "coordinates": [[[-119.077193273, 35.506105153], [-238.163905212, 71.061326217], [-357.365319364, 106.61990603699999], [-476.696327681, 142.177656937], [-596.046866368, 177.734843362], [-715.397086361, 213.17996991299998], [-834.599916903, 248.62581183799998], [-953.798534802, 284.06805311299996], [-1072.873339343, 319.524161603], [-1191.950532616, 355.030266756]]]}}, {"type": "Feature", "properties": {"name": "Creve Coeur", "__uuid": "21072a6f-e4b4-4c83-a6e9-cb9109710a7f", "market_name": "St. Louis, MO-IL", "submarket_name": "Northwest St. Louis", "neighborhood_name": "Creve Coeur"}, "geometry": {"type": "Polygon", "coordinates": [[[-90.444195151, 38.794727817], [-180.900460979, 77.580506005], [-271.3561315, 116.344742768], [-361.815198319, 155.093014415], [-452.291539166, 193.822938834], [-542.787862994, 232.549493826], [-633.287647531, 271.253239774], [-723.7347583339999, 309.89460835700004], [-814.072098312, 348.52544320500004], [-904.424631028, 387.18461881100006], [-994.781674552, 425.86295258800004], [-1085.113239036, 464.57166174100007], [-1175.4418546230002, 503.29937635900006], [-1265.8860497740002, 542.0941041760001]]]}}, {"type": "Feature", "properties": {"name": "Far South Fort Worth-Burleson", "__uuid": "21eac60e-8db4-4538-8b2b-db3766774521", "market_name": "Dallas-Fort Worth-Arlington, TX", "submarket_name": "Fort Worth Outskirts", "neighborhood_name": "Far South Fort Worth-Burleson"}, "geometry": {"type": "Polygon", "coordinates": [[[-97.546920776, 32.618267654], [-194.97470855699999, 65.171736888], [-292.37159728999995, 97.742567434], [-389.73449707, 130.370955609], [-487.05757141099997, 163.036057206], [-584.436950683, 195.70982906400002], [-681.843126211, 228.39547461100003], [-779.390046987, 261.013742265]]]}}, {"type": "Feature", "properties": {"name": "milpitas", "__uuid": "238969e9-0fa3-4c98-a2e8-03e3e00f7434", "market_name": "San Jose-Sunnyvale-Santa Clara, CA", "submarket_name": "east outskirts ", "neighborhood_name": "milpitas "}, "geometry": {"type": "Polygon", "coordinates": [[[-121.917786592, 37.422949482], [-243.826672873, 74.821745568], [-365.71926006900003, 112.22981482099999], [-487.600703726, 149.642161332], [-609.4747304580001, 187.03565441], [-731.3324399530001, 224.41382558200002], [-853.1790240600001, 261.780797995], [-975.017449549, 299.133032653], [-1096.8276321360001, 336.453685252], [-1218.636654304, 373.7636574], [-1340.377966795, 411.083080444], [-1462.287324672, 448.574375603], [-1584.221921738, 486.057163627], [-1706.150833718, 523.5219212960001], [-1828.073812158, 560.973138026], [-1949.99159875, 598.396087508]]]}}, {"type": "Feature", "properties": {"name": "Woodbury", "__uuid": "23bb5901-92be-4e79-9d7f-2b0d5c5063ca", "market_name": "Minneapolis-St. Paul-Bloomington, MN-WI", "submarket_name": "East Saint Paul", "neighborhood_name": "Woodbury"}, "geometry": {"type": "Polygon", "coordinates": [[[-93.019882905, 44.882259316], [-186.033865587, 89.71203079700001], [-279.06845415, 134.527318962], [-372.102798624, 179.26758736], [-465.094694546, 224.00481646699998], [-558.028709733, 268.74196806], [-650.8783676830001, 313.476630984], [-743.7237146670001, 358.241613848], [-836.4938770620001, 403.204826594], [-929.3148243750002, 448.15522094799996], [-1022.3073980030001, 493.10548726699994], [-1115.3272809080001, 537.987746583]]]}}, {"type": "Feature", "properties": {"name": "buckeye", "__uuid": "2466fa6c-8a96-404b-9a6f-b712d6f5c4c2", "market_name": "Phoenix-Mesa-Glendale, AZ ", "submarket_name": "liberty ", "neighborhood_name": "buckeye"}, "geometry": {"type": "Polygon", "coordinates": [[[-112.427902222, 33.461234145], [-224.926528931, 66.92418679400001], [-337.454681397, 100.379692347], [-450.068664551, 133.807695392], [-562.6943206789999, 167.235698437], [-675.3199768069999, 200.591465935], [-787.9428116049999, 233.89918439000002], [-900.5908606219998, 267.104176772], [-1013.1373519869998, 300.325494859], [-1125.6052468769997, 333.510861018], [-1238.0179504169996, 366.67483896], [-1350.2228246129996, 399.806998099], [-1462.6266942419995, 433.175382478], [-1575.0236974159995, 466.55294162200005], [-1687.4158940709995, 499.93107415700007], [-1799.8074040809995, 533.3195270770001], [-1912.2002873819995, 566.7801883800001], [-2024.6281896039995, 600.2414225250002]]]}}, {"type": "Feature", "properties": {"name": "paradise valley", "__uuid": "269cf0f8-315c-4e9a-9ae6-475905ab156d", "market_name": "Phoenix-Mesa-Glendale, AZ ", "submarket_name": "north scottsdale ", "neighborhood_name": "paradise valley "}, "geometry": {"type": "Polygon", "coordinates": [[[-111.890602112, 33.582305145], [-223.900337219, 67.165468344], [-335.914535522, 100.74119479000001], [-447.937316894, 134.313488673], [-559.966964721, 167.880061313], [-672.0051956169999, 201.442056686], [-784.04308319, 234.993752321], [-896.0850906359999, 268.53514699], [-1008.1264114369999, 302.069959843], [-1120.169792174, 335.59990755399997], [-1232.214357311, 369.10928252099995], [-1344.201623144, 402.6192251279999], [-1456.1891136, 436.13375421199993], [-1568.174520133, 469.6576109149999], [-1680.152684451, 503.18211736199993], [-1792.0768318379999, 536.7065910219999], [-1903.9638693829997, 570.2305119149999], [-2015.8476050399997, 603.7644662339999], [-2127.726534178, 637.3101531209999], [-2239.605119993, 670.8638515789999], [-2351.4861090679997, 704.4238443209998], [-2463.3732779519996, 737.9872701159998], [-2575.2638800639997, 771.5555591689997], [-2687.152765562, 805.1301414429997], [-2799.043367674, 838.7124465879997]]]}}, {"type": "Feature", "properties": {"name": "clinton", "__uuid": "278c0244-172e-4ada-8420-0aea86e777a0", "market_name": "Worcester, MA", "submarket_name": "lancaster", "neighborhood_name": "clinton"}, "geometry": {"type": "Polygon", "coordinates": [[[-71.596181516, 42.432444189], [-143.182571952, 84.88096979400001], [-214.742101095, 127.355358384], [-286.282008737, 169.854052547], [-357.791694668, 212.376761646], [-429.312603439, 254.906975773], [-500.876204214, 297.428910238], [-572.4656448869999, 339.954156699], [-644.0696907189999, 382.470294747], [-715.711934661, 424.99140118500003], [-787.3800185, 467.50836732500005], [-859.106522977, 510.03278580400007], [-930.8290493070001, 552.5237012960001], [-1002.5512446940002, 594.9955793110001], [-1074.301637663, 637.4522203440001], [-1146.061828887, 679.8962837210001], [-1217.832652017, 722.3367584360002], [-1289.609731337, 764.7631194980002], [-1361.402362627, 807.1795174740001], [-1433.198631148, 849.5818483790001], [-1504.992283319, 891.9697080740001], [-1576.7901087720002, 934.3550693840001], [-1648.5695266050002, 976.7123845810002], [-1720.3232671140001, 1019.0539010490002], [-1792.052967731, 1061.4200983040002], [-1863.7407122030002, 1103.8114611770002], [-1935.4121365730002, 1146.2044734370002], [-2007.0604087590002, 1188.594597551], [-2078.698895468, 1230.973787739], [-2150.306000771, 1273.368275071], [-2221.916316292, 1315.7780958609999], [-2293.512497808, 1358.21054005]]]}}, {"type": "Feature", "properties": {"name": "riverdale", "__uuid": "2823cc69-3428-4ab4-a618-de12d2ee1412", "market_name": "Ogden-Clearfield, UT", "submarket_name": "south ogden ", "neighborhood_name": "riverdale "}, "geometry": {"type": "Polygon", "coordinates": [[[-111.929890745, 41.197933788], [-223.868256031, 82.395131814], [-335.853883179, 123.592820349], [-447.849614588, 164.79271613], [-559.861165135, 205.977774089], [-671.877642772, 247.15780502], [-783.9020921279999, 288.314287994], [-895.9278051709999, 329.443875555], [-1007.9516804529999, 370.568899414], [-1119.9539962319998, 411.67267223], [-1231.9130289999998, 452.77720344799997], [-1343.8526692439998, 493.878828067], [-1455.7841727539999, 534.981385432], [-1567.6992771169998, 576.0895330430001], [-1679.6079757979999, 617.1971374930001], [-1791.5134645239998, 658.3240339070002], [-1903.423146749, 699.4616077090002], [-2015.333480861, 740.6227432430002], [-2127.263045662, 781.8012991940002], [-2239.192936407, 822.9992329820002]]]}}, {"type": "Feature", "properties": {"name": "Chesterfield", "__uuid": "28af3fd6-695c-4ce7-b3e5-cb2b3c322a02", "market_name": "Detroit-Warren-Livonia, MI", "submarket_name": "North Detroit", "neighborhood_name": "Chesterfield "}, "geometry": {"type": "Polygon", "coordinates": [[[-82.819009994, 42.634864405], [-165.638019988, 85.377823488], [-248.700802595, 128.120782571], [-331.813300706, 170.74759991500002], [-414.778723322, 213.37722152700002], [-497.66663095, 256.008489154], [-580.516941112, 298.64021403000004], [-663.3360236660001, 341.27265522400006], [-746.1550336600001, 383.90751962900003]]]}}, {"type": "Feature", "properties": {"name": "selma", "__uuid": "28fd0c1a-4434-4c57-8527-916789474ffb", "market_name": "Fresno, CA", "submarket_name": "kingsburg", "neighborhood_name": "selma"}, "geometry": {"type": "Polygon", "coordinates": [[[-119.785417109, 36.604709433], [-239.574008294, 73.09212004599999], [-359.021386345, 109.580169711], [-478.469557915, 146.182968052], [-598.254975024, 182.78767748500002]]]}}, {"type": "Feature", "properties": {"name": "layton", "__uuid": "29532356-6ffb-4b1d-abc3-25d546387a0b", "market_name": "Ogden-Clearfield, UT", "submarket_name": "south clearfield ", "neighborhood_name": "layton"}, "geometry": {"type": "Polygon", "coordinates": [[[-112.0030274, 41.103409994], [-224.030329946, 82.206911586], [-336.063127904, 123.317525513], [-448.146907895, 164.427847398], [-560.259610971, 205.538088406], [-672.371751665, 246.62745228400001], [-784.452051469, 287.716523503], [-896.540117344, 328.790081851], [-1008.605661614, 369.85719999], [-1120.645966154, 410.917291479], [-1232.609874854, 451.97833552400004], [-1344.5600983240001, 493.038443496], [-1456.50085538, 534.101396078], [-1568.433027735, 575.164431893], [-1680.347910232, 616.230671665], [-1792.259383547, 657.298296365], [-1904.1692180979999, 698.393513156], [-2016.0780626859998, 739.500775444], [-2127.992945183, 780.608574234], [-2239.9241364289996, 821.710813833], [-2351.8637873029998, 862.81213968], [-2463.822936403, 903.916134864], [-2575.825963803, 945.019544858]]]}}, {"type": "Feature", "properties": {"name": "Compton", "__uuid": "2c5913be-fa2d-45c0-93bc-24e0e201e1c1", "market_name": "Los Angeles-Long Beach-Santa Ana, CA", "submarket_name": "South_LA", "neighborhood_name": "Compton"}, "geometry": {"type": "Polygon", "coordinates": [[[-118.367900848, 33.929545196], [-236.736488342, 67.851683624], [-355.107135772, 101.767696737], [-473.476753234, 135.66476132399998], [-591.827144622, 169.54828867099997], [-710.167402421, 203.41779363199996], [-828.477453385, 237.27780382499995], [-946.767076645, 271.13767146999993], [-1065.052580032, 304.99426044599994], [-1183.300580094, 338.82004150299997], [-1301.51862056, 372.64569075699995], [-1419.730652878, 406.47248084399996], [-1537.937707016, 440.29912832799994], [-1656.140297958, 474.1524385089999], [-1774.333104202, 508.0239942959999], [-1892.518872329, 541.9266156539999], [-2010.69880397, 575.8380701079999], [-2128.8806238859997, 609.7515190059999], [-2247.103470871, 643.6816339269999], [-2365.33558757, 677.6103245289999], [-2483.583325455, 711.5400121569999], [-2601.846856186, 745.4681330249998], [-2720.117596695, 779.3961114579998], [-2838.41271312, 813.3248020599998], [-2956.7208758089996, 847.2505015139998], [-3075.0573084209996, 881.1755477349998], [-3193.4030649519996, 915.1070869509998], [-3311.7560312609994, 949.0406201399999], [-3430.1162073469995, 982.9724442119999], [-3548.4841081949994, 1016.901989408]]]}}, {"type": "Feature", "properties": {"name": "Yorba_linda", "__uuid": "2cba2971-6a0d-4c71-8c29-b4917e762fcb", "market_name": "Los Angeles-Long Beach-Santa Ana, CA", "submarket_name": "East_LA", "neighborhood_name": "Yorba_linda"}, "geometry": {"type": "Polygon", "coordinates": [[[-117.811889648, 34.023071368], [-235.653305053, 68.015975063], [-353.494720458, 101.995783792], [-471.378021239, 135.923192486], [-589.257202147, 169.843194226], [-707.14324951, 203.75407883100002], [-825.0210571270001, 237.65242578200002], [-942.902297972, 271.535953129], [-1060.774612425, 305.386982335], [-1178.638000487, 339.23573050600004], [-1296.475982665, 373.08961092100003], [-1414.302978515, 406.936077995], [-1532.11074829, 440.792239309], [-1649.9006652819999, 474.64840062300004], [-1767.6644897449999, 508.51710579100006], [-1885.4166412339998, 542.388091462], [-2003.1550598129998, 576.2607874700001], [-2120.874252318, 610.1283523640001], [-2238.586578368, 643.9976276640001], [-2356.278991698, 677.8726040680001], [-2473.950805663, 711.7418793680001], [-2591.608886718, 745.6202762520002], [-2709.253234863, 779.5049436600002], [-2826.90032959, 813.3998709310002], [-2944.5536842600004, 847.3192707480002], [-3062.2275581610006, 881.2660484310003], [-3179.9234047190007, 915.2390242030003], [-3297.6371040600006, 949.2239572890003], [-3415.3865089670007, 983.2458904480003], [-3533.144153620001, 1017.2695309140003], [-3650.912784601001, 1051.2914640730003], [-3768.688968683001, 1085.3179499740004], [-3886.485065485001, 1119.3450049500004], [-4004.296955133001, 1153.3680763180005]]]}}, {"type": "Feature", "properties": {"name": "Conroe-North Cleveland", "__uuid": "2d51b0bf-10fb-490a-b268-532fa932eefd", "market_name": "Houston-Sugar Land-Baytown, TX", "submarket_name": "Far North Outskirts", "neighborhood_name": "Conroe-North Cleveland"}, "geometry": {"type": "Polygon", "coordinates": [[[-95.228857074, 30.132619578], [-190.37325090299998, 60.393032250000005], [-285.32607996999997, 90.576847111], [-380.11337245, 120.89757671500001], [-474.94049037, 151.43736738400003], [-570.134276991, 182.20634652500001], [-665.700225477, 212.958804493], [-761.473540907, 243.640425339], [-857.4171444230001, 274.231062366], [-953.445891982, 304.684471496], [-1049.1903683, 334.91625258600004], [-1144.833911962, 365.14003888600007], [-1240.329822607, 395.39436122200004], [-1335.693210669, 425.630295035], [-1431.027072974, 455.776609773], [-1526.255930048, 485.909229351]]]}}, {"type": "Feature", "properties": {"name": "downtown philly", "__uuid": "2e08670e-407f-433d-b4a2-80af8fd17fa3", "market_name": "Philadelphia-Camden-Wilmington, PA-NJ-DE-MD", "submarket_name": "central philly ", "neighborhood_name": "downtown philly "}, "geometry": {"type": "Polygon", "coordinates": [[[-75.383702455, 39.846487268], [-150.732149881, 79.649315586], [-226.066661387, 119.424886664], [-301.39582630900003, 159.189931796], [-376.66528507000004, 198.945285434], [-451.86769798000006, 238.742556826], [-526.9922703550001, 278.565772702], [-602.04686375, 318.411328396], [-677.0646415460001, 358.284249622], [-752.040450671, 398.188878196], [-826.9908671850001, 438.113075206], [-901.9723815350001, 478.058315935], [-976.9599780210001, 518.017704647], [-1051.9719940020002, 557.991635417], [-1126.9876007370003, 597.9764055539999], [-1202.0182427630002, 637.970759083], [-1277.0590757260002, 677.981140503], [-1352.1131644220002, 718.0041513470001], [-1427.180702625, 758.037730343], [-1502.268492202, 798.062709591], [-1577.3730768560001, 838.090704931], [-1652.509669833, 878.108903544], [-1727.6740476490002, 918.126426782], [-1802.8667520800002, 958.13121356], [-1878.0740053890001, 998.143978698], [-1953.3059787410002, 1038.171898334], [-2028.5640364650003, 1078.2172245289999], [-2103.8482524630003, 1118.2876469789999], [-2179.1731232330003, 1158.3534908479999], [-2254.5368906790004, 1198.381607313], [-2329.8771481820004, 1238.3565078469999], [-2405.240496443, 1278.289932602], [-2480.624198898, 1318.1364198699998]]]}}, {"type": "Feature", "properties": {"name": "Koreatown", "__uuid": "2e3730eb-d7fc-4c82-8358-03e54161941c", "market_name": "Los Angeles-Long Beach-Santa Ana, CA", "submarket_name": "Hollywood", "neighborhood_name": "Koreatown"}, "geometry": {"type": "Polygon", "coordinates": [[[-118.326015472, 34.076123372], [-236.651172638, 68.138169153], [-354.994217837, 102.19941694], [-473.337384636, 136.253833673], [-591.6872610400001, 170.28871305], [-710.0153364490001, 204.324730461], [-828.330708916, 238.36245489499998], [-946.613980706, 272.400748329], [-1064.888841088, 306.440179752], [-1183.161298211, 340.484874174], [-1301.421395715, 374.53767582100005], [-1419.670850213, 408.60085927200004], [-1537.955314872, 442.679198153], [-1656.2421188619999, 476.75535555700003], [-1774.5681343339998, 510.831478929]]]}}, {"type": "Feature", "properties": {"name": "downtown sb", "__uuid": "2e3903ad-6aaa-4673-9e1a-9440f1a46bbe", "market_name": "Riverside-San Bernardino-Ontario, CA", "submarket_name": "central san bern", "neighborhood_name": "downtown sb"}, "geometry": {"type": "Polygon", "coordinates": [[[-117.284253965, 34.050258231], [-234.51168862100002, 68.099871563], [-351.71188114200004, 102.14690525], [-468.88016144900007, 136.206836379], [-586.0429933290001, 170.261608767], [-703.1962325830001, 204.31825989400002], [-820.3493099240001, 238.38673827400004], [-937.448349017, 272.45773891500005], [-1054.542686387, 306.55570606300006], [-1171.655704078, 340.66269619900004], [-1288.845778092, 374.81285445500004], [-1406.04674896, 408.953994329], [-1523.3053174840002, 443.12347444700004], [-1640.6386072910002, 477.32257283200005], [-1757.9835722990001, 511.51394571500003], [-1875.377573149, 545.734607322], [-1992.787140933, 579.959452267], [-2110.208383917, 614.152756592], [-2227.697732238, 648.3338275899999], [-2345.186691385, 682.4775442429999], [-2462.682655653, 716.6141745649999], [-2580.225320723, 750.7108526359999], [-2697.7695424860003, 784.7798108069999], [-2815.2862999510003, 818.8479954169999], [-2932.7892693390004, 852.9143745309999], [-3050.1280075730006, 886.9846222009999], [-3167.4495943830007, 921.0499469239999], [-3284.7579770960006, 955.1169708099999], [-3402.044566101001, 989.1814155799999], [-3519.328820066001, 1023.231673811]]]}}, {"type": "Feature", "properties": {"name": "North Nashville", "__uuid": "2e50d03c-0082-41dc-a3ca-6577da8dc572", "market_name": "Nashville-Davidson--Murfreesboro--Franklin, TN Are", "submarket_name": "Nashville Core", "neighborhood_name": "North Nashville"}, "geometry": {"type": "Polygon", "coordinates": [[[-86.784439087, 36.191853986], [-173.573255539, 72.391119422], [-260.379753113, 108.59370939300001], [-347.200241089, 144.79221293700002], [-434.03162956299997, 180.976793323], [-520.8691978459999, 217.144330058], [-607.7024745949999, 253.298769762], [-694.5261221619999, 289.456014063], [-781.3396578519998, 325.62493659899997], [-868.1461554259998, 361.79517562399997], [-954.9467306819998, 397.968948271], [-1041.7480784149998, 434.14964912799996], [-1128.5411864009998, 470.33887084199995], [-1215.3256254879998, 506.53072482799996]]]}}, {"type": "Feature", "properties": {"name": "Socorro", "__uuid": "2eaf80ac-ff4b-44e2-bd5e-fbd291258280", "market_name": "El Paso, TX", "submarket_name": "Southeast El Paso", "neighborhood_name": "Socorro "}, "geometry": {"type": "Polygon", "coordinates": [[[-106.337087239, 31.670382377], [-212.63934213, 63.292629526], [-318.940963226, 94.902951542], [-425.22805437, 126.491776534], [-531.507341389, 158.054689784], [-637.7533580749999, 189.598827244], [-743.9891273029999, 221.112834926], [-850.211422398, 252.61273154], [-956.429990652, 284.093381684], [-1062.63197853, 315.557604017], [-1168.762454449, 347.074689858], [-1274.939416678, 378.6528306], [-1381.131515513, 410.251191412], [-1487.345078841, 441.876168769], [-1593.580224216, 473.528865591], [-1699.828576823, 505.196759395], [-1806.094405984, 536.880972225], [-1912.3802016850002, 568.5832781470001], [-2018.673828417, 600.273868747], [-2124.9825960000003, 631.954025633], [-2231.3074622360004, 663.628799557], [-2337.6445494750005, 695.299181934]]]}}, {"type": "Feature", "properties": {"name": "daly city ", "__uuid": "2f88365e-9956-4f62-b5ec-a56d0736dd20", "market_name": "San Francisco-Oakland-Fremont, CA", "submarket_name": "south sf ", "neighborhood_name": "daly city "}, "geometry": {"type": "Polygon", "coordinates": [[[-122.498913485, 37.695637508], [-244.99534253299998, 75.362371225], [-367.49259214, 112.983812337], [-489.976654479, 150.604903427], [-612.449978286, 188.233868327], [-734.9034265920001, 225.86362027400003], [-857.3320305220001, 263.467788932], [-979.7417527260001, 301.08652146500003], [-1102.120171016, 338.691871084], [-1224.4911359930002, 376.305093297], [-1346.8700511700001, 413.952551596], [-1469.24449436, 451.608271414], [-1591.6179437750002, 489.271858492], [-1713.998846503, 526.942132085], [-1836.37776168, 564.6183050440001], [-1958.7651239450001, 602.298410653], [-2081.1568407060004, 640.005928001], [-2203.5640399890003, 677.710401833], [-2325.9966513740005, 715.421973274], [-2448.4580498810005, 753.1260635340001], [-2570.9283923630005, 790.8301537940001], [-2693.4273058480003, 828.5257913020001]]]}}, {"type": "Feature", "properties": {"name": "Redford farm ", "__uuid": "2fd5ae08-4209-4b04-aa60-ebb9d9e870d3", "market_name": "Detroit-Warren-Livonia, MI", "submarket_name": "West Detroit", "neighborhood_name": "Redford farm "}, "geometry": {"type": "Polygon", "coordinates": [[[-83.208493318, 42.379675067], [-166.390140264, 84.824433371], [-249.58869048100001, 127.268710402], [-332.83217277, 169.740602772], [-416.127833937, 212.23377310299998], [-499.450038351, 254.72442295499997], [-582.803949516, 297.219915701], [-666.218762173, 339.712354449], [-749.651676591, 382.19557523], [-833.081569617, 424.635449695], [-916.502182416, 467.057221471], [-999.925446709, 509.457948419], [-1083.357991229, 551.846436756], [-1166.669229921, 594.233456299], [-1249.912192655, 636.6204758419999], [-1333.1458751609998, 679.00064056], [-1416.3543684789997, 721.380315627]]]}}, {"type": "Feature", "properties": {"name": "Sherwood_forest", "__uuid": "3196413b-3762-4440-a097-75a3929f97a2", "market_name": "Los Angeles-Long Beach-Santa Ana, CA", "submarket_name": "valley ", "neighborhood_name": "Sherwood_forest"}, "geometry": {"type": "Polygon", "coordinates": [[[-118.552526028, 34.22152379], [-236.985143215, 68.444114058], [-355.418419823, 102.682575789], [-473.83730410000004, 136.923332384], [-592.329398166, 171.242643058], [-710.887063626, 205.542233415], [-829.439589654, 239.763757205]]]}}, {"type": "Feature", "properties": {"name": "south kingstown", "__uuid": "3295741a-4d41-4cd9-9bfd-8cec37a10a1a", "market_name": "Providence-New Bedford-Fall River, RI-MA", "submarket_name": "south coast ", "neighborhood_name": "south kingstown "}, "geometry": {"type": "Polygon", "coordinates": [[[-71.641037266, 41.389822314], [-143.286057041, 82.746770614], [-214.78471962499998, 124.11941085699999], [-286.27333307799995, 165.478668616], [-357.74925090999994, 206.837020304], [-429.22936735599995, 248.206315951], [-500.678802229, 289.618629512], [-572.133104832, 331.05190596399996], [-643.554049393, 372.498998467], [-714.967408668, 413.99219796799997], [-786.425250539, 455.48650887199994], [-857.915948106, 496.97485353199994], [-929.413615063, 538.4579772779999], [-1000.933185817, 579.936625619], [-1072.47067786, 621.420495235], [-1144.020117428, 662.902873101], [-1215.593452048, 704.3956924949999], [-1287.184707957, 745.8765785769999], [-1358.7918939, 787.3529891], [-1430.410031742, 828.821939672], [-1502.025182702, 870.282683306], [-1573.645311798, 911.729995165], [-1645.282366556, 953.1690973469999], [-1716.927386331, 994.596256328], [-1788.575392987, 1036.01370984], [-1860.215434626, 1077.415482222], [-1931.856471892, 1118.805304536]]]}}, {"type": "Feature", "properties": {"name": "elk grove ", "__uuid": "32e0a7db-ead6-4c9c-b06b-83581e595a6f", "market_name": "Sacramento--Arden-Arcade--Roseville, CA", "submarket_name": "se hills ", "neighborhood_name": "elk grove "}, "geometry": {"type": "Polygon", "coordinates": [[[-121.40291303, 38.187887709], [-242.536592424, 76.380375584], [-363.66793065499996, 114.582062918], [-484.76063971299993, 152.78742971100002], [-605.8474958649999, 191.000154863], [-726.9144521399999, 229.213799757], [-847.9603379559999, 267.455031522], [-968.9968591239999, 305.710972007], [-1089.9994334419998, 343.99540216500003], [-1210.9750843969998, 382.30463680300005], [-1331.93083672, 420.61938256600007], [-1452.8666891649998, 458.94239397700005], [-1573.7650830169998, 497.276424784], [-1694.648259316, 535.620555233], [-1815.5138769, 573.963767591], [-1936.331500661, 612.322585915], [-2057.12337164, 650.687829247], [-2177.923436686, 689.068673797], [-2298.738719285, 727.458693962], [-2419.564537114, 765.86339269], [-2540.405572496, 804.2809327159999], [-2661.26065485, 842.7168134939999], [-2782.128613596, 881.1710303669998], [-2903.0188133809997, 919.6206636529998], [-3023.9429600159997, 958.0776305379999], [-3144.88934769, 996.5400971329999], [-3265.857722499, 1035.005932958], [-3386.860298063, 1073.4903942009998], [-3507.901502801, 1111.971190135], [-3628.959095673, 1150.4565676759998], [-3750.029039179, 1188.9423306749998], [-3871.127897102, 1227.4406568879997], [-3992.248647657, 1265.9405444659997], [-4113.383498877, 1304.4341681649996], [-4234.530608867, 1342.9319594399997], [-4355.698922931, 1381.4259586589997], [-4477.033726931, 1419.9575557449996], [-4598.367576926, 1458.4539279529995], [-4719.8798751879995, 1496.9494234889994], [-4841.389194740999, 1535.4333760519994], [-4962.885598145, 1573.9042948959993], [-5084.3819561499995, 1612.3623277679994], [-5205.841601118999, 1650.6318465679994], [-5327.285485633999, 1688.8767559709995], [-5448.688398663999, 1727.0646436799996]]]}}, {"type": "Feature", "properties": {"name": "centennial", "__uuid": "32f6a010-cac4-494a-b759-c2a9f5a8bf27", "market_name": "Denver-Aurora-Broomfield, CO", "submarket_name": "greenwood village", "neighborhood_name": "centennial"}, "geometry": {"type": "Polygon", "coordinates": [[[-105.000571106, 39.651441001], [-210.010804168, 79.280031768], [-315.032167141, 118.89285183], [-420.05252756100003, 158.488284483], [-525.0851314270001, 198.053456175], [-630.104354735, 237.615925401], [-735.105381828, 277.174160734], [-840.08804334, 316.740225643], [-945.048024427, 356.304298519], [-1049.9987093519999, 395.869274416], [-1154.934487651, 435.429768907], [-1259.8498742959998, 474.994333882], [-1364.7487064279999, 514.559032346], [-1469.639943042, 554.122754898], [-1574.5104948189999, 593.678989393], [-1679.3623226099999, 633.230675697], [-1784.203684137, 672.7825733530001], [-1889.0232933089999, 712.3394964050001], [-1993.823203639, 751.8897999980001], [-2098.609120301, 791.438335313], [-2203.386659141, 830.9897080840001], [-2308.181355086, 870.5707175780001], [-2413.0134483320003, 910.2244083130001], [-2517.8569457290005, 949.8822713780002], [-2622.7504976120003, 989.5759262980001], [-2727.7451482910005, 1029.2455351750002], [-2832.7457193970004, 1068.8969761760002]]]}}, {"type": "Feature", "properties": {"name": "Santa_Clarita", "__uuid": "3391e198-a1d9-409f-91b5-b02733015db0", "market_name": "Los Angeles-Long Beach-Santa Ana, CA", "submarket_name": "North_LA", "neighborhood_name": "Santa_Clarita"}, "geometry": {"type": "Polygon", "coordinates": [[[-118.556213379, 34.300904552], [-237.047195435, 68.622226922], [-355.508651734, 102.971899134], [-473.911056519, 137.30796461699998], [-592.283935547, 171.63155532699997], [-710.625192277, 205.978526172], [-828.996176273, 240.47324903799998], [-947.465929753, 275.02376115199996], [-1066.1862514079999, 309.524093323], [-1184.7424647869998, 343.824997875]]]}}, {"type": "Feature", "properties": {"name": "Georgetown Aus", "__uuid": "33e58975-e999-417c-acbe-67188c4517b6", "market_name": "Austin-Round Rock-San Marcos, TX", "submarket_name": "North Austin Suburbs", "neighborhood_name": "Georgetown Aus"}, "geometry": {"type": "Polygon", "coordinates": [[[-97.594299316, 30.59211472], [-195.198554992, 61.208164929000006], [-292.826156616, 91.835442095], [-390.476074219, 122.531824965], [-488.222808838, 153.201043966], [-586.057434082, 183.83895599399997], [-683.8735198969999, 214.365735176], [-781.6527910579999, 244.902659509], [-879.3463446059999, 275.46486114699997], [-976.9880138569999, 306.042320896], [-1074.5823131729999, 336.63443561599996]]]}}, {"type": "Feature", "properties": {"name": "grove park", "__uuid": "343ce679-5710-4b79-9588-d65d6b68bd4c", "market_name": "Atlanta-Sandy Springs-Marietta, GA", "submarket_name": "Downtown Atlanta", "neighborhood_name": "grove park "}, "geometry": {"type": "Polygon", "coordinates": [[[-84.434230546, 33.791505578], [-168.905604951, 67.562383099], [-253.376605733, 101.323393748], [-337.845946391, 135.080839867], [-422.310377391, 168.834728804], [-506.765085644, 202.584084173], [-591.210961125, 236.33388850100002], [-675.642281461, 270.07902149700004], [-760.061933399, 303.81963007100006], [-844.4690420520001, 337.56079465100004], [-928.869029541, 371.304679297], [-1013.259325871, 405.051450387], [-1097.641304166, 438.802219083], [-1182.0206714820001, 472.559073268], [-1266.401643908, 506.31958696500004], [-1350.78581942, 540.0837601750001], [-1435.1775425150001, 573.8544932960001], [-1519.5716342380001, 607.6264338440001], [-1603.984439621, 641.409624578], [-1688.418670167, 675.2011301560001]]]}}, {"type": "Feature", "properties": {"name": "uxbridge", "__uuid": "3487467e-cc2e-43cf-a286-ec31e3336bd8", "market_name": "Worcester, MA", "submarket_name": "south border", "neighborhood_name": "uxbridge"}, "geometry": {"type": "Polygon", "coordinates": [[[-71.588849402, 42.014365589], [-143.117605355, 84.029517846], [-214.6246931, 126.046893657], [-286.104574379, 168.064841713], [-357.485985568, 210.083950792], [-428.871017622, 252.14240261], [-500.273209868, 294.204898747], [-571.69045779, 336.279554647], [-643.16131144, 378.363849901], [-714.6523876189999, 420.448978946], [-786.15582201, 462.551615079], [-857.67410923, 504.67818543], [-929.201070921, 546.808290966], [-1000.739331585, 588.93313501], [-1072.291485308, 631.078350137], [-1143.852173007, 673.230358465], [-1215.425160524, 715.384569111], [-1287.064444696, 757.533279166], [-1358.718487607, 799.687403911], [-1430.408178102, 841.840350175], [-1502.130228294, 883.9894818590001], [-1573.832155181, 926.1229549120001], [-1645.539950227, 968.244890162], [-1717.244834415, 1010.3447174940001], [-1788.9370124050001, 1052.431514089], [-1860.6763762950002, 1094.485785556], [-1932.3921472350003, 1136.497499019], [-2004.0708435390002, 1178.509212482], [-2075.6596929410002, 1220.523578071]]]}}, {"type": "Feature", "properties": {"name": "Green Hills", "__uuid": "357aa5d0-8266-4c8a-933b-9ca47f26bce5", "market_name": "Nashville-Davidson--Murfreesboro--Franklin, TN", "submarket_name": "S Nashville", "neighborhood_name": "Green Hills"}, "geometry": {"type": "Polygon", "coordinates": [[[-86.85842514, 36.135795184], [-173.711357116, 72.25828004499999], [-260.59432983299996, 108.34123659], [-347.499477342, 144.405697626], [-434.396347409, 180.456329931], [-521.181473141, 216.49376962899998], [-607.953552609, 252.55591381], [-694.722542172, 288.63332092999997], [-781.485695248, 324.72265882999994], [-868.250908261, 360.82503527899996], [-955.025047665, 396.94155749299995], [-1041.821503048, 433.05724767399994], [-1128.627228146, 469.17931655099994], [-1215.4415363130001, 505.3047132379999], [-1302.2654575170002, 541.443697019], [-1389.0886920750002, 577.5993148529999], [-1475.9471172150002, 613.7351100369999]]]}}, {"type": "Feature", "properties": {"name": "North Side - North Line", "__uuid": "35c657da-4b27-4f35-a576-d1bb57413fbe", "market_name": "Houston-Sugar Land-Baytown, TX", "submarket_name": "North Houston", "neighborhood_name": "North Side - North Line"}, "geometry": {"type": "Polygon", "coordinates": [[[-95.406744265, 29.869547691], [-190.782234133, 59.684730266], [-286.153346709, 89.47345567800001], [-381.52016799800003, 119.246177536], [-476.878062895, 149.014727239], [-572.227723737, 178.784892984], [-667.570649201, 208.55362812500002], [-762.9099380690001, 238.32344951700003], [-858.2485492520001, 268.129164817], [-953.5830982020001, 297.937938766], [-1048.898955735, 327.808535629], [-1144.3057000000001, 357.67808332]]]}}, {"type": "Feature", "properties": {"name": "edison ", "__uuid": "3633f7d0-1991-4246-8dd9-34577f32fb06", "market_name": "Bakersfield-Delano, CA", "submarket_name": "east outskirts ", "neighborhood_name": "edison "}, "geometry": {"type": "Polygon", "coordinates": [[[-118.87825057, 35.345690542], [-237.721383463, 70.683936365], [-356.564714761, 106.05632514599999], [-475.408641274, 141.43065527299999], [-594.257726316, 176.809191489], [-713.116121359, 212.217772833], [-831.988221375, 247.62137926100002], [-950.86627354, 283.020942633], [-1069.748095399, 318.419050456], [-1188.637456646, 353.816996549], [-1307.534313526, 389.213469438], [-1426.447324806, 424.61075841900004], [-1545.382502633, 460.00817951400006], [-1664.384534709, 495.4054055430001], [-1783.3869723320001, 530.751005905], [-1902.389482253, 566.046871331], [-2021.303266669, 601.34320715], [-2140.21758963, 636.694944155], [-2259.0958402, 672.0406346970001]]]}}, {"type": "Feature", "properties": {"name": "Elk River ", "__uuid": "3647cabe-d0e8-4e9a-8823-7bcfeb8352b9", "market_name": "Minneapolis-St. Paul-Bloomington, MN-WI", "submarket_name": "North Minneapolis", "neighborhood_name": "Elk River"}, "geometry": {"type": "Polygon", "coordinates": [[[-93.492921271, 45.137322378], [-186.79114080300002, 90.259830084], [-280.090093153, 135.389060018], [-373.379574129, 180.52842413500002], [-466.647905657, 225.67412001900001], [-560.1621521010001, 271.045123736], [-653.9156635850001, 316.333466504], [-747.577333746, 361.485186709], [-841.070255017, 406.622509087]]]}}, {"type": "Feature", "properties": {"name": "lynn", "__uuid": "3664c1ec-881a-434e-8a4b-aabdb51300ae", "market_name": "Boston-Cambridge-Quincy, MA-NH", "submarket_name": "south salem ", "neighborhood_name": "lynn"}, "geometry": {"type": "Polygon", "coordinates": [[[-70.866045009, 42.541723193], [-141.802645364, 85.09235154699999], [-212.73844514799998, 127.633543022], [-283.685452927, 170.169425625], [-354.63540283199995, 212.704110309], [-425.58704059799993, 255.236056685], [-496.5439354839999, 297.762526422], [-567.5188254169999, 340.287996478], [-638.5109655269999, 382.80818068300005], [-709.5124121389999, 425.32400347500004], [-780.525066746, 467.83274479600004], [-851.549729919, 510.30193315800005], [-922.573592521, 552.7504495810001], [-993.575039133, 595.1706048200001], [-1064.579688029, 637.5866229810001], [-1135.581134641, 679.9961394670001], [-1206.568916923, 722.4021584130002], [-1277.5564934689999, 764.8158296710002], [-1348.5420349249998, 807.2337342380002], [-1419.4376422459998, 849.6471151380002], [-1490.3700729139998, 892.1074644730003], [-1561.29756893, 934.5686274180002], [-1632.2184947019998, 977.0342528360002], [-1703.124745466, 1019.4962151640002], [-1774.015906287, 1061.9526826310002], [-1844.8458936, 1104.4414295540003], [-1915.668569022, 1146.9554625000003], [-1986.5346140309998, 1189.4971856930003]]]}}, {"type": "Feature", "properties": {"name": "downtown chi", "__uuid": "36e4a11f-bd5a-468d-9849-3b15a42324b4", "market_name": "Chicago-Joliet-Naperville, IL-IN-WI", "submarket_name": "central chi", "neighborhood_name": "downtown chi"}, "geometry": {"type": "Polygon", "coordinates": [[[-88.071310077, 41.684990155], [-176.10449609300002, 83.351846274], [-264.096356666, 124.904695603], [-351.943618817, 166.40776867699998], [-439.47271731300003, 207.91253342199997], [-526.995665139, 249.64018006099997], [-614.523446537, 291.38807522599996], [-702.0774521740001, 333.16019852399995], [-789.6715240620001, 374.99047707799997], [-877.2676058290001, 416.88895140799997], [-964.9315360970002, 458.95892576899996], [-1052.7386753550002, 501.19827759699996], [-1140.7303165440003, 543.440095745], [-1228.7734104830004, 585.502414593], [-1316.8209039330004, 627.496933808], [-1404.8557393910005, 669.441893888], [-1492.8964727180005, 711.297425948], [-1580.9499324570006, 753.1019327619999], [-1669.0212425340005, 794.786922917]]]}}, {"type": "Feature", "properties": {"name": "Hillsborough", "__uuid": "3742d898-61d1-4241-9481-58bbdd49cba0", "market_name": "New York-Northern New Jersey-Long Island, NY-NJ-PA", "submarket_name": "central_nj", "neighborhood_name": "Hillsborough"}, "geometry": {"type": "Polygon", "coordinates": [[[-74.544022803, 40.552832299], [-149.09490385700002, 81.11246035100001], [-223.66238495700003, 121.68692631800002], [-298.284908007, 162.269384462], [-372.916739622, 202.843235606], [-447.57932997300003, 243.417394162], [-522.375073274, 283.94296412], [-597.182958182, 324.466072958], [-672.0353623139999, 364.969181848], [-746.899098612, 405.455978672], [-821.757978267, 445.917530148], [-896.616453202, 486.356291089], [-971.4805942200001, 526.775335064], [-1046.183251872, 567.099410311], [-1120.641863235, 607.600057256], [-1195.117877567, 648.105935725], [-1269.6052240650001, 688.61704531], [-1344.1168537760002, 729.1543043529999], [-1418.6430534150002, 769.6918709759999], [-1493.1835653920002, 810.2422306509999], [-1567.7275881950002, 850.7950629499999]]]}}, {"type": "Feature", "properties": {"name": "Forest Park", "__uuid": "3799dce0-d93f-445f-ab73-92edf4049600", "market_name": "Atlanta-Sandy Springs-Marietta, GA", "submarket_name": "Suburbs Atlanta", "neighborhood_name": "Forest Park"}, "geometry": {"type": "Polygon", "coordinates": [[[-84.268904521, 33.543486961], [-168.539382471, 67.10368785], [-252.823249943, 100.694466488], [-337.117823803, 134.297149987], [-421.41710948900004, 167.925222469], [-505.74562587700007, 201.60102536300002], [-590.0825200400001, 235.27354064200003], [-674.4286387220001, 268.975483768], [-758.8222535660001, 302.69794114], [-843.2223744550001, 336.408166468], [-927.6263971440002, 370.10785687599997], [-1012.0204685530002, 403.78784405], [-1096.4133985500002, 437.444696213], [-1180.8123084580002, 471.08065767], [-1265.205093168, 504.68561049699997], [-1349.587067671, 538.2738497309999], [-1433.855972192, 571.8173366919999]]]}}, {"type": "Feature", "properties": {"name": "Tamiami", "__uuid": "37ce2f14-b987-48c9-a841-cf95d71b7083", "market_name": "Miami-Fort Lauderdale-Pompano Beach, FL", "submarket_name": "West Miami", "neighborhood_name": "Tamiami "}, "geometry": {"type": "Polygon", "coordinates": [[[-80.387992859, 25.810709195], [-160.869369507, 51.622036533], [-241.40808105499997, 77.258610611], [-321.792297364, 102.88620813], [-402.180290223, 128.69691732500002]]]}}, {"type": "Feature", "properties": {"name": "Anaheim", "__uuid": "38142288-e185-489c-8b92-8b334022ae16", "market_name": "Los Angeles-Long Beach-Santa Ana, CA", "submarket_name": "Orange_County", "neighborhood_name": "Anaheim"}, "geometry": {"type": "Polygon", "coordinates": [[[-118.089637756, 33.785995826], [-236.180305481, 67.568567473], [-354.268913269, 101.34343421700001], [-472.309112549, 135.11858634], [-590.3170394900001, 168.893738463], [-708.3191299440001, 202.666607526], [-826.3016510010001, 236.437478862], [-944.2745590210001, 270.204069197], [-1062.196655273, 303.97123034400005], [-1180.092315673, 337.75037767500004], [-1297.967033385, 371.52952500600003], [-1415.826988219, 405.307816237], [-1533.675270079, 439.083824492], [-1651.507759093, 472.90975895500003], [-1769.344711302, 506.74139741600004], [-1887.1806335429999, 540.5784543220001], [-2005.010375975, 574.4232105330001], [-2122.850761412, 608.2748099890001], [-2240.71620941, 642.1212770630001], [-2358.592300413, 675.9703103660001], [-2476.48384094, 709.8239056650001], [-2594.464302061, 743.67978187], [-2712.489051817, 777.5342325160001], [-2830.527877806, 811.3941001610001], [-2948.593826292, 845.2702167400001], [-3066.695137022, 879.1457632340001], [-3184.7912941199997, 913.0022379990002], [-3302.8720054849996, 946.8281724620001], [-3420.9532665909996, 980.6316583050001], [-3539.0394711199997, 1014.4293523770001], [-3657.129108876, 1048.215348203]]]}}, {"type": "Feature", "properties": {"name": "nampa", "__uuid": "38a4473f-ee0d-4cf5-aea7-f16ef32ea90a", "market_name": "Boise City-Nampa, ID", "submarket_name": "west boi", "neighborhood_name": "nampa "}, "geometry": {"type": "Polygon", "coordinates": [[[-116.679110659, 43.55867479], [-233.331584259, 87.118944977], [-349.976853762, 130.67674141999998], [-466.618090988, 174.22233322199997], [-583.235659729, 217.76238153099996], [-699.842710133, 261.301364097], [-816.442483746, 304.828466284], [-933.076905564, 348.35134535], [-1049.649200947, 391.84049876499995], [-1166.082341394, 435.329633911], [-1282.517074592, 478.91293454799995], [-1398.951550324, 522.574742458], [-1515.449464614, 566.2377725409999], [-1632.107380368, 609.900898743], [-1748.7810465859998, 653.5564451079999], [-1865.4547128039999, 697.1627463099999], [-1982.1338234629998, 740.7214210999998]]]}}, {"type": "Feature", "properties": {"name": "pleasant view ", "__uuid": "38fa4c0f-93b3-4812-a0ae-7929f4c95b59", "market_name": "Ogden-Clearfield, UT", "submarket_name": "north ogden ", "neighborhood_name": "pleasant view "}, "geometry": {"type": "Polygon", "coordinates": [[[-112.016206914, 41.245434087], [-223.96679645799998, 82.489640228], [-335.912280022, 123.73171930699999], [-447.849832516, 164.97263142], [-559.780128139, 206.211980023], [-671.7104722290001, 247.458289298], [-783.656035252, 288.723829462], [-895.6022458890001, 329.99837455100004], [-1007.547808912, 371.280706681], [-1119.485924372, 412.57374447700005], [-1231.4233922180001, 453.87310752200005], [-1343.3537363080002, 495.1729570990001], [-1455.2824613630003, 536.4925081810001], [-1567.2254339290002, 577.8137615830001], [-1679.1680826880001, 619.1374467930001], [-1791.1149409390002, 660.4613751790001], [-1903.0621229970002, 701.7960024030001], [-2015.0190192680002, 743.1306296270001], [-2126.975915539, 784.4674450330001], [-2238.947706935, 825.8047466920001], [-2350.919174524, 867.1478831000001], [-2462.895823027, 908.491262611], [-2574.928490154, 949.8361007230001], [-2686.965366773, 991.1775353830001], [-2798.991557759, 1032.493681692], [-2911.017424938, 1073.793288003], [-3023.043939731, 1115.074646804], [-3135.070130717, 1156.342377469], [-3247.093731246, 1197.60085885], [-3359.112798476, 1238.853741344], [-3471.12900539, 1280.0991754309998]]]}}, {"type": "Feature", "properties": {"name": "sanoma", "__uuid": "3afbac1d-3806-4a25-a22d-d82b70f87892", "market_name": "Santa Rosa-Petaluma, CA", "submarket_name": "south santa ", "neighborhood_name": "sanoma "}, "geometry": {"type": "Polygon", "coordinates": [[[-122.443513372, 38.112387315], [-244.85270512, 76.24535423399999], [-367.25659558899997, 114.390898271], [-489.559404567, 152.64727123], [-611.909711133, 190.907906623], [-734.353655801, 229.198372049], [-856.8675857679999, 267.570459157], [-979.3930519909999, 305.926690253], [-1101.9129632, 344.278628155], [-1224.475724978, 382.586876867], [-1346.984809195, 420.82406578], [-1469.512523743, 459.061437099], [-1592.042525661, 497.285330847], [-1714.588161959, 535.493327892], [-1837.130872252, 573.681299024], [-1959.662263779, 611.8510409290001], [-2082.184860072, 649.9961771940001], [-2204.69767752, 688.1338094280001], [-2327.202328272, 726.24880441], [-2449.6855686510003, 764.357761305], [-2572.1426366600003, 802.473417517], [-2694.586150032, 840.585804832]]]}}, {"type": "Feature", "properties": {"name": "Balcones Hills", "__uuid": "3c3264ad-79d6-417b-b123-795ba6096c89", "market_name": "Austin-Round Rock-San Marcos, TX", "submarket_name": "North West Austin", "neighborhood_name": "Balcones Hills"}, "geometry": {"type": "Polygon", "coordinates": [[[-97.75806427, 30.309763646], [-195.51475524900002, 60.631530506000004], [-293.271102905, 90.968558589], [-391.03330964400004, 121.31091493699999], [-488.799956983, 151.651646842], [-586.584800428, 181.99311949399998], [-684.359515852, 212.30703256599998], [-782.127193159, 242.62079744699997], [-879.8852574289999, 272.930561093]]]}}, {"type": "Feature", "properties": {"name": "South_broooklyn", "__uuid": "3cdc1b09-9091-4792-96ce-051d5717aa4a", "market_name": "New York-Northern New Jersey-Long Island, NY-NJ-PA", "submarket_name": "NYC", "neighborhood_name": "South_broooklyn"}, "geometry": {"type": "Polygon", "coordinates": [[[-73.854217529, 40.636362062], [-147.70568847599998, 81.27897663], [-221.57363891499998, 121.946334952], [-295.466308593, 162.603536422], [-369.381637572, 203.25761239599998], [-443.34091186399996, 243.911167439], [-517.326965331, 284.570452492], [-591.324005126, 325.234946217], [-665.3409576409999, 365.899439942], [-739.3702697749999, 406.560808513], [-813.4208679199999, 447.200296901], [-887.4639129639999, 487.817376717], [-961.5000915529998, 528.403697653], [-1035.5026245119998, 568.96707055], [-1109.4488525389997, 609.537224369], [-1183.3243560789997, 650.12406676], [-1257.1785736079996, 690.760428822]]]}}, {"type": "Feature", "properties": {"name": "morristown", "__uuid": "3d0ff52c-a1be-4f9b-bc8f-ca55fbd49074", "market_name": "New York-Northern New Jersey-Long Island, NY-NJ-PA", "submarket_name": "central_nj", "neighborhood_name": "morristown"}, "geometry": {"type": "Polygon", "coordinates": [[[-74.765451914, 40.888671932], [-149.477790447, 81.70703914399999], [-224.040955935, 122.49434507199999], [-298.526653861, 163.26220144599998], [-372.915149687, 203.97712201599998], [-447.276541672, 244.67572643299997], [-521.566709151, 285.33573354799995], [-595.8408755370001, 326.02387341799994], [-670.1041320860002, 366.72028536799996], [-744.3542968310002, 407.42469268699995], [-818.5975520130002, 448.14150471199997], [-892.8338976320001, 488.861899888], [-967.0498782230002, 529.605718609], [-1041.2607675570002, 570.366066632], [-1115.4632926830002, 611.1478966039999], [-1189.6479984100001, 651.9539542829999], [-1263.82761288, 692.772948138], [-1338.008318334, 733.6068017199999], [-1412.18065958, 774.454136246], [-1486.361728695, 815.31054823], [-1560.547525406, 856.177961527], [-1634.750050532, 897.0530746549999], [-1708.9707587189998, 937.9413854109999], [-1783.2349530959998, 978.8310611549999], [-1857.5217206599998, 1019.7137098909999], [-1931.8350449139998, 1060.576779457], [-2006.1815650319998, 1101.4303083549999], [-2080.637631499, 1142.2933779209998], [-2155.138180423, 1183.1956000379998], [-2229.663958203, 1224.104345328], [-2304.2335545230003, 1265.009076434], [-2378.8283796990004, 1305.9323711], [-2453.4371471380005, 1346.910823941], [-2528.1581165950006, 1387.841642889], [-2602.9235685090007, 1428.730314821]]]}}, {"type": "Feature", "properties": {"name": "Far South Dallas", "__uuid": "3d14b3fa-a969-4294-9966-8c6838e9bc30", "market_name": "Dallas-Fort Worth-Arlington, TX", "submarket_name": "Dallas Outskirts", "neighborhood_name": "Far South Dallas"}, "geometry": {"type": "Polygon", "coordinates": [[[-96.635742188, 32.687931475], [-193.458938599, 65.329619166], [-290.407104493, 98.000212026], [-387.395095826, 130.622238864], [-484.350128175, 163.20666675799998], [-581.006469728, 195.75637393099998], [-677.642211916, 228.44430540599998]]]}}, {"type": "Feature", "properties": {"name": "Katy Area", "__uuid": "3d15a21f-2bc1-428a-908a-905c33b907cc", "market_name": "Houston-Sugar Land-Baytown, TX", "submarket_name": "West Outskirts", "neighborhood_name": "Katy Area"}, "geometry": {"type": "Polygon", "coordinates": [[[-95.570068359, 29.879946094], [-191.249725633, 59.849712296], [-287.05658953, 89.865752839], [-383.058558112, 120.013375528], [-479.335871344, 150.157612036], [-575.607691412, 180.111356734], [-671.773768072, 209.895998075], [-767.868433599, 239.55183397], [-863.76534522, 269.24286924], [-959.540720586, 298.944044416], [-1055.228891973, 328.652972947], [-1150.88341773, 358.38754292500005], [-1246.529703741, 388.14774779800007], [-1342.178049688, 417.93358101000007], [-1437.8037363340002, 447.72120200000006], [-1533.376551275, 477.55291142500005], [-1628.9466196340002, 507.43285751900004]]]}}, {"type": "Feature", "properties": {"name": "Eden Praire", "__uuid": "3d1c8445-1bd6-46d3-8af0-d8c7b217473b", "market_name": "Minneapolis-St. Paul-Bloomington, MN-WI", "submarket_name": "Southwest Minneapolis ", "neighborhood_name": "Eden Praire"}, "geometry": {"type": "Polygon", "coordinates": [[[-93.453003654, 44.922887116], [-186.907246342, 89.869673464], [-280.41907607300004, 134.819909039], [-373.959658685, 179.746156844], [-467.523566306, 224.647954292], [-561.117253696, 269.557388548], [-654.7448284090001, 314.463186355], [-748.3949946710001, 359.32969585800004], [-842.0826423660001, 404.19001864600006], [-935.8200941570001, 449.05216112500005], [-1029.646371811, 493.90156456000005], [-1123.31296829, 538.640201755], [-1216.897219596, 583.3729091160001], [-1310.395861939, 628.1077281510001], [-1403.8050900130002, 672.8531261370001], [-1497.206223801, 717.6133200930001], [-1590.6168756430002, 762.3856214640001], [-1684.0300299000003, 807.1715793360001], [-1777.4666033360004, 852.0369971140002], [-1870.9196069900004, 896.9598842300002]]]}}, {"type": "Feature", "properties": {"name": "South Lake Travis", "__uuid": "3d8e1300-109f-4cc3-8624-e808dbae588e", "market_name": "Austin-Round Rock-San Marcos, TX", "submarket_name": "Lake Travis", "neighborhood_name": "South Lake Travis"}, "geometry": {"type": "Polygon", "coordinates": [[[-97.92597648, 30.325128331], [-195.86153861399998, 60.65830429099999], [-293.77615806, 91.01933065], [-391.691120829, 121.409087939], [-489.594602576, 151.804600013], [-587.522461409, 182.223325011], [-685.4702865080001, 212.65643121699998], [-783.4140883880001, 243.05270362399997], [-881.3723098240001, 273.441276299], [-979.3837462860001, 303.813855284], [-1077.4020492030002, 334.196504675], [-1175.3901397180002, 364.60166063400004], [-1273.3782302330003, 395.01688364200004], [-1371.3985930870003, 425.43181057500004], [-1469.4364654010003, 455.85088247400006], [-1567.4695311970004, 486.28712450000006], [-1665.4686080400004, 516.7455647950001], [-1763.4755813070003, 547.22767767], [-1861.4942275470003, 577.708902927], [-1959.5403396080003, 608.1484010150001], [-2057.5991546100004, 638.5813868700001], [-2155.6634627770004, 669.021180959], [-2253.7202178430002, 699.4731102860001], [-2351.7797194910004, 729.935397766], [-2449.8519240810006, 760.3994608190001], [-2547.9443847130005, 790.8676667500001], [-2646.0248290490003, 821.3586553580001], [-2744.1141997770005, 851.857335614], [-2842.2286330660004, 882.347140838], [-2940.3643523650003, 912.8301413219999], [-3038.562213083, 943.1802062359999], [-3136.509104868, 973.4887842999999], [-3234.435081348, 1003.8139126309999]]]}}, {"type": "Feature", "properties": {"name": "Palm Beach suburbs", "__uuid": "3dc614f8-438a-4a66-9d31-0a19afa92ced", "market_name": "Miami-Fort Lauderdale-Pompano Beach, FL", "submarket_name": "West Palm Beach", "neighborhood_name": "Palm Beach suburbs"}, "geometry": {"type": "Polygon", "coordinates": [[[-80.087902616, 27.025556999], [-160.295091481, 54.039168243], [-240.54609856099998, 80.90551156699999], [-320.834871144, 107.72161618799998], [-401.200931739, 134.48929914599998], [-481.570728492, 161.17848264299997], [-561.798389625, 187.71726267899996], [-641.836939171, 214.25874650999995], [-721.8624257910001, 241.04896832199995], [-801.950328407, 268.07452532099995]]]}}, {"type": "Feature", "properties": {"name": "lone tree", "__uuid": "3dcbf5ac-182c-4e68-b961-d9a8f2e496d8", "market_name": "Denver-Aurora-Broomfield, CO", "submarket_name": "north castle rock ", "neighborhood_name": "lone tree"}, "geometry": {"type": "Polygon", "coordinates": [[[-104.870683017, 39.555556521], [-209.762176643, 79.118827395], [-314.676670972, 118.682966289], [-419.613951855, 158.242713436], [-524.564524894, 197.80685233], [-629.523326411, 237.370015304], [-734.5061804019999, 276.935130103], [-839.507390228, 316.492925274], [-944.5396150859999, 356.057552122], [-1049.5762706619998, 395.618763216], [-1154.6116603189998, 435.15410670899996], [-1259.640087418, 474.678709875], [-1364.65522236, 514.186711086], [-1469.6507355469998, 553.6722445129999], [-1574.6380202569999, 593.1421438949999], [-1679.621507208, 632.6012928329999], [-1784.596132721, 672.0511559599998], [-1889.568226395, 711.4931984959999], [-1994.524496073, 750.9303527169999], [-2099.464308795, 790.3645737839998], [-2204.387664561, 829.7948837869999], [-2309.2951963319997, 869.22421599], [-2414.183106348, 908.644258406], [-2519.058990127, 948.0696792699999], [-2623.938671665, 987.503411466], [-2728.812656565, 1026.94692043], [-2833.687907384, 1066.4006935230002], [-2938.560626364, 1105.8803645950002], [-3043.4358771830002, 1145.3854356370002], [-3148.302266565, 1184.9095505660002], [-3253.172949582, 1224.4651070870002]]]}}, {"type": "Feature", "properties": {"name": "Las Colinas", "__uuid": "3dcc9cf1-0af8-4cb1-babf-28fceae04a7c", "market_name": "Dallas-Fort Worth-Arlington, TX", "submarket_name": "Central DFW", "neighborhood_name": "Las Colinas"}, "geometry": {"type": "Polygon", "coordinates": [[[-96.902415938, 32.809574476], [-193.802173323, 65.677051087], [-290.70090074, 98.58344861699999], [-387.641513533, 131.49561075499997], [-484.57388658, 164.47778288299997], [-581.533725447, 197.47723289099997], [-678.5213734570001, 230.46199691699996], [-775.525500959, 263.45309637199995], [-872.562244123, 296.42374803399997], [-969.60310716, 329.35925299499996], [-1066.58079881, 362.256714641], [-1163.597218968, 395.0927991], [-1260.519492629, 427.906281423], [-1357.4219085670002, 460.715855899]]]}}, {"type": "Feature", "properties": {"name": "green valley ranch", "__uuid": "3de84010-eb38-49b2-ac9a-80a79e90b094", "market_name": "Las Vegas-Paradise, NV", "submarket_name": "the heights ", "neighborhood_name": "green valley ranch "}, "geometry": {"type": "Polygon", "coordinates": [[[-115.014228746, 36.033532213], [-230.10351419900002, 72.056533205], [-345.20364053000003, 108.07936501399999], [-460.30458002200004, 144.096316232], [-575.4404633820001, 180.08722004499998], [-690.612011743, 216.053166765], [-805.7940490970001, 252.01505708099998], [-920.9764297730001, 287.96444144199995], [-1036.1632736450001, 323.90354164599995], [-1151.3532074220002, 359.83736027599997], [-1266.5287216430002, 395.76256084399995], [-1381.6747101070002, 431.69248756199994], [-1496.8062790160002, 467.6162980319999], [-1611.9158752680003, 503.54122058199994], [-1727.0168884520003, 539.4666991659999], [-1842.1158416990004, 575.3891195129999], [-1957.2048385860003, 611.3134860249999], [-2072.286282373, 647.2448027339999], [-2187.367039514, 683.1797333029999], [-2302.453289819, 719.1171656789999], [-2417.519284082, 755.0573777479999], [-2532.596264673, 791.003426853], [-2647.673588587, 826.9558684079999], [-2762.752285792, 862.9105333019999], [-2877.824459864, 898.8768697019999], [-2992.9000671639997, 934.8473740789999], [-3107.9725845589996, 970.8201012869999], [-3223.0488785039997, 1006.795884785], [-3338.1320389039997, 1042.779169586], [-3453.201809717, 1078.771899457], [-3568.264885736, 1114.755739881], [-3683.312683893, 1150.741247153], [-3798.359452081, 1186.739254658], [-3913.3633233660003, 1222.763650117], [-4028.377552112, 1258.79718233]]]}}, {"type": "Feature", "properties": {"name": "kent", "__uuid": "3eacd03c-10fe-4966-98fd-481f973ce0e5", "market_name": "Seattle-Tacoma-Bellevue, WA", "submarket_name": "south east sea ", "neighborhood_name": "kent "}, "geometry": {"type": "Polygon", "coordinates": [[[-122.250775584, 47.302577174], [-244.45957355299998, 94.605353423], [-366.64547464099996, 141.903551039], [-488.82227568699994, 189.20552986500002], [-610.995260586, 236.51367862400002], [-733.16296159, 283.828792609], [-855.317746405, 331.162613589], [-977.466806999, 378.498423827], [-1099.61366597, 425.840599896], [-1221.752599098, 473.18894195300004], [-1343.849407837, 520.560047442], [-1465.8985147409999, 567.952723677], [-1587.9480619699998, 615.353034212], [-1710.0100850629997, 662.793559686], [-1832.0897211409997, 710.2823307589999], [-1954.1887542109996, 757.7834532219999], [-2076.2863067659996, 805.30072058], [-2198.3508264509996, 852.829148833], [-2320.4008154229996, 900.363027344], [-2442.4373011069997, 947.90413957], [-2564.4743912, 995.447657456], [-2686.521151125, 1042.99431798], [-2808.57917092, 1090.546670266], [-2930.6479349479996, 1138.103576702], [-3052.728746644, 1185.674405053], [-3174.8271713249997, 1233.2476100130002], [-3296.9315403889996, 1280.8200223620001], [-3419.0302586199996, 1328.383719933], [-3541.1348478459995, 1375.940682891], [-3663.2514726119994, 1423.497943006], [-3785.3793990429995, 1471.034199989], [-3907.5372675489994, 1518.572141486], [-4029.6986586519993, 1566.098191077], [-4151.855499733999, 1613.6147245759998], [-4274.0082311199985, 1661.1229312649998], [-4396.176520641999, 1708.6277669329997], [-4518.356552153999, 1756.1240749659999], [-4640.553022452998, 1803.6258369209997], [-4762.740686258999, 1851.1173847409998], [-4884.934514609999, 1898.6028815229997], [-5007.131572007998, 1946.0823272669998], [-5129.337142348998, 1993.5510597399998], [-5251.571480565998, 2041.016418498], [-5373.825193065998, 2088.47780827], [-5496.102095996998, 2135.940785748], [-5618.395437713998, 2183.402770927], [-5740.700814970998, 2230.869022767], [-5863.019695515998, 2278.3381521369997], [-5985.363527789998, 2325.8071822549996], [-6107.732311792998, 2373.2753193709996], [-6230.117241031998, 2420.7255939069996], [-6352.468118499998, 2468.1683246469997], [-6474.8189959679985, 2515.5856366969997], [-6597.146389455998, 2562.9886453379995], [-6719.478479739998, 2610.3318157089993], [-6841.802644180998, 2657.677273440999], [-6964.116534379998, 2705.025814139999], [-7086.411343845997, 2752.373360383999], [-7208.703804912997, 2799.7037989259993], [-7331.008225780997, 2846.9966824839994], [-7453.281606114997, 2894.3026434029994], [-7575.540014701997, 2941.6086044299996], [-7697.790203540997, 2988.9140678719996], [-7820.040979124997, 3036.2166450459995]]]}}, {"type": "Feature", "properties": {"name": "Monterey_park", "__uuid": "3f3eed17-4533-444b-a980-384ac08b1778", "market_name": "Los Angeles-Long Beach-Santa Ana, CA", "submarket_name": "East_LA", "neighborhood_name": "Monterey_park"}, "geometry": {"type": "Polygon", "coordinates": [[[-118.224563599, 34.027624048], [-236.447067261, 68.045004222], [-354.66620495300003, 102.056148855], [-472.88012554600004, 136.063995425], [-591.0827164880001, 170.071841995], [-709.258184933, 204.063891732], [-827.3739152190001, 238.097490801], [-945.475569272, 272.134361728], [-1063.541555423, 306.17713516099997], [-1181.605236173, 340.21954716299996], [-1299.671699643, 374.291404845], [-1417.843906522, 408.35259736399996], [-1536.029331327, 442.40739013999996], [-1654.2284890419999, 476.462325138], [-1772.4343415509998, 510.51526901], [-1890.6463738689997, 544.569350674], [-2008.8673875439997, 578.623727425], [-2127.0883462539996, 612.658606802], [-2245.3104107799995, 646.689193324], [-2363.5349743789993, 680.716817372]]]}}, {"type": "Feature", "properties": {"name": "Pasadena", "__uuid": "3fcbde8e-cc85-4588-9566-1dc9dc63a7e3", "market_name": "Houston-Sugar Land-Baytown, TX", "submarket_name": "South East Houston", "neighborhood_name": "Pasadena"}, "geometry": {"type": "Polygon", "coordinates": [[[-95.247173309, 29.713550438], [-190.42589592500002, 59.33301434], [-285.55427956100004, 88.966471348], [-380.67474146200004, 118.619713045], [-475.81412190900005, 148.293417459], [-570.964485062, 177.97948634800002], [-666.107219861, 207.69366106100003], [-761.251748605, 237.42975774900003], [-856.4209876489999, 267.17654983200003], [-951.6134070649999, 296.91178802300004], [-1046.8310546169998, 326.635028867], [-1142.0782279259997, 356.34857930500004]]]}}, {"type": "Feature", "properties": {"name": "Mt Juliet-Lebanon", "__uuid": "40080822-2c04-4660-a753-d5daa245b1c7", "market_name": "Nashville-Davidson--Murfreesboro--Franklin, TN", "submarket_name": "Outskirts", "neighborhood_name": "Mt Juliet-Lebanon"}, "geometry": {"type": "Polygon", "coordinates": [[[-86.439056396, 36.336700069], [-172.957763671, 72.62194238800001], [-259.48814392, 108.76314424600001], [-345.91140747000003, 144.86219190900002], [-432.337417602, 180.88297252400002], [-518.76804442, 216.86944455300002], [-605.1113872650001, 252.889555943], [-691.262052548, 288.981945612], [-777.349546444, 325.247259685], [-863.512571346, 361.59446845], [-949.9516277419999, 397.93116851900004]]]}}, {"type": "Feature", "properties": {"name": "Pembroke Pines", "__uuid": "40406bf2-2a77-480b-a79b-8482ad987cb3", "market_name": "Miami-Fort Lauderdale-Pompano Beach, FL", "submarket_name": "North Miami", "neighborhood_name": "Pembroke Pines"}, "geometry": {"type": "Polygon", "coordinates": [[[-80.118691523, 25.931340513], [-160.226161977, 51.986931928999994], [-240.66119005299998, 78.032610912], [-321.104548491, 103.959056592], [-401.223240014, 129.890397105]]]}}, {"type": "Feature", "properties": {"name": "waukegan", "__uuid": "406f3fb7-def3-4a5c-a76c-200d7233af51", "market_name": "Chicago-Joliet-Naperville, IL-IN-WI", "submarket_name": "northern boarder", "neighborhood_name": "waukegan"}, "geometry": {"type": "Polygon", "coordinates": [[[-88.502597496, 42.127774964], [-176.972362461, 84.202413549], [-265.27082778, 126.219488611], [-353.308334505, 168.166133675], [-441.359059397, 210.159988836], [-529.405279898, 252.222588104], [-617.400684289, 294.46704287800003], [-705.209171183, 336.70991421400004], [-793.010711163, 379.07144025200006], [-880.808833643, 421.5408898950001], [-968.619947099, 464.1361410500001], [-1056.560015203, 506.7492913870001], [-1144.5822682859998, 549.3808555290001], [-1232.6754448499998, 592.0158744390001], [-1320.9100981909999, 634.6768239810001], [-1409.1907540189998, 677.3308451690001], [-1497.5176407219997, 719.9923179400001], [-1585.9533283509998, 762.6187671300002], [-1674.3983656029998, 805.1155001290001], [-1762.8465069589997, 847.4521329570001], [-1851.3491044549996, 889.5799079210001]]]}}, {"type": "Feature", "properties": {"name": "fremont", "__uuid": "413f7fc3-d6bf-43da-ae84-23f7035165cd", "market_name": "San Francisco-Oakland-Fremont, CA", "submarket_name": "east sf ", "neighborhood_name": "fremont "}, "geometry": {"type": "Polygon", "coordinates": [[[-121.899065005, 37.515906154], [-243.815905057, 75.065067164], [-365.77838123600003, 112.64714737099999], [-487.763248701, 150.236337374], [-609.804533478, 187.873944616], [-731.864863599, 225.509131051], [-853.942191255, 263.14307708399997], [-976.040442435, 300.776494895], [-1098.148531491, 338.404170321], [-1220.268582629, 376.030637281], [-1342.4023962340002, 413.656609419], [-1464.4940015070001, 451.250073975], [-1586.5771596920001, 488.822668795], [-1708.6473988010002, 526.3838418490001], [-1830.7226067860001, 563.926106062], [-1952.7809206210002, 601.4482744420001], [-2074.8327749180003, 638.9613781940001], [-2196.8672381520005, 676.4776349850001], [-2318.8609566090004, 713.9800962480001], [-2440.8040298180003, 751.4590118320001], [-2562.7384521450003, 788.9337896580001], [-2684.6745316490005, 826.4169328980001], [-2806.5809225500007, 863.9106756250002], [-2928.4799875550007, 901.4265817790002]]]}}, {"type": "Feature", "properties": {"name": "Inglewood", "__uuid": "41ed8ee6-e8d2-458f-9200-c892a8e7fbc1", "market_name": "Los Angeles-Long Beach-Santa Ana, CA", "submarket_name": "South_LA", "neighborhood_name": "Inglewood"}, "geometry": {"type": "Polygon", "coordinates": [[[-118.367900848, 33.930969501], [-236.72756195, 67.864360265], [-355.081214904, 101.799317692], [-473.42765807999996, 135.732423605], [-591.764316558, 169.65855037300003], [-710.09771347, 203.584249827], [-828.408107757, 237.510519032], [-946.7033958430001, 271.440349091], [-1064.978863305, 305.370001619], [-1183.247807635, 339.298514688], [-1301.494779309, 373.22873694000003], [-1419.726644782, 407.15810460500006], [-1537.949927186, 441.08918143600005], [-1656.1306375679999, 475.00316506], [-1774.3113479499998, 508.923701486], [-1892.489998396, 542.848511206], [-2010.6696788099998, 576.778163734], [-2128.848672579, 610.7115194], [-2247.023203152, 644.6505718870001], [-2365.1925838829998, 678.6337618110001], [-2483.3653978419998, 712.6229298840001], [-2601.545764902, 746.616937103], [-2719.747761295, 780.623467891], [-2837.9628039530003, 814.630852491], [-2956.1826531290003, 848.641936846], [-3074.405248887, 882.656720794], [-3192.631621196, 916.6851633829999], [-3310.873786351, 950.7081996899999], [-3429.147193877, 984.7457468189999], [-3547.420944726, 1018.773335808], [-3665.701218707, 1052.790965488], [-3783.981492688, 1086.802619022], [-3902.303995368, 1120.8128496020001], [-4020.634737794, 1154.816818901], [-4138.96548022, 1188.805132979], [-4257.324456284, 1222.7934019260001], [-4375.687612677, 1256.7807910160002], [-4494.063068992, 1290.7685898060001], [-4612.4411210729995, 1324.7579235700002], [-4730.8305716899995, 1358.7468069790002], [-4849.224828824999, 1392.7342670520002], [-4967.623892479, 1426.722011794], [-5086.016573213999, 1460.7015615530001], [-5204.389887660999, 1494.6716550150002], [-5322.760798848999, 1528.6380469370001], [-5441.128699696999, 1562.569016438]]]}}, {"type": "Feature", "properties": {"name": "boise", "__uuid": "41feca47-cbcc-4637-9f5e-bd20df007f5b", "market_name": "Boise City-Nampa, ID", "submarket_name": "central boi", "neighborhood_name": "boise  "}, "geometry": {"type": "Polygon", "coordinates": [[[-116.20915461, 43.640421454], [-232.442634542, 87.295804338], [-348.711127679, 130.97673340199998], [-464.98985825200003, 174.66133521499998], [-581.268991283, 218.311478051], [-697.51895912, 261.941918369], [-813.771731973, 305.570627244], [-930.025077585, 349.188159302], [-1046.305991895, 392.79130766699996], [-1162.595014646, 436.38917136199996], [-1278.875928956, 479.98292443799994], [-1395.1396180020001, 523.568478035], [-1511.375530466, 567.140792617], [-1627.5769309040002, 610.698544457], [-1743.785255898, 654.248926441], [-1859.949881171, 697.791510877], [-1976.091292644, 741.2963066809999], [-2092.2047722840002, 784.8215292689999], [-2208.279734643, 828.3494292769999], [-2324.376435823, 871.9029861009999], [-2440.488289145, 915.4744194849999], [-2556.601764155, 959.0543705699998], [-2672.7537542580003, 1002.6375521919998], [-2788.916690756, 1046.2377646869998], [-2905.0970604020004, 1089.8494262649997], [-3021.2737812490004, 1133.4666648129996], [-3137.465502712, 1177.0962295629997], [-3253.64627778, 1220.7313696219996], [-3369.8554323900003, 1264.3717910759997]]]}}, {"type": "Feature", "properties": {"name": "dedham", "__uuid": "429bcdb2-79ca-4f2e-8da0-215e79a58359", "market_name": "Boston-Cambridge-Quincy, MA-NH", "submarket_name": "south west bos", "neighborhood_name": "dedham"}, "geometry": {"type": "Polygon", "coordinates": [[[-71.537120609, 42.192954346], [-143.110100457, 84.34787746800001], [-214.670473583, 126.500947696], [-286.222110217, 168.647418572], [-357.759449378, 210.773606162], [-429.286560017, 252.90460098699998], [-500.804501984, 295.03213301], [-572.317698053, 337.152440468], [-643.8207689999999, 379.25572697900003], [-715.3112316099999, 421.341429229], [-786.7822025119999, 463.42642944600004], [-858.1992149429999, 505.501873368], [-929.6001711929999, 547.564576361], [-1000.9844197599999, 589.623709684], [-1072.3283112499998, 631.663505046], [-1143.6251663469998, 673.700160484], [-1214.8799552619998, 715.729725367], [-1286.1147446379998, 757.786481109], [-1357.3365033869998, 799.8695605109999], [-1428.5703531269999, 841.9774458499999], [-1499.7989967039998, 884.1033542469999], [-1571.0149529399998, 926.2425031949998], [-1642.203383785, 968.3981604559998], [-1713.3425505179998, 1010.6075292189998], [-1784.471423476, 1052.8129730079997], [-1855.5782191389999, 1095.0190570239997], [-1926.656013809, 1137.2225108659998], [-1997.727537347, 1179.4391293519998], [-2068.798699116, 1221.6850521559998], [-2139.851573839, 1263.9587771589997], [-2210.887555274, 1306.2454912219998], [-2281.930320678, 1348.5481783229998], [-2352.9511504820002, 1390.8542322079998], [-2423.9564613850002, 1433.1963129449998], [-2495.0083231390004, 1475.5650172219998], [-2566.0729847560006, 1517.9336317379998], [-2637.1477960710004, 1560.2944555809997], [-2708.2376744050002, 1602.6470868029996], [-2779.3499030780004, 1644.9988445289996], [-2850.4682567820005, 1687.3545595219996], [-2921.6459436960004, 1729.7115839119997], [-2992.8595282940005, 1772.0608534769997], [-3064.1057138280003, 1814.4063967029997], [-3135.3591526560003, 1856.7488526459997], [-3206.6204814000002, 1899.0879501619997], [-3277.8710202310003, 1941.4136604389998], [-3349.1060659890004, 1983.7314316599998], [-3420.3667245090005, 2026.0468228609998], [-3491.6387553030004, 2068.3638268659997], [-3562.9245956380005, 2110.6753295159997], [-3634.2269496650006, 2152.9823552259995], [-3705.560356049001, 2195.2877986239996], [-3776.9324663420007, 2237.58816189], [-3848.3557783830006, 2279.888054181], [-3919.7931701350008, 2322.18968575], [-3991.2446399270007, 2364.489078766], [-4062.7051141810007, 2406.783499433], [-4134.183859175001, 2449.082987825], [-4205.673556872001, 2491.3824369870003], [-4277.204670626002, 2533.675468702], [-4348.758657497002, 2575.967867742], [-4420.323812229002, 2618.258449409], [-4491.872771363002, 2660.493952136], [-4563.418119387003, 2702.7084068850004], [-4634.955239996003, 2744.9013612310005]]]}}, {"type": "Feature", "properties": {"name": "san marcos ", "__uuid": "430008ee-4fdf-47da-8ccb-e1beca88ec57", "market_name": "San Diego-Carlsbad-San Marcos, CA", "submarket_name": "north sd valley ", "neighborhood_name": "san marcos"}, "geometry": {"type": "Polygon", "coordinates": [[[-117.12657119, 33.196202264], [-234.255945569, 66.390485289], [-351.389906984, 99.585408065], [-468.539923027, 132.779264587], [-585.691977753, 165.970775304], [-702.843522808, 199.159087096], [-819.998380723, 232.34462639100002], [-937.154257979, 265.52803293700003], [-1054.317525461, 298.71143948300005], [-1171.492770205, 331.894419473], [-1288.671072973, 365.077399463], [-1405.8524309260001, 398.264915302], [-1523.0391921470002, 431.454694153], [-1640.2299698680001, 464.645147986], [-1757.4273919910001, 497.831436373], [-1874.6245534010002, 531.016405652], [-1991.8268106930002, 564.198959084], [-2109.0316163380003, 597.374047411], [-2226.2420283610004, 630.546149518], [-2343.4553767800003, 663.712874498], [-2460.6604372610004, 696.8685505770001], [-2577.8571213330006, 730.0172490000001], [-2695.0640952480007, 763.1484714150001], [-2812.278094292001, 796.2813857980001], [-2929.5040157090007, 829.4117580260001], [-3046.7411614610005, 862.5414099820001], [-3163.9859115260006, 895.6718331150001], [-3281.2309811580008, 928.7997699570001], [-3398.4735024370007, 961.924718974], [-3515.7111818440007, 995.0471069170001], [-3632.944274214001, 1028.165226237], [-3750.174308560001, 1061.278436384], [-3867.403323565001, 1094.388231293], [-3984.6273824150007, 1127.492803995], [-4101.850281371001, 1160.594700656], [-4219.072415821001, 1193.694676014], [-4336.288689058001, 1226.7946513719999], [-4453.500884929002, 1259.892918871], [-4570.709513105002, 1292.988411026], [-4687.914573586002, 1326.082195234], [-4805.115908404002, 1359.1777181759999], [-4922.312782917002, 1392.2755785529998], [-5039.502808112002, 1425.3755539109998], [-5156.689567049002, 1458.4698100599999], [-5273.876000518002, 1491.5582420669998], [-5391.055856396002, 1524.6407844469998], [-5508.219527333002, 1557.7162252719997], [-5625.378742915002, 1590.7945812449998], [-5742.5343630040015, 1623.8782677749998], [-5859.684919239002, 1656.9650450479999], [-5976.825650384002, 1690.0543221879998], [-6093.963319777002, 1723.1531744739998], [-6211.094789932002, 1756.2533678699997], [-6328.209428781001, 1789.3427869589998], [-6445.321288256001, 1822.4389610659998], [-6562.427204427001, 1855.5412538709998], [-6679.532879117001, 1888.6452852639998], [-6796.637279631002, 1921.7523051939997], [-6913.740915638002, 1954.8633808329998], [-7030.841748456001, 1987.977444769], [-7147.941052262001, 2021.0930028159999], [-7265.044688269001, 2054.2166713049996], [-7382.149598453001, 2087.3441813209997], [-7499.254763473001, 2120.4819345879996], [-7616.360692999001, 2153.644224114], [-7733.475032092001, 2186.8184592459997], [-7850.601603282001, 2220.0146615099998]]]}}, {"type": "Feature", "properties": {"name": "east fremont", "__uuid": "44dd68a0-bd24-4a1c-9fc9-2db7025244d4", "market_name": "San Francisco-Oakland-Fremont, CA", "submarket_name": "east mountains ", "neighborhood_name": "east fremont "}, "geometry": {"type": "Polygon", "coordinates": [[[-121.468627625, 37.212663189], [-242.7385003, 74.756209344], [-364.099800224, 112.36943024], [-485.55262591999997, 150.041709892], [-607.1255998749999, 187.699422422], [-728.7447843699999, 225.363428591], [-850.426310922, 263.021152911], [-972.1980398869999, 300.676504914], [-1093.989644404, 338.31061113000004], [-1215.8011244220002, 375.92346539900007], [-1337.671554533, 413.51038986200007], [-1459.549945934, 451.08755165300005], [-1581.4551652690002, 488.65153694900005], [-1703.372325684, 526.2029809820001], [-1825.2699673900001, 563.7192746700001], [-1947.176676431, 601.2089285080001], [-2068.916009795, 638.5274559360001], [-2190.6458094719997, 675.8142987180001], [-2312.4159332359995, 713.0952313610002], [-2434.1943005389994, 750.3595642520002], [-2555.9491072939995, 787.5987127570002], [-2677.6627703859995, 824.8099076490001], [-2799.2460322209995, 861.9547968540002], [-2920.7146598459994, 899.1674600430001]]]}}, {"type": "Feature", "properties": {"name": "downtown santa rosa", "__uuid": "44fcd803-1b4d-44f1-8285-34b4bb23cd64", "market_name": "Santa Rosa-Petaluma, CA", "submarket_name": "central santa ", "neighborhood_name": "downtown santa rosa"}, "geometry": {"type": "Polygon", "coordinates": [[[-122.688889575, 38.388222765], [-245.33906522, 76.800609913], [-367.987185258, 115.215949932], [-490.638388706, 153.659738701], [-613.281369726, 192.116942802], [-735.908933694, 230.57736621100003], [-858.531701246, 269.04637374000004], [-981.177080474, 307.52262332500004], [-1103.833080338, 346.017913365], [-1226.515803093, 384.50140427900004], [-1349.212915096, 423.00071630700006], [-1471.947028024, 461.48152533300004], [-1594.699139986, 499.97674876100007], [-1717.469226036, 538.4725750790001], [-1840.239654687, 576.940241407], [-1963.072436748, 615.39342117], [-2085.940948375, 653.840611826], [-2208.797791236, 692.265873058], [-2331.636019347, 730.670512045], [-2454.463378801, 769.074798044], [-2577.275832407, 807.456225931], [-2700.06119988, 845.824735191], [-2822.84309207, 884.211233176], [-2945.5319816449996, 922.599455941]]]}}, {"type": "Feature", "properties": {"name": "encanto ", "__uuid": "46955d47-8778-434b-a41b-be28c85f1c24", "market_name": "Phoenix-Mesa-Glendale, AZ ", "submarket_name": "north phoenix", "neighborhood_name": "encanto"}, "geometry": {"type": "Polygon", "coordinates": [[[-112.108863297, 33.46229995], [-224.206489029, 66.92453656], [-336.299136581, 100.38648675200001], [-448.381141128, 133.84786410700002], [-560.459540786, 167.30967109000002], [-672.52792666, 200.77228246200002], [-784.5867569210001, 234.23466228], [-896.6349441770001, 267.697042098], [-1008.6729175810001, 301.159278708], [-1120.711062646, 334.623735019], [-1232.749293542, 368.08983816899996], [-1344.7878677610001, 401.55909170599995], [-1456.8264419800003, 435.03192508999996], [-1568.8682777650004, 468.51936271399995], [-1680.9121734860003, 502.010808915], [-1792.9558975460002, 535.504116177], [-1904.9996216060001, 569.001431744], [-2017.043345666, 602.501753418], [-2129.0868980650002, 636.006369349], [-2241.131308771, 669.515422455], [-2353.204730249, 703.024618692], [-2465.317290521, 736.53410119], [-2577.4307091, 770.036713161], [-2689.5437843560003, 803.529877266], [-2801.6568596120005, 837.01387882], [-2913.7702893910005, 870.4895843999999], [-3025.8814763720006, 903.9574059569999], [-3137.9903396690006, 937.4197059069999]]]}}, {"type": "Feature", "properties": {"name": "naperville", "__uuid": "4730d36f-32c9-4eb2-a854-64e36ba5348f", "market_name": "Chicago-Joliet-Naperville, IL-IN-WI", "submarket_name": "aurora", "neighborhood_name": "naperville"}, "geometry": {"type": "Polygon", "coordinates": [[[-88.476296316, 41.767785844], [-176.92575226600002, 83.517217224], [-265.37594694200004, 125.17809486300001], [-353.80021380600004, 166.565354729], [-442.04028788600004, 208.092294096], [-530.206352397, 249.72974871899999], [-618.279303087, 291.414808256], [-706.334912113, 333.219103511], [-794.3773924889999, 375.0757687], [-882.414692578, 417.020231796], [-970.7147471769999, 459.03524376800004], [-1059.185514826, 501.10866351400006], [-1147.6618111419998, 542.8764493580001]]]}}, {"type": "Feature", "properties": {"name": "essex_county_east_nj", "__uuid": "479bf460-d829-4223-b475-6239df89817b", "market_name": "New York-Northern New Jersey-Long Island, NY-NJ-PA", "submarket_name": "northeast_nj", "neighborhood_name": "essex_county_east_nj"}, "geometry": {"type": "Polygon", "coordinates": [[[-74.093147844, 40.926537355], [-148.216088635, 81.861190085], [-222.356661987, 122.81436663400001], [-296.506355628, 163.778716198], [-74.149693641, 40.964349564], [-148.302175258, 81.930714687], [-222.461765688, 122.90145949400001], [-296.620924133, 163.866659207], [-370.782890484, 204.823703523], [-444.94766474100004, 245.771286317], [-519.112007012, 286.709569397], [-593.2789064250001, 327.644283756], [-667.447029171, 368.57665209], [-741.615340122, 409.506389933], [-815.783556971, 450.433497181], [-889.953467666, 491.357689323], [-964.128930411, 532.279037335], [-1038.309511945, 573.195228232], [-1112.493685538, 614.1067304449999], [-1186.6861861749999, 655.018726219], [-1260.8832585229998, 695.92442881], [-1335.0844127549997, 736.827910135], [-1409.2863833639997, 777.723863279], [-1483.4899867269996, 818.6178416770001], [-1557.7009374819995, 859.513918241], [-1631.9185825269994, 900.405304695], [-1706.1383113649995, 941.294965691], [-1780.3481675139994, 982.177162793], [-1854.5488877409994, 1023.052452258], [-1928.7341358419994, 1063.920944796], [-2002.9137845069995, 1104.778070422], [-2077.0828237149994, 1145.623827185], [-2151.2628162259994, 1186.456901908], [-2225.4405701169994, 1227.275860299], [-2299.6239205589995, 1268.080134516], [-2373.8188372039995, 1308.870286271], [-2448.0219621229994, 1349.648290306], [-2522.2310566949996, 1390.4084925060001], [-2596.4140340329996, 1431.1585200880002], [-2670.5727596539996, 1471.90487312], [-2744.6960404579995, 1512.6557486460001], [-2818.7876074779997, 1553.3992749620002], [-2892.864250364, 1594.137430188], [-2966.930073253, 1634.876716206], [-3040.980225802, 1675.6069553510001], [-3115.003141807, 1716.334084349], [-3189.0152378159996, 1757.098808102], [-3262.9706221169995, 1797.948254006], [-3336.9461539979993, 1838.805601792], [-3410.9209396729993, 1879.6767756030001], [-3484.9151267209995, 1920.5626187730002], [-3558.9372965199996, 1961.4586157490003], [-3632.9814794159997, 2002.3701224750002], [-3707.0646303259996, 2043.2937734960003], [-3781.15777817, 2084.2203108510002]]]}}, {"type": "Feature", "properties": {"name": "gilroy", "__uuid": "4887e446-d4fe-4874-8b9e-1d88e96dc67a", "market_name": "San Jose-Sunnyvale-Santa Clara, CA", "submarket_name": "east watsonville", "neighborhood_name": "gilroy "}, "geometry": {"type": "Polygon", "coordinates": [[[-121.758865698, 37.181910823], [-243.518477824, 74.356090217], [-365.273611381, 111.520158087], [-487.022773512, 148.67946712399998], [-608.7711892140001, 185.83163735099998], [-730.5091549210001, 222.97726307599999], [-852.2448813430001, 260.115748699], [-973.9783684800001, 297.242927782], [-1095.7185734720001, 334.364155375], [-1217.4572856070001, 371.478240564], [-1339.178083464, 408.576252878], [-1460.8899241820002, 445.659513786], [-1582.5928077610001, 482.734437646], [-1704.291959199, 519.80161914], [-1825.979167785, 556.863440072], [-1947.651447806, 593.92228275], [-2069.315517116, 630.984699319], [-2190.975854285, 668.041754989], [-2312.630966456, 705.091066469], [-2434.2875714839997, 742.123099602], [-2555.9426836549997, 779.1479819240001], [-2677.5910779719998, 816.1686926290001], [-2799.239472289, 853.1822514570001], [-2920.840281805, 890.1926771940001], [-3042.437452483, 927.1836530520001], [-3164.014562902, 964.168294388], [-3285.5666679749997, 1001.1275957070001], [-3407.10720341, 1038.091065418], [-3528.6315040299996, 1075.041707727], [-3650.1037412799997, 1111.974750554], [-3771.5860553109997, 1148.9668268829998], [-3893.114461287, 1186.014634964], [-4014.674123946, 1223.0497866439998], [-4136.291168276, 1260.1717430079998], [-4257.875086133, 1297.3162538939998], [-4379.501805775, 1334.482472365], [-4501.215512564, 1371.692383424], [-4622.974378262, 1408.8742942469999]]]}}, {"type": "Feature", "properties": {"name": "gary", "__uuid": "49210163-cdc7-4235-b20f-5f0a94803f92", "market_name": "Chicago-Joliet-Naperville, IL-IN-WI", "submarket_name": "south east boarder", "neighborhood_name": "gary"}, "geometry": {"type": "Polygon", "coordinates": [[[-87.520326038, 41.716321691], [-175.046601225, 83.22011989699999], [-262.56637520799995, 124.231233331], [-349.452877825, 165.24506211], [-436.335763628, 206.295791934], [-522.931806802, 247.352568911], [-609.553295545, 288.651860157], [-696.174017085, 330.043388969], [-782.792875418, 371.51628148699996], [-869.4576654699999, 412.990419484], [-956.1516731739999, 454.510869529], [-1042.852640506, 496.115253429], [-1129.618062033, 537.77306249], [-1216.428565876, 579.4596206040001], [-1303.331344159, 621.188896514], [-1390.4751338190001, 662.826838444], [-1477.78374428, 704.445118784], [-1565.186346255, 746.083920771], [-1652.592811646, 787.782659588], [-1740.079641562, 829.466557555], [-1827.5999676, 871.182879246]]]}}, {"type": "Feature", "properties": {"name": "san rafael ", "__uuid": "4961d896-0c91-49e0-adc1-9967994c8829", "market_name": "San Francisco-Oakland-Fremont, CA", "submarket_name": "north sf ", "neighborhood_name": "san rafael "}, "geometry": {"type": "Polygon", "coordinates": [[[-122.505458397, 38.114229697], [-245.01974860299998, 76.25168891499999], [-367.543173412, 114.395534731], [-490.107031925, 152.510331276], [-612.893501386, 190.55159808], [-735.660095346, 228.56155160999998], [-858.390913404, 266.53704508299995], [-981.096887086, 304.48041348099997], [-1103.791929277, 342.4152329], [-1226.44423914, 380.32026184899996], [-1349.061766877, 418.200194729], [-1471.642524937, 456.058946147], [-1594.170612919, 493.886306429], [-1716.6490121479999, 531.713666711], [-1839.1204549519998, 569.550445737], [-1961.608792182, 607.4334091100001], [-2084.06731616, 645.295191892], [-2206.5029833119997, 683.1773709080001], [-2328.9903267669997, 721.1073804560001], [-2451.4667386959995, 759.0514979900001], [-2573.9530883759994, 797.0191228170002], [-2696.405649703999, 835.0000651030001], [-2818.850597699999, 872.9854902010001], [-2941.310597402999, 910.9892268540001], [-3063.7999284079992, 949.0085412370001], [-3186.2882656379993, 987.0622950850002], [-3308.7708209269995, 1025.1344930850003], [-3431.2541892819995, 1063.2422216590003], [-3553.7596476789995, 1101.3564513560002]]]}}, {"type": "Feature", "properties": {"name": "downtown ogden", "__uuid": "4a547322-4bb9-453b-a101-be87b56752fb", "market_name": "Ogden-Clearfield, UT", "submarket_name": "central ogden", "neighborhood_name": "downtown ogden"}, "geometry": {"type": "Polygon", "coordinates": [[[-112.016587052, 41.245089375], [-224.02721986900002, 82.467743878], [-336.03182272500004, 123.687088636], [-448.0301369470001, 164.898454108], [-560.0242138990001, 206.10319877900002], [-672.0197224620001, 247.30348087600004], [-784.0049879110002, 288.501640466], [-895.9434480020002, 329.69914488], [-1007.8733231960002, 370.897577076], [-1119.8012335400003, 412.134438632], [-1231.7327292670004, 453.373751211], [-1343.6785665250004, 494.61551472], [-1455.6292929410004, 535.8592389080001], [-1567.6458799930003, 577.1043282830001]]]}}, {"type": "Feature", "properties": {"name": "Flower Mound - Lewisville", "__uuid": "4a9f06cd-9347-443d-9de4-ccac2536c959", "market_name": "Dallas-Fort Worth-Arlington, TX", "submarket_name": "Denton Area", "neighborhood_name": "Flower Mound - Lewisville"}, "geometry": {"type": "Polygon", "coordinates": [[[-97.039146423, 32.962874498], [-194.076147079, 65.934462254], [-291.080617904, 98.927289475], [-388.068265914, 131.91406936799999], [-485.029134749, 164.91467111499998], [-581.965627669, 197.93571371599998], [-678.8883876790001, 230.986689297], [-775.920324325, 264.082545273], [-873.142118453, 297.183578283], [-970.3814220419999, 330.251530551], [-1067.560300826, 363.293009269], [-1164.599447249, 396.255883767]]]}}, {"type": "Feature", "properties": {"name": "Malibu", "__uuid": "4ab4a898-256d-46bb-a370-954b0ff34a6c", "market_name": "Los Angeles-Long Beach-Santa Ana, CA", "submarket_name": "Northwest", "neighborhood_name": "Malibu"}, "geometry": {"type": "Polygon", "coordinates": [[[-118.696886567, 34.152315347], [-237.408281831, 68.293108667], [-356.137529878, 102.43106039], [-474.877077607, 136.57526349900002], [-593.6392846379999, 170.72117145100003], [-712.3966851509999, 204.85343969500002], [-831.170565156, 238.98229766900002], [-949.9473634039999, 273.110018855], [-1068.724504975, 307.23361905800004], [-1187.50216153, 341.35423497600004], [-1306.2856545719999, 375.47200861900006], [-1425.0767007149998, 409.59134552500007], [-1543.8770147819998, 443.71557324400004], [-1662.6810380949998, 477.83366530700005], [-1781.4856454859998, 511.94831233800005], [-1900.2929264339998, 546.0605499330001], [-2019.1026593149998, 580.1685504500001], [-2137.9146481459998, 614.2729641230001], [-2256.7276293739997, 648.3736953670001], [-2375.5424739319997, 682.4710657310001], [-2494.3588927429996, 716.5673372430001], [-2613.1764864389997, 750.6611091250002], [-2731.9954825659997, 784.7508872160001], [-2850.8150649749996, 818.8379020380002], [-2969.6345730829994, 852.9225679150002], [-3088.4534283689995, 887.0043785390002], [-3207.2722836549997, 921.0834877660002], [-3326.0897229439997, 955.1596111260002], [-3444.904630018, 989.2338860590002], [-3563.7166188489996, 1023.3060281270001], [-3682.5279210339995, 1057.3744731030001], [-3801.3308118119994, 1091.4350967750001], [-3920.1306638199994, 1125.4930687540002], [-4038.9302290719993, 1159.5427129160003], [-4157.729860498, 1193.5838081440002], [-4276.531549646, 1227.6199678080002], [-4395.329633904999, 1261.6511484670002], [-4514.148832512999, 1295.68133329], [-4632.9804400759995, 1329.6976214380002], [-4751.792772229, 1363.6945101560002], [-4870.468118604, 1397.7175815240003], [-4988.989322918, 1431.7436567640002], [-5107.456799703, 1465.8176022310001], [-5225.934048849, 1499.908653824], [-5344.415417868, 1534.006813169], [-5462.893353659, 1568.109521162], [-5581.376782614, 1602.2204729559999], [-5699.859181601, 1636.3385308309998], [-5818.334027487001, 1670.4671046089998], [-5936.806126791001, 1704.6127284229997], [-6055.351353842001, 1738.7600570509996], [-6173.905163962001, 1772.9096587119996], [-6292.503606040001, 1807.0532935319995], [-6411.113377769001, 1841.2040316859996], [-6529.730656447001, 1875.3705658679996], [-6648.398618564001, 1909.5200320609997], [-6767.095505131, 1943.6723474079997]]]}}, {"type": "Feature", "properties": {"name": "farmington", "__uuid": "4b20bd0a-2a6f-4573-8d69-0b8730b28510", "market_name": "Ogden-Clearfield, UT", "submarket_name": "south ogden", "neighborhood_name": "farmington "}, "geometry": {"type": "Polygon", "coordinates": [[[-112.016567021, 41.053937817], [-224.025756275, 82.103190404], [-336.020966602, 123.14512165100001], [-447.98006469999996, 164.15541535100002], [-559.909263425, 205.14578131500002], [-671.820600188, 246.110056288], [-783.712910077, 287.057615879], [-895.595755061, 328.005342099], [-1007.472690963, 368.95321972700003], [-1119.344454809, 409.90186612], [-1231.2177378249999, 450.877648785], [-1343.096845394, 491.85431093700004], [-1454.974593901, 532.8478276430001], [-1566.8589435679999, 573.8451543470001], [-1678.7467879669998, 614.847169976], [-1790.6383212489998, 655.849185605], [-1902.5302428349999, 696.858380506], [-2014.4219702689998, 737.875046878], [-2126.319328104, 778.909875648], [-2238.223481251, 819.948512027], [-2350.125498729, 860.994323686], [-2462.027322055, 902.061510113], [-2573.9388108539997, 943.128725044], [-2685.853420443, 984.194559368], [-2797.785725597, 1025.257207898], [-2909.7259909729996, 1066.3198564279999], [-3021.6759639379998, 1107.3795771159998], [-3133.6395275259997, 1148.4403225629999], [-3245.6560959509998, 1189.500331342], [-3357.6726629719997, 1230.554269159]]]}}, {"type": "Feature", "properties": {"name": "calimesa", "__uuid": "4b33cd6a-16ca-4686-9b3b-2918a7ce1b2a", "market_name": "Riverside-San Bernardino-Ontario, CA", "submarket_name": "east riv ", "neighborhood_name": "calimesa "}, "geometry": {"type": "Polygon", "coordinates": [[[-116.975590363, 33.914854607], [-233.94565467500001, 67.821395731], [-350.89174353600004, 101.726139048], [-467.822594729, 135.767064306], [-584.770635017, 169.82611576300002], [-701.75149085, 203.89099267600002], [-818.776882066, 237.94486561500003], [-935.819462377, 272.02786360600004], [-1052.91282865, 306.125096867], [-1170.011664181, 340.195798835], [-1287.1644109640001, 374.263911939], [-1404.3171577470002, 408.320374177], [-1521.4792804000003, 442.373599779], [-1638.6484349550003, 476.432003939], [-1755.8472797650004, 510.47746111000004], [-1873.0771556810005, 544.5240895960001], [-1990.3624950280005, 578.5728115920001], [-2107.6607040320005, 612.5794288910001], [-2224.9364925890004, 646.5817542150002], [-2342.1806898740006, 680.5608652630002], [-2459.4111464290004, 714.5535601760002], [-2576.619459109, 748.5078576020003], [-2693.783155773, 782.4706792960003], [-2810.942153136, 816.4202673280003], [-2928.0722415669998, 850.3614292540002], [-3045.1843595799996, 884.2993501490002], [-3162.2831951109997, 918.2405120750002], [-3279.3679668369996, 952.1862112390002], [-3396.4410187249996, 986.1325585600001], [-3513.5023507759997, 1020.0808503220001], [-3630.5308672819997, 1054.016826538], [-3747.5250055979996, 1087.952802754], [-3864.5008415069997, 1121.879683872], [-3981.4764318699995, 1155.794538479]]]}}, {"type": "Feature", "properties": {"name": "Olney", "__uuid": "4b788625-92e1-472d-8023-c98c952eaf84", "market_name": "Washington-Arlington-Alexandria, DC-VA-MD-WV", "submarket_name": "North Maryland", "neighborhood_name": "Olney"}, "geometry": {"type": "Polygon", "coordinates": [[[-77.212591017, 39.315941109], [-154.63667854099998, 78.404443061], [-231.880178297, 117.441229369], [-309.055657289, 156.524457967], [-386.18949698200004, 195.555074097], [-463.227815618, 234.552132653], [-540.113573064, 273.66354797500003], [-617.170991887, 312.89101414400005], [-694.331048814, 352.16643681600004], [-771.527376512, 391.47410481800006], [-848.7399675290001, 430.79004592700005]]]}}, {"type": "Feature", "properties": {"name": "pleasanttown", "__uuid": "4c0c3b48-2b48-4fe8-afaf-3349d0b039c4", "market_name": "San Francisco-Oakland-Fremont, CA", "submarket_name": "east valley ", "neighborhood_name": "pleasanttown"}, "geometry": {"type": "Polygon", "coordinates": [[[-121.868121517, 37.590192164], [-243.680840087, 75.20459495], [-365.453559211, 112.86129841900001], [-487.13485103000005, 150.520558838], [-608.7556633690001, 188.18601118499998], [-730.3274122850002, 225.844649883], [-851.7851047180002, 263.51728365099996], [-973.3242867050002, 301.237098212], [-1094.8873192930002, 338.98049190999996], [-1216.5092893260003, 376.7212892609999], [-1338.1484271270003, 414.45510092099994], [-1459.8105422170004, 452.17862397499994], [-1581.4918083740004, 489.90535852999994], [-1703.1904758780004, 527.627891675], [-1824.9148083630005, 565.341204908], [-1946.6580383990004, 603.047186714], [-2068.4263363150003, 640.752743903], [-2190.211155459, 678.454519026], [-2312.0127288030003, 716.15815312], [-2433.8334214530005, 753.8635007299999], [-2555.6537909010003, 791.5877745299999], [-2677.4997433010003, 829.3237982439999], [-2799.3656352760004, 867.0695569579999], [-2921.2291328070005, 904.82516054], [-3043.0896094570003, 942.5892325269999], [-3164.945404215, 980.3664786149999], [-3286.803589102, 1018.1531398649998], [-3408.664107349, 1055.9512099499998], [-3530.532774289, 1093.7509942329998], [-3652.4131614899998, 1131.5537129119998], [-3774.3267119469997, 1169.3563081899997], [-3896.2667445159996, 1207.1647092029998], [-4018.2298327699996, 1244.9844694839999], [-4140.210444034999, 1282.8034397709998], [-4262.202867024, 1320.6218061409998], [-4384.192725997, 1358.4305911949998], [-4506.1786098699995, 1396.2305420279997], [-4628.15306533, 1434.0088976169998], [-4750.1150364879995, 1471.7664272809998], [-4872.063529569, 1509.5031311319997], [-4993.984569608, 1547.2052564559997], [-5115.890206134, 1584.8692372149997], [-5237.7735734670005, 1622.5108745949997], [-5359.641694984, 1660.1010667589997]]]}}, {"type": "Feature", "properties": {"name": "wible orchard", "__uuid": "4c1a9f54-42c0-41a8-b141-4098d72d2656", "market_name": "Bakersfield-Delano, CA", "submarket_name": "south bakers", "neighborhood_name": "wible orchard"}, "geometry": {"type": "Polygon", "coordinates": [[[-119.030207449, 35.29603968], [-238.033035014, 70.59191742600001], [-357.035824914, 105.94392912900001], [-476.075262725, 141.29640223], [-595.1054701740001, 176.59244191000002]]]}}, {"type": "Feature", "properties": {"name": "kern lake", "__uuid": "4c1afb7e-5c28-4905-8823-1a4266f204c8", "market_name": "Bakersfield-Delano, CA", "submarket_name": "south outskirts", "neighborhood_name": "kern lake "}, "geometry": {"type": "Polygon", "coordinates": [[[-119.000933186, 35.209269116], [-238.162492349, 70.418538232], [-357.300643707, 105.475981656], [-476.381486299, 140.491127608], [-595.38726248, 175.519493872], [-714.3438015520001, 210.541250247], [-833.344734738, 245.750519363]]]}}, {"type": "Feature", "properties": {"name": "Downtown_LA", "__uuid": "4c4324ef-642d-4b58-9535-7616e0754b22", "market_name": "Los Angeles-Long Beach-Santa Ana, CA", "submarket_name": "South_LA", "neighborhood_name": "Downtown_LA"}, "geometry": {"type": "Polygon", "coordinates": [[[-118.223876953, 34.081313004], [-236.459770203, 68.150113477], [-354.707937241, 102.213012512], [-472.96073913600003, 136.271574084], [-591.2200641630001, 170.32323792100001], [-709.490375519, 204.368003463], [-827.763948441, 238.406581396], [-946.021986008, 272.437477532], [-1064.265089035, 306.461402546], [-1182.494974136, 340.49066265299996], [-1300.720138549, 374.52077634399996], [-1418.94215193, 408.5548908779999], [-1537.1641653109998, 442.6029454079999], [-1655.3865220149999, 476.6579690769999], [-1773.6018406019998, 510.7152682599999], [-1891.8189492819997, 544.7834020669999], [-2010.0387187139997, 578.8560861349999], [-2128.2586598069997, 612.9333202199999], [-2246.4825367599997, 647.0146332239999]]]}}, {"type": "Feature", "properties": {"fill": "#555555", "name": "South East Fort Worth", "__uuid": "4c548ea7-df9b-4db6-ae83-509a192de1f9", "stroke": "#555555", "market_name": "Dallas-Fort Worth-Arlington, TX", "fill-opacity": "0.5", "stroke-width": "2", "stroke-opacity": "1", "submarket_name": "Fort Worth", "neighborhood_name": "South East Fort Worth"}, "geometry": {"type": "Polygon", "coordinates": [[[-97.215614319, 32.759562026], [-194.469680786, 65.51883533399999], [-291.78691864, 98.26598167099999], [-389.107246399, 130.93368443499998], [-486.35753631600005, 163.59676284999998], [-583.5982131960001, 196.26619968299997], [-680.8376884460001, 228.96034334199996], [-778.0593109130001, 261.68611909199996], [-875.2838516230001, 294.43023342799995], [-972.4994659420001, 327.189795454]]]}}, {"type": "Feature", "properties": {"name": "Willow - SW Houston", "__uuid": "4ce9de4c-2223-4788-bbcb-774c3c953381", "market_name": "Houston-Sugar Land-Baytown, TX", "submarket_name": "South West Houston", "neighborhood_name": "Willow - SW Houston"}, "geometry": {"type": "Polygon", "coordinates": [[[-95.461235046, 29.727713024], [-190.95027923499998, 59.450953868], [-286.45978030099997, 89.172587781], [-382.01714571799994, 118.890461747], [-477.5769143949999, 148.57016297], [-573.1368384589999, 178.227995025], [-668.655065083, 207.85488661600002], [-764.111150288, 237.45163148400002], [-859.499257588, 267.049868976], [-954.887364888, 296.711075063], [-1050.270322346, 326.39107456700003], [-1145.7308707470002, 356.07107407100006], [-1241.192105793, 385.7987870950001]]]}}, {"type": "Feature", "properties": {"name": "Banks", "__uuid": "4df172ea-c423-4714-b4ca-486d155939f3", "market_name": "Portland-Vancouver-Hillsboro, OR-WA", "submarket_name": "north west hills ", "neighborhood_name": "Banks"}, "geometry": {"type": "Polygon", "coordinates": [[[-122.762874082, 45.751651883], [-245.64243427399998, 91.513396247], [-368.579794909, 137.302808283], [-491.53264555, 183.114315507], [-614.797944948, 228.72515557499997], [-737.94790422, 274.177736719], [-861.028049008, 319.661608869], [-984.027188563, 365.146835195], [-1107.023435074, 410.66991014399997], [-1230.0289660419999, 456.22220284599996], [-1353.041075103, 501.79518730999996], [-1476.046241287, 547.3735612869999], [-1599.042659135, 592.9660908919999], [-1721.872837946, 638.54191391], [-1844.6713931139998, 684.108213548], [-1967.4424643629998, 729.6927385189999], [-2090.2400551829996, 775.3150454849999], [-2213.000789723, 820.972638506], [-2335.774415595, 866.6591758879999], [-2458.537289677, 912.410827771]]]}}, {"type": "Feature", "properties": {"name": "DT Nashville", "__uuid": "4e3fd938-2fde-4c07-8ebc-3025ab6ebe23", "market_name": "Nashville-Davidson--Murfreesboro--Franklin, TN", "submarket_name": "Nashville Core", "neighborhood_name": "DT Nashville"}, "geometry": {"type": "Polygon", "coordinates": [[[-86.784095764, 36.19150764], [-173.577143468, 72.380223332], [-260.378062047, 108.56092418899999], [-347.178122319, 144.733726838], [-433.969427861, 180.891839476], [-520.756810409, 217.045840589], [-607.5397537919999, 253.195188939], [-694.315094826, 289.343876346], [-781.076016304, 325.499216975], [-867.8362236419999, 361.657661136], [-954.5967006169999, 397.818195303], [-1041.368039859, 433.980201427], [-1128.1507623319999, 470.157022562], [-1214.934858096, 506.348530202]]]}}, {"type": "Feature", "properties": {"name": "Garland-Rockwall", "__uuid": "4f40215a-c8f7-485d-8d28-2aae89f0045c", "market_name": "Dallas-Fort Worth-Arlington, TX", "submarket_name": "Dallas Outskirts", "neighborhood_name": "Garland-Rockwall"}, "geometry": {"type": "Polygon", "coordinates": [[[-96.641235352, 32.969499533], [-193.30645922899998, 65.834389733], [-289.94465686, 98.68326715699999], [-386.576279174, 131.528248335], [-483.07194567799996, 164.323026846], [-579.489334594, 197.199730702], [-675.9259495839999, 230.222788342], [-772.5568852529999, 263.256208312], [-869.1981206049999, 296.225707845]]]}}, {"type": "Feature", "properties": {"name": "Sappington", "__uuid": "4ff91a0b-e752-47f7-a57d-9b4869f9e3d7", "market_name": "St. Louis, MO-IL", "submarket_name": "Southwest St. Louis", "neighborhood_name": "Sappington"}, "geometry": {"type": "Polygon", "coordinates": [[[-90.317243943, 38.597594631], [-180.652515468, 77.183910814], [-271.037872348, 115.755121137], [-361.453233259, 154.306975998], [-451.88981924, 192.84793664400001], [-542.361559244, 231.38682201400002], [-632.861157153, 269.921556654], [-723.3972356520001, 308.438648016], [-813.7510859280001, 346.818468493], [-904.0585976860001, 385.23758147], [-994.3490510160001, 423.670880243], [-1084.61989778, 462.189201422], [-1174.937141723, 500.786796053]]]}}, {"type": "Feature", "properties": {"name": "Pontiac", "__uuid": "5044c620-d732-4362-bcef-a191badffff2", "market_name": "Detroit-Warren-Livonia, MI", "submarket_name": "Northwest Detroit", "neighborhood_name": "Pontiac"}, "geometry": {"type": "Polygon", "coordinates": [[[-83.25183529, 42.693370445], [-166.509805408, 85.389859039], [-249.781424186, 128.085488249], [-333.066963305, 170.787694171], [-416.360916781, 213.493225007], [-499.66587591, 256.19846239000003], [-582.989530248, 298.904808847], [-666.326110617, 341.616026168], [-749.676942764, 384.33844502600004], [-833.048323986, 427.06987234800005], [-916.425452351, 469.80543821300006], [-999.820809733, 512.54976723], [-1083.252293715, 555.296286841], [-1166.7089668849999, 598.03404361], [-1250.188509187, 640.775451714], [-1333.681640393, 683.4253900670001], [-1417.151716038, 726.0819096860001], [-1500.596747501, 768.7419635930002], [-1584.030157969, 811.4029924460001], [-1667.453936061, 854.0628026510001], [-1750.840178962, 896.7235879500001], [-1834.170175731, 939.3504233760001], [-1917.459473408, 981.9546372540001], [-2000.746673186, 1024.557411163], [-2084.020286655, 1067.161242848], [-2167.265621321, 1109.766156063], [-2250.501237639, 1152.375444085], [-2333.732568058, 1194.987141545], [-2416.970784165, 1237.613360583], [-2500.208223822, 1280.2529980680001], [-2583.44737926, 1322.8996935260002], [-2666.6863689790002, 1365.5518685900001], [-2749.9273824600004, 1408.2224396190002], [-2833.1682174850002, 1450.902347266], [-2916.4200527750004, 1493.5957177110001]]]}}, {"type": "Feature", "properties": {"name": "East Point", "__uuid": "50498eb5-ce3a-4923-a004-c760f425826b", "market_name": "Atlanta-Sandy Springs-Marietta, GA", "submarket_name": "Atlanta Suburbs", "neighborhood_name": "East Point"}, "geometry": {"type": "Polygon", "coordinates": [[[-84.395641571, 33.679956749], [-168.79939138999998, 67.377115569], [-253.251009646, 101.07605339599999], [-337.72696065, 134.77449187899998], [-422.2253974, 168.46578344399998], [-506.72055085200003, 202.12089757899997], [-591.2045516840001, 235.73942883299998], [-675.64493427, 269.355397304], [-760.0449493680001, 302.989531576], [-844.438810715, 336.645975608], [-928.834452286, 370.325932357]]]}}, {"type": "Feature", "properties": {"fill": "#555555", "name": "South Fort Worth-TCU", "__uuid": "5152c6a0-e499-4a7c-a1d1-219de9699e36", "stroke": "#555555", "market_name": "Dallas-Fort Worth-Arlington, TX", "fill-opacity": "0.5", "stroke-width": "2", "stroke-opacity": "1", "submarket_name": "Fort Worth", "neighborhood_name": "South Fort Worth-TCU"}, "geometry": {"type": "Polygon", "coordinates": [[[-97.318954468, 32.745702539], [-194.65473175099999, 65.489961258], [-292.011795044, 98.224978972], [-389.41280365, 130.93746772100002], [-486.817932129, 163.62482129600002], [-584.199028015, 196.300327105], [-681.521072388, 228.967740854], [-778.840026856, 261.713443393]]]}}, {"type": "Feature", "properties": {"name": "downtown sea", "__uuid": "51ac6e4d-6c4d-4932-96cd-0692904c4e4e", "market_name": "Seattle-Tacoma-Bellevue, WA", "submarket_name": "central sea", "neighborhood_name": "downtown sea"}, "geometry": {"type": "Polygon", "coordinates": [[[-122.198659428, 47.503049575], [-244.378531502, 95.00054634], [-366.54783578499996, 142.505975658], [-488.70187547999996, 190.014577661], [-610.8641345689999, 237.540626006], [-733.0228710599999, 285.079358956], [-855.151078377, 332.61650649800004], [-977.2687179029999, 380.17426060300005], [-1099.37344124, 427.73201470800007], [-1221.473467781, 475.2953153490001], [-1343.582887914, 522.873667915], [-1465.6934822459998, 570.4797363880001], [-1587.7794184539998, 618.1095496580001], [-1709.884141846, 665.75518681], [-1832.008826621, 713.412688729], [-1954.127640401, 761.084424809], [-2076.2581961710002, 808.776714493], [-2198.3911003390003, 856.484018997], [-2320.5298755020003, 904.2158120830001], [-2442.6827410530004, 951.948394931], [-2564.8555679870005, 999.707033226], [-2687.0647950900006, 1047.458566784], [-2809.3280353480004, 1095.217205079], [-2931.6429404800006, 1142.994784506], [-3053.9860263880005, 1190.7723639330002], [-3176.3455510830004, 1238.5657224450001], [-3298.71446937, 1286.3551366350002], [-3421.1056974380003, 1334.1642694410002], [-3543.5063190980004, 1381.9434269920002], [-3665.8963729670004, 1429.7083797030002], [-3788.2770332440004, 1477.4528074610002], [-3910.6600419190004, 1525.1664326090001], [-4033.065360375, 1572.861093249], [-4155.475375627, 1620.537573095], [-4277.9112232570005, 1668.199029244], [-4400.3294579, 1715.839128492], [-4522.708943975001, 1763.468150351], [-4645.0579008760005, 1811.06313412], [-4767.425644961, 1858.6494069120001], [-4889.812176231, 1906.242015104], [-5012.229236675, 1953.816406954], [-5134.628684134, 2001.363066121], [-5257.0269573939995, 2048.877219759], [-5379.391178882, 2096.362815346], [-5501.758922966999, 2143.831744895], [-5624.096137877999, 2191.301468185], [-5746.414565605, 2238.771985204], [-5868.7048125559995, 2286.2345643959998], [-5990.980969118999, 2333.6987312489996], [-6113.245383691999, 2381.1613104409994], [-6235.496882076, 2428.623889632999], [-6357.733115872, 2476.089644099999], [-6479.939994693, 2523.559367389999], [-6602.129260529, 2571.051310552999], [-6724.327919957, 2618.554360127999]]]}}, {"type": "Feature", "properties": {"name": "ellicot city ", "__uuid": "53ada7a0-3f33-46a0-a44c-ec9f7e30f72b", "market_name": "Baltimore-Towson, MD", "submarket_name": "west balt ", "neighborhood_name": "ellicot city "}, "geometry": {"type": "Polygon", "coordinates": [[[-76.807197723, 39.227995809], [-153.59937393799999, 78.44618798799999], [-230.39120786299998, 117.65807198299999], [-307.167644033, 156.863194191], [-383.93258897199996, 196.064771867], [-460.688003795, 235.254138201], [-537.424956064, 274.43152745], [-614.154888884, 313.602502716], [-690.863818504, 352.799196867], [-767.558901661, 391.999808457], [-844.239625338, 431.211683442], [-920.898903828, 470.430847738], [-997.565045422, 509.662830621], [-1074.235426161, 548.90757455], [-1150.9154031740002, 588.159124549], [-1227.6125846840002, 627.418705647], [-1304.3361050430003, 666.689999749], [-1381.0644485430003, 705.969709794], [-1457.8048369630003, 745.2555765339999], [-1534.5573961830003, 784.538572768], [-1611.3154013380004, 823.823403098], [-1688.0887590960003, 863.1134036579999], [-1764.8657122240004, 902.4131065249999], [-1841.6424509510005, 941.7164300089999], [-1918.4273249600005, 981.0239185899999], [-1995.2214493770005, 1020.3300434169998], [-2072.0240444320007, 1059.6312990129998], [-2148.8493083260005, 1098.9273304099997], [-2225.6672816370005, 1138.1966208629997], [-2302.4832961990005, 1177.4429054269997], [-2379.2904939220007, 1216.6709012359997]]]}}, {"type": "Feature", "properties": {"name": "folsom", "__uuid": "5581b1ee-f523-4013-a1cd-2fb25bd26006", "market_name": "Sacramento--Arden-Arcade--Roseville, CA", "submarket_name": "east mountains ", "neighborhood_name": "folsom "}, "geometry": {"type": "Polygon", "coordinates": [[[-120.868097716, 38.458206787], [-241.66830268, 76.97413815499999], [-362.383055229, 115.512963472], [-483.09546661599995, 154.094809691], [-603.749348951, 192.749823744], [-724.406743029, 231.45601086099998], [-845.070575303, 270.214703786], [-965.781523339, 308.981383226], [-1086.535490103, 347.74418359599997], [-1207.335694817, 386.487813556], [-1328.1417524360002, 425.256090245], [-1448.9419571500002, 464.089138079], [-1569.7796204570002, 502.99555224200003], [-1690.6477188710003, 541.900600162], [-1811.5638111070002, 580.8220429630001], [-1932.571208663, 619.7544130260001], [-2053.623672907, 658.6936125870001], [-2174.6787709580003, 697.6166469020001], [-2295.7468917230003, 736.5288663690001], [-2416.821011716, 775.431181817], [-2537.9232256540004, 814.316186784], [-2659.0511923740005, 853.1957244060001], [-2780.1803296750004, 892.0670602230001], [-2901.4288662410004, 930.8380752890001], [-3022.6879380360006, 969.5985927370001], [-3143.9575450610005, 1008.2796552380001], [-3265.2259814970002, 1046.9195789040002], [-3386.510806059, 1085.541677134], [-3507.804995269, 1124.167433476], [-3629.127278424, 1162.7657494310001], [-3750.461267389, 1201.3475961160002], [-3871.8253088300003, 1239.8868176780002], [-3992.99424587, 1278.383512968], [-4114.143283033, 1316.882956651], [-4235.278273223001, 1355.381484214], [-4356.401557603001, 1393.8827601], [-4477.499089201001, 1432.38311989], [-4598.573209178001, 1470.871569374], [-4719.635623345001, 1509.360018858], [-4840.676967053, 1547.8448032360002], [-4961.678511006, 1586.3323364610003], [-5082.64727869, 1624.8015420600002], [-5203.594975916, 1663.2679981130002], [-5324.484144091, 1701.7207048650002], [-5445.352241807001, 1740.1789116520004]]]}}, {"type": "Feature", "properties": {"name": "Lino", "__uuid": "55823533-bd31-42ae-bb81-9c7866162961", "market_name": "Minneapolis-St. Paul-Bloomington, MN-WI", "submarket_name": "north outskirts ", "neighborhood_name": "Lino"}, "geometry": {"type": "Polygon", "coordinates": [[[-92.944943448, 45.081842342], [-185.74866291400002, 90.16108079700001], [-278.52491256200005, 135.23184017600002], [-371.26133801800006, 180.34402841300002], [-464.01916310000007, 225.63181388400002], [-556.8263067500001, 271.020162652], [-649.9102869210001, 316.42286625], [-743.0629765770001, 361.699147614], [-836.224972951, 406.857401474], [-929.4116511860001, 451.99542580300005], [-1022.5984176730001, 497.09076985800004], [-1115.7876904080001, 542.17957431], [-1208.963969393, 587.259504115], [-1302.080236036, 632.3392489180001], [-1395.134239856, 677.4192470390001], [-1488.1848926750001, 722.5234579460001], [-1581.182836788, 767.6305054560002], [-1674.143521047, 812.7219469640002], [-1767.088464495, 857.8037893060001]]]}}, {"type": "Feature", "properties": {"name": "Mount Houston ", "__uuid": "5598a53e-c5c8-4555-b0fc-4c1dfdb06909", "market_name": "Houston-Sugar Land-Baytown, TX", "submarket_name": "North East Houston", "neighborhood_name": "Mount Houston "}, "geometry": {"type": "Polygon", "coordinates": [[[-95.315081231, 29.871012743], [-190.636927239, 59.720590319], [-285.92169438999997, 89.57135899100001], [-381.185862176, 119.44505349900001], [-476.443850152, 149.336608643], [-571.668535821, 179.23352135300001], [-666.871248834, 209.130731698], [-762.071558587, 239.056213233], [-857.282511346, 268.990323322], [-952.530794354, 298.928504691], [-1047.805948468, 328.868862576], [-1143.10204527, 358.80922046100005], [-1238.432131024, 388.68023559700003], [-1333.747212255, 418.55124834000003]]]}}, {"type": "Feature", "properties": {"name": "woonsocket", "__uuid": "56ddb610-aaf0-4842-91f6-15b498c976ea", "market_name": "Providence-New Bedford-Fall River, RI-MA", "submarket_name": "north border", "neighborhood_name": "woonsocket "}, "geometry": {"type": "Polygon", "coordinates": [[[-71.584556944, 42.013943038], [-143.145435304, 84.017881563], [-214.699349374, 126.009398503], [-286.232508264, 167.985200979], [-357.739414514, 209.95599184300002], [-429.188910972, 251.89509350600002], [-500.610503543, 293.84622355100004], [-572.012596104, 335.79735359600005], [-643.3948967839999, 377.7512101450001], [-714.7770116499998, 419.71548447900005], [-786.1591121839998, 461.7335835960001], [-857.6661333719998, 503.7502862230001], [-929.1951920779998, 545.7647908850001], [-1000.7797490219998, 587.7787339230001]]]}}, {"type": "Feature", "properties": {"name": "concord", "__uuid": "56e8545b-d2a7-44e9-b5d6-78730a44852c", "market_name": "Boston-Cambridge-Quincy, MA-NH", "submarket_name": "bedford ", "neighborhood_name": "concord"}, "geometry": {"type": "Polygon", "coordinates": [[[-71.220171036, 42.47690662], [-142.464040165, 84.978595895], [-213.72804806300002, 127.501595748], [-285.003152591, 170.036775474], [-356.305964427, 212.604133558], [-427.61574644999996, 255.187462471], [-498.93700637599994, 297.78790982], [-570.2617381499999, 340.395218717], [-641.6028304769999, 383.001725513], [-712.9626326169998, 425.602999185], [-784.3467575139998, 468.19049937799997], [-855.7660568589998, 510.76560083699997], [-927.2063111939998, 553.324166815], [-998.6910948839998, 595.871155349], [-1070.1908464239998, 638.402979696], [-1141.6991373879998, 680.926949307], [-1213.192870878, 723.43975188], [-1284.675004284, 765.944279008], [-1356.1324407369998, 808.4330797709999], [-1427.5764061239997, 850.9067022219999], [-1498.9706034089998, 893.3734242229999], [-1570.3550715909998, 935.8357295369999], [-1641.7320558479998, 978.2911331539999], [-1713.0933238619998, 1020.7390820829999], [-1784.4381272409998, 1063.183441402], [-1855.7578594709998, 1105.633323113], [-1927.0566367099998, 1148.075473339], [-1998.3460590429997, 1190.513757464], [-2069.616771563, 1232.948727599], [-2140.877063731, 1275.377478884], [-2212.13692456, 1317.813829869], [-2283.3922950329998, 1360.263987687], [-2354.651033273, 1402.722152074], [-2425.9067779429997, 1445.185561589], [-2497.1479289589997, 1487.6583560259999], [-2568.3680999949997, 1530.1352626459998]]]}}, {"type": "Feature", "properties": {"name": "joliet", "__uuid": "57016050-a73c-412f-ab82-660b846fae51", "market_name": "Chicago-Joliet-Naperville, IL-IN-WI", "submarket_name": "south west chi", "neighborhood_name": "joliet"}, "geometry": {"type": "Polygon", "coordinates": [[[-88.422689558, 41.385180576], [-176.844052708, 82.72958317800001], [-265.035068975, 124.04303291800002], [-353.193665109, 165.34703493], [-441.33081881199996, 206.607234876], [-529.449000116, 247.851919227], [-617.493099371, 289.080785071], [-705.515585217, 330.291859871], [-793.501736594, 371.500402098], [-881.446902581, 412.670576054], [-969.298395026, 453.839111793], [-1056.824239176, 495.130601159], [-1144.35162941, 536.633416098], [-1232.199188534, 578.13427733], [-1320.193021496, 619.685072328], [-1408.229249988, 661.350740414], [-1496.301343791, 703.033671875], [-1584.46659747, 744.668545077], [-1672.7057132199998, 786.193966436], [-1761.1284027779998, 827.579147012]]]}}, {"type": "Feature", "properties": {"name": "Capitol ", "__uuid": "57428c97-ab28-4f22-9d4a-00ecd4e03999", "market_name": "Washington-Arlington-Alexandria, DC-VA-MD-WV", "submarket_name": "Washington DC", "neighborhood_name": "Capitol"}, "geometry": {"type": "Polygon", "coordinates": [[[-77.023384848, 38.853186825], [-154.052634658, 77.666989571], [-231.081662419, 116.466158882], [-307.992654088, 155.35879502400002], [-384.93152609699996, 194.27920615600001], [-462.00425923999995, 233.18221122600002], [-539.027644088, 272.035398051]]]}}, {"type": "Feature", "properties": {"name": "Southlake - Roanoke", "__uuid": "577e608e-7534-4b49-8b95-7458c4bcb8f2", "market_name": "Dallas-Fort Worth-Arlington, TX", "submarket_name": "Central DFW", "neighborhood_name": "Southlake - Roanoke"}, "geometry": {"type": "Polygon", "coordinates": [[[-97.126350403, 32.914756089], [-194.273643494, 65.806740457], [-291.37252807699997, 98.712561505], [-388.415451051, 131.646625729], [-485.456657411, 164.607771876], [-582.638282777, 197.648674993], [-679.879646302, 230.713174641], [-777.184524537, 263.69880261599997], [-874.492835999, 296.659948763], [-971.743125916, 329.647592586], [-1068.927841187, 362.60585807099994], [-1166.052474976, 395.5226316249999], [-1263.178825379, 428.4373877139999]]]}}, {"type": "Feature", "properties": {"name": "Staten_Island", "__uuid": "596e95de-899f-4d69-bcd9-b34139e9c5dd", "market_name": "New York-Northern New Jersey-Long Island, NY-NJ-PA", "submarket_name": "NYC", "neighborhood_name": "Staten_Island"}, "geometry": {"type": "Polygon", "coordinates": [[[-74.259008739, 40.502782657], [-148.510483813, 80.994685331], [-222.648810752, 121.515404219], [-296.696888179, 162.114930784], [-370.77298044099996, 202.764961197], [-444.921754547, 243.406894274], [-519.104729658, 284.052696052], [-593.299591106, 324.690241788], [-667.501101538, 365.32229603999997], [-741.705171333, 405.938834961], [-815.908260585, 446.54582797], [-890.106811969, 487.144681287], [-964.312113049, 527.7356828850001], [-1038.52674864, 568.294351254], [-1112.75552351, 608.85272576], [-1187.0042897800001, 649.401064273], [-1261.252836281, 689.928179885], [-1335.51184502, 730.430962542]]]}}, {"type": "Feature", "properties": {"name": "mcminnville", "__uuid": "59b88246-e37f-4e33-9575-784c13458844", "market_name": "Portland-Vancouver-Hillsboro, OR-WA", "submarket_name": "south west port", "neighborhood_name": "mcminnville"}, "geometry": {"type": "Polygon", "coordinates": [[[-123.00010036, 45.482520668], [-246.078795083, 90.963689088], [-369.222101123, 136.417128824], [-492.511988061, 181.656397268], [-615.803803695, 226.769224001], [-738.700718817, 271.906205188], [-861.5383265360001, 317.103685963], [-984.3562132510001, 362.323610562], [-1107.1271683880002, 407.599446096], [-1229.9006469640003, 452.893011725], [-1352.7257400140004, 498.20711992], [-1475.6019216540003, 543.555269637], [-1598.5325889570004, 588.952195369], [-1721.4871238730004, 634.355891829], [-1844.4529083410005, 679.763677376], [-1967.4407132630004, 725.207295284], [-2090.4408136230004, 770.689815952]]]}}, {"type": "Feature", "properties": {"name": "Tarrytown", "__uuid": "5a4c9fe9-677e-4705-830a-689a016cfeb6", "market_name": "Austin-Round Rock-San Marcos, TX", "submarket_name": "Austin", "neighborhood_name": "Tarrytown"}, "geometry": {"type": "Polygon", "coordinates": [[[-97.778835297, 30.306799663], [-195.56612185, 60.603743799], [-293.35172357700003, 90.888772417], [-391.122856494, 121.16271480099999], [-488.883738251, 151.457451445], [-586.6416010190001, 181.757980561], [-684.3994399630001, 212.067039305], [-782.1669925310001, 242.380445495], [-879.9410245700001, 272.693677508], [-977.7198598670001, 303.000477171]]]}}, {"type": "Feature", "properties": {"name": "Lilburn", "__uuid": "5a5ef7d0-4b47-4110-9832-dc4ce6964aa9", "market_name": "Atlanta-Sandy Springs-Marietta, GA", "submarket_name": "East Atlanta", "neighborhood_name": "Lilburn"}, "geometry": {"type": "Polygon", "coordinates": [[[-84.253573409, 33.884331537], [-168.50283240099998, 67.70439188200001], [-252.71166210499996, 101.54468483100001], [-336.87924052999995, 135.37165799000002], [-420.98547883599997, 169.20048196500002], [-505.004939301, 203.06118711500002], [-589.0075443559999, 236.982475743], [-672.9750051679999, 270.90879522], [-756.9055520649999, 304.849476344], [-840.817515442, 338.823066122], [-924.752146578, 372.88425421], [-1008.747796896, 406.939210182], [-1092.792713214, 440.96476429], [-1176.879794525, 474.948843539], [-1261.133367934, 508.833175076]]]}}, {"type": "Feature", "properties": {"name": "sun city west ", "__uuid": "5b1a2c01-b53f-4cf5-97df-acc1b77fccb2", "market_name": "Phoenix-Mesa-Glendale, AZ", "submarket_name": "north hills ", "neighborhood_name": "sun city west "}, "geometry": {"type": "Polygon", "coordinates": [[[-112.113673477, 33.672846353], [-224.231198177, 67.379124211], [-336.35934534, 101.129049995], [-448.488548286, 134.898651922], [-560.624483102, 168.697775119], [-672.769878312, 202.53098986], [-784.9129016669999, 236.379289882], [-897.0566241349999, 270.232756284], [-1009.2064321429999, 304.110217725], [-1121.3549505699998, 337.998712212], [-1233.7073821339998, 371.835361789], [-1346.1236724509997, 405.52180711799997], [-1458.5432880809997, 439.164670464], [-1570.7742322609997, 472.825191918], [-1682.9958312579997, 506.494787617], [-1795.1095047349997, 540.16763397]]]}}, {"type": "Feature", "properties": {"name": "Far North Fort Worth", "__uuid": "5b4135a2-d83d-486e-9b02-b6f42dc34c77", "market_name": "Dallas-Fort Worth-Arlington, TX", "submarket_name": "Fort Worth", "neighborhood_name": "Far North Fort Worth"}, "geometry": {"type": "Polygon", "coordinates": [[[-97.149353027, 32.891696081], [-194.275207091, 65.808005557], [-291.462325621, 98.765406826], [-388.712615538, 131.751034801], [-486.021270323, 164.709588357], [-583.393550492, 197.594418152], [-680.708390506, 230.46820806], [-778.021508487, 263.309439445], [-875.254288944, 296.151247732], [-972.458573612, 328.984979055], [-1069.607926639, 361.876675136]]]}}, {"type": "Feature", "properties": {"name": "temecula", "__uuid": "5c6944ab-2616-4277-b6ce-1f10acf6b0ef", "market_name": "Riverside-San Bernardino-Ontario, CA", "submarket_name": "south riv ", "neighborhood_name": "temecula "}, "geometry": {"type": "Polygon", "coordinates": [[[-117.13990084, 33.478142605], [-234.265013092, 66.952389826], [-351.325522568, 100.443515781], [-468.351784789, 133.919061483], [-585.377268664, 167.40434517100002], [-702.402752539, 200.89741846], [-819.4220096399999, 234.39568442700002], [-936.4443801279999, 267.90173882700003], [-1053.462080536, 301.412985126], [-1170.4828943300001, 334.933316499], [-1287.4990380440001, 368.462731992], [-1404.5128467180002, 401.999284339], [-1521.5165368850003, 435.555946467], [-1638.5490258800003, 469.123634552], [-1755.6126487430004, 502.693268248], [-1872.6832767260003, 536.266144531], [-1989.7663582560003, 569.849396276], [-2106.8478830930003, 603.544753003], [-2223.9434181710003, 637.23622414], [-2341.0599686100004, 670.927695273], [-2458.1922779870006, 704.6212544480001], [-2575.363312695001, 738.2233085380001], [-2692.5483576430006, 771.8201761830001], [-2809.7466344850004, 805.415747169], [-2926.9581432210002, 839.014559768], [-3044.196894092, 872.613372367], [-3161.44342843, 906.211536653], [-3278.703194661, 939.790249287], [-3395.914703397, 973.330045463], [-3513.1075318119997, 1006.870490391], [-3630.2809015599996, 1040.3888750429999], [-3747.4604980809995, 1073.8845447099998], [-3864.6003989209994, 1107.3626873149997]]]}}, {"type": "Feature", "properties": {"name": "cockeysville", "__uuid": "5db33ec3-b1fd-48a6-a890-adbd9bb86daa", "market_name": "Baltimore-Towson, MD", "submarket_name": "north east outskirts ", "neighborhood_name": "cockeysville"}, "geometry": {"type": "Polygon", "coordinates": [[[-76.629317718, 39.417793829], [-153.24842532899999, 78.830903897], [-229.86095561599998, 118.245143192], [-306.46016476, 157.658703596], [-383.050770634, 197.07350749800003], [-459.635075694, 236.48673882900002], [-536.201721499, 275.888919864], [-612.7601715669999, 315.291301361], [-689.302275595, 354.684373455], [-765.823942514, 394.069323253], [-842.340449134, 433.441672274], [-918.852338782, 472.811349583], [-995.350131306, 512.162323992], [-1071.801151749, 551.539854041], [-1148.215631503, 590.948447017], [-1224.616471803, 630.369885231], [-1301.058722481, 669.837741749], [-1377.5199743169999, 709.332673377], [-1453.98853429, 748.827041048], [-1530.469518098, 788.337197793], [-1606.945386209, 827.852428836], [-1683.424177575, 867.385698825], [-1759.8956608039998, 906.930240776], [-1836.364220777, 946.4815450250001], [-1912.8247417989999, 986.046371894], [-1989.2984174689998, 1025.635983384], [-2065.775016394, 1065.242488398], [-2142.251615319, 1104.859690513], [-2218.720175292, 1144.496593487], [-2295.188735265, 1184.1447515759999], [-2371.645602218, 1223.7990991969998], [-2448.091506965, 1263.4641365229998], [-2524.514025671, 1303.1291738489997], [-2600.915350777, 1342.8060241889998], [-2677.2889049600003, 1382.4884990629998], [-2753.6580742600004, 1422.188407083], [-2830.0053191470006, 1461.901246528], [-2906.3459867100005, 1501.622518205], [-2982.9994425680006, 1541.343789882], [-3059.7317354940005, 1581.064134268], [-3136.4318619780006, 1620.7010008940001], [-3213.1235964840007, 1660.3169280710001], [-3289.8187503600006, 1699.8814586960002], [-3366.5098671930004, 1739.4202078740002], [-3443.1890408980003, 1778.8963565990002], [-3519.835111098, 1818.3205476660003], [-3596.4644288160002, 1857.7383414950002]]]}}, {"type": "Feature", "properties": {"fill": "#555555", "name": "Euless-Hurst", "__uuid": "5e22aabe-99ad-4ed0-9a97-4cd137cd2512", "stroke": "#555555", "market_name": "Dallas-Fort Worth-Arlington, TX", "fill-opacity": "0.5", "stroke-width": "2", "stroke-opacity": "1", "submarket_name": "Central DFW", "neighborhood_name": "Euless-Hurst"}, "geometry": {"type": "Polygon", "coordinates": [[[-97.062835693, 32.836904504], [-194.128417968, 65.707841444], [-291.226272582, 98.61308600699999], [-388.37734222299997, 131.50247575699998], [-485.58197021399997, 164.33332227199998], [-582.794837951, 197.09360608699998], [-679.898185729, 229.88261235899998], [-776.975784301, 262.662382269], [-874.03810501, 295.45023404799997], [-971.101112365, 328.277907166], [-1068.163948058, 361.11481167]]]}}, {"type": "Feature", "properties": {"name": "Joelton", "__uuid": "5e3db347-ca2c-4f64-9d4b-c4a95462d4a0", "market_name": "Nashville-Davidson--Murfreesboro--Franklin, TN", "submarket_name": "Outskirts", "neighborhood_name": "Joelton"}, "geometry": {"type": "Polygon", "coordinates": [[[-86.894989014, 36.27500205], [-173.78620147700002, 72.539208849], [-260.661621094, 108.81919281900001], [-347.473526001, 145.123528266], [-434.307746887, 181.46327047199998], [-521.15398407, 217.87736975399997], [-608.0335235599999, 254.38065884699998], [-694.9638748169999, 290.88560374599996], [-782.0703506469999, 327.33616450899996], [-869.1963958739999, 363.63524289399993], [-956.272659302, 399.91218239499995], [-1043.342056275, 436.16642302299994], [-1130.375061036, 472.40238903399995], [-1217.367897035, 508.61509026299996], [-1304.3360137949999, 544.880957967], [-1391.2310028089998, 581.155960017]]]}}, {"type": "Feature", "properties": {"name": "pomona", "__uuid": "5ebac934-4a43-4c96-9561-ab438a9f7bc8", "market_name": "Riverside-San Bernardino-Ontario, CA", "submarket_name": "ontario central ", "neighborhood_name": "pomona"}, "geometry": {"type": "Polygon", "coordinates": [[[-117.809987066, 34.026003858], [-235.602861276, 68.055357233], [-353.377946079, 102.08304243999999], [-471.14674319600005, 136.10730599699997], [-588.8977588150001, 170.13300508999998], [-706.6078771910001, 204.117577271], [-824.303693077, 238.090892605], [-941.9764508110001, 272.036732216], [-1059.628193184, 305.95738620000003], [-1177.273708783, 339.85672345200004], [-1294.916110996, 373.74055427800005], [-1412.511812407, 407.637307322], [-1530.120038778, 441.546779978], [-1647.68387243, 475.48944431200005], [-1765.24052462, 509.43303095600004], [-1882.791081922, 543.391137789], [-2000.3424175710002, 577.3847450310001], [-2117.8937532200002, 611.4086772380001], [-2235.4450888690003, 645.4571195830001], [-2352.9909760910004, 679.5152350320001], [-2470.5384200060003, 713.583667243], [-2588.1426832300003, 747.651454693], [-2705.7858637890004, 781.738582833], [-2823.485085311, 815.820553888], [-2941.218554088, 849.901880285], [-3058.979264999, 883.9716020029999], [-3176.764883004, 918.0445474019999], [-3294.5693475609996, 952.109285895], [-3412.3689758069995, 986.153213746], [-3530.1789628729994, 1020.179217604]]]}}, {"type": "Feature", "properties": {"name": "boxford", "__uuid": "5f01181c-d737-4645-af18-a7cb2735e52f", "market_name": "Boston-Cambridge-Quincy, MA-NH", "submarket_name": "south haverhill", "neighborhood_name": "boxford"}, "geometry": {"type": "Polygon", "coordinates": [[[-70.96292184, 42.595439561], [-141.915452965, 85.211995696], [-212.833558034, 127.896806532], [-283.73894042999996, 170.610767898], [-354.71076474299997, 213.29778194800002], [-425.681257288, 255.99084425700002], [-496.643517515, 298.70590537500004], [-567.592306677, 341.45120203700003], [-638.520889241, 384.232212612], [-709.435252347, 427.03354344900004], [-780.352609023, 469.84969837500006], [-851.30289497, 512.660912333], [-922.285361795, 555.4666358630001], [-993.2798029009999, 598.2624753950001], [-1064.2862182869999, 641.0451338070002], [-1135.3016143829998, 683.8206512740002], [-1206.3471037829997, 726.5821522010002], [-1277.4144888549997, 769.3568249640002], [-1348.4941373469997, 812.1325064520003], [-1419.6119901419997, 854.9050463820003], [-1490.7348119899998, 897.6652368920003], [-1561.87520568, 940.4074756000002], [-1633.0112168839999, 983.1266139060002], [-1704.1513968969998, 1025.8265322540003], [-1775.2927332829997, 1068.5117506930003], [-1846.4181430789997, 1111.1844572900004], [-1917.4926621839998, 1153.8180841220003], [-1988.5252713079997, 1196.4258277430004], [-2059.5369254409998, 1239.0186974190003], [-2130.515475805, 1281.5831390270002], [-2201.478397645, 1324.1785785880002]]]}}, {"type": "Feature", "properties": {"name": "Huntington_beach", "__uuid": "623eb955-8b29-4d6b-8286-d647ab8dc4f1", "market_name": "Los Angeles-Long Beach-Santa Ana, CA", "submarket_name": "South_beach", "neighborhood_name": "Huntington_beach"}, "geometry": {"type": "Polygon", "coordinates": [[[-117.948710716, 33.607706104], [-235.87355355, 67.209458381], [-353.699176109, 100.773456338], [-471.506602562, 134.38178533], [-589.323127068, 167.99297360600002], [-707.1449730759999, 201.61202442500002], [-824.9747155079999, 235.23550654400003], [-942.8092644579999, 268.862562125], [-1060.647589958, 302.492047576], [-1178.497245109, 336.124677463], [-1296.357371604, 369.764453367], [-1414.220588004, 403.416804822], [-1532.1007988800002, 437.08230148], [-1649.9870179050001, 470.755370006], [-1767.8869698400001, 504.442723259], [-1885.8046028970002, 538.130790686], [-2003.7404320600003, 571.826285172], [-2121.6910241010005, 605.528063591], [-2239.6591256020006, 639.243979178], [-2357.6461098550008, 672.9738868420001], [-2475.6519768590006, 706.718783485], [-2593.6789594570005, 740.4821009460001], [-2711.7207036890004, 774.256325583], [-2829.8097583040003, 808.0305327550001], [-2947.9043107670004, 841.7696015650001], [-3066.010943, 875.5074323010001], [-3183.959653716, 909.1151384050002]]]}}, {"type": "Feature", "properties": {"name": "scottsdale", "__uuid": "6333efa0-e734-4863-ba21-0fb0c2654769", "market_name": "Phoenix-Mesa-Glendale, AZ ", "submarket_name": "east phoenix", "neighborhood_name": "scottsdale"}, "geometry": {"type": "Polygon", "coordinates": [[[-111.977806091, 33.457224171], [-223.948402404, 66.911870403], [-335.917625426, 100.36193344399999], [-447.885475157, 133.80397531699998], [-559.851608275, 167.24401178199997], [-671.805381774, 200.68175629599997], [-783.73889923, 234.11749530299997], [-895.65799713, 267.55438031999995], [-1007.563018797, 300.99069233399996], [-1119.462203978, 334.42729084999996], [-1231.352119444, 367.861883832], [-1343.243408201, 401.30507163199997], [-1455.131607054, 434.76974275], [-1567.020492552, 468.24443759499997], [-1678.911437987, 501.72543247499993], [-1790.79963684, 535.212440598], [-1902.687835693, 568.713191707], [-2014.5753479, 602.223103595], [-2126.46320343, 635.746754833], [-2238.3716583249998, 669.270692285], [-2350.2959060669996, 702.794915949], [-2462.2514541119995, 736.3188225260001], [-2574.2258269759996, 769.8430461900001], [-2686.2039763899998, 803.3672698540001], [-2798.188992259, 836.8909210920001], [-2910.176068065, 870.4054130060001], [-3022.162800548, 903.9053052420002], [-3134.1498763540003, 937.3914543560002], [-3246.1372954820004, 970.8650036910002], [-3358.1247146100004, 1004.3299612180002], [-3470.1025207010002, 1037.7871853890001]]]}}, {"type": "Feature", "properties": {"name": "North West Fort Worth", "__uuid": "640bdada-b73e-48ee-a5ed-427c72734fc2", "market_name": "Dallas-Fort Worth-Arlington, TX", "submarket_name": "Fort Worth", "neighborhood_name": "North West Fort Worth"}, "geometry": {"type": "Polygon", "coordinates": [[[-97.318611145, 32.797375896], [-194.632415771, 65.636876554], [-291.949310302, 98.510120306], [-389.323883056, 131.392590702], [-486.744804382, 164.20093250000002], [-584.128990319, 196.988597029], [-681.500129845, 229.785107139], [-778.8187409899999, 262.582483035]]]}}, {"type": "Feature", "properties": {"name": "Warren Sterling Heights", "__uuid": "64811041-8d35-42ae-b16f-53d5fb7b949e", "market_name": "Detroit-Warren-Livonia, MI", "submarket_name": "North Detroit", "neighborhood_name": "Warren Sterling Heights"}, "geometry": {"type": "Polygon", "coordinates": [[[-82.875269293, 42.435768968], [-165.745437167, 84.88839521], [-248.62711776100002, 127.356048373], [-331.51145513700004, 169.854397507], [-414.35809823100004, 212.40173512599998], [-497.20081269400004, 254.96599698199998], [-580.006986632, 297.53776874199997], [-662.799998865, 340.12845445], [-745.5982245390001, 382.736314971], [-828.4151327220001, 425.36763318600003], [-911.529724511, 467.99252543800003], [-994.644829072, 510.496526356], [-1077.762822791, 552.993104159], [-1160.874529498, 595.471434398], [-1243.98292698, 637.939907292], [-1327.087518082, 680.400356287], [-1410.1880282240002, 722.859538251], [-1493.2839292520002, 765.316925299], [-1576.3773755040002, 807.765181332], [-1659.384095844, 850.214643639], [-1742.3869874030001, 892.661925734], [-1825.3804157570003, 935.1091064249999], [-1908.3496147130002, 977.5568180009999], [-1991.2798008200002, 1020.0055913119999], [-2074.1943703250004, 1062.4512793109998], [-2157.101857723, 1104.8950437199999], [-2239.9978324000003, 1147.336183858], [-2322.8826257930004, 1189.774149205], [-2405.7578950860006, 1232.209918173]]]}}, {"type": "Feature", "properties": {"name": "Victorville", "__uuid": "650443cb-42de-4e90-a35f-3499bbe18e95", "market_name": "Riverside-San Bernardino-Ontario, CA", "submarket_name": "north valley ", "neighborhood_name": "Victorville "}, "geometry": {"type": "Polygon", "coordinates": [[[-117.413294521, 34.382470657], [-234.67379245799998, 68.768801458], [-351.762784024, 103.237439576], [-468.879840269, 137.720216101], [-586.040552681, 172.236401153], [-703.238684665, 206.755155537], [-820.482031965, 241.304735725], [-937.75812139, 275.873576243], [-1055.0653937910001, 310.446268292], [-1172.4755700150001, 345.034364681], [-1290.217844938, 379.532562189], [-1407.801086681, 413.940763775], [-1525.37653268, 448.328381251], [-1642.9223548510001, 482.700557322], [-1760.4494672370001, 517.046991393], [-1877.964106432, 551.3702509029999], [-1995.442885204, 585.680632892], [-2112.856179725, 620.063103549]]]}}, {"type": "Feature", "properties": {"name": "Downtown  detroit", "__uuid": "652bb6ab-804d-42b9-a505-6b3b12175842", "market_name": "Detroit-Warren-Livonia, MI", "submarket_name": "Center Detroit", "neighborhood_name": "Downtown  detroit"}, "geometry": {"type": "Polygon", "coordinates": [[[-83.179360362, 42.242412839], [-166.327099081, 84.47787457800001], [-249.455267171, 126.72815817200001], [-332.56560409, 168.996503237], [-415.653148623, 211.304950033], [-498.57953117299996, 253.663556029], [-581.4893378419999, 296.041472105], [-664.3798534109999, 338.43063133100003], [-747.2605811689999, 380.83753817300004], [-830.1361268159999, 423.27202476900004], [-913.0213235929999, 465.709163546], [-995.935816663, 508.154253315], [-1078.866170582, 550.602114585], [-1161.828229002, 593.049442102], [-1244.79986085, 635.4963795909999], [-1327.782060436, 677.9428047709999], [-1410.785064062, 720.3891836089999], [-1493.792554857, 762.8374262839999], [-1576.869341469, 805.2842607369998], [-1660.0495874249998, 847.7282787189998], [-1743.3042232679998, 889.9942891579998], [-1826.4835836299997, 932.2367019969998]]]}}, {"type": "Feature", "properties": {"name": "central north ", "__uuid": "653d346d-85c0-41f7-8b4d-207c44939106", "market_name": "Las Vegas-Paradise, NV", "submarket_name": "lv center", "neighborhood_name": "central north "}, "geometry": {"type": "Polygon", "coordinates": [[[-115.154843458, 36.17401764], [-230.299382692, 72.350379194], [-345.425258478, 108.519961529], [-460.539309538, 144.688785522], [-575.633945265, 180.854606709], [-690.697227089, 217.022598968], [-805.716340708, 253.190491664], [-920.732893537, 289.36769642], [-1035.746016096, 325.56488395], [-1150.759138655, 361.811925997], [-1265.743422102, 398.094954317], [-1380.770964216, 434.38407098199997], [-1495.839018415, 470.67042027599996], [-1610.9173722970002, 506.96175076599997], [-1726.034178327, 543.251974351], [-1841.16128404, 579.5433048409999], [-1956.306929182, 615.8374025249999], [-2071.480726789, 652.1298399039999], [-2186.681303571, 688.4062258529999], [-2301.9136197420003, 724.6831839419999], [-2417.1803606340004, 760.961667082], [-2532.4283159560005, 797.216461419], [-2647.6755846330007, 833.4385801789999], [-2762.9194200820007, 869.6407545909999], [-2878.1657803170006, 905.8220735009999], [-2993.4101177790008, 941.9984334299999], [-3108.6493475100006, 978.1725187229998], [-3223.8698370120005, 1014.3464299399998], [-3339.0745336670007, 1050.5197868749997], [-3454.2654974120005, 1086.6959151819997], [-3569.4441015380007, 1122.8720434889997], [-3684.6110326900007, 1159.0487260589996], [-3799.7658761480006, 1195.2227436989997]]]}}, {"type": "Feature", "properties": {"name": "Burbank", "__uuid": "65ce6ba9-85bf-4379-876f-1a2f685ebd4c", "market_name": "Los Angeles-Long Beach-Santa Ana, CA", "submarket_name": "Valley", "neighborhood_name": "Burbank"}, "geometry": {"type": "Polygon", "coordinates": [[[-118.276062012, 34.181985724], [-236.60648901899998, 68.39255953], [-354.99618719, 102.619755288], [-473.413302257, 136.860029545], [-591.845576122, 171.097664082], [-710.2757900500001, 205.241014757], [-828.6455791740001, 239.38408128499998], [-947.0215481070001, 273.537660605], [-1065.35349958, 307.69426064799995], [-1183.6633418630001, 341.85281697399995], [-1301.963265004, 376.01136798199997], [-1420.243810469, 410.162915341], [-1538.519872481, 444.344901065]]]}}, {"type": "Feature", "properties": {"name": "downtown fresno ", "__uuid": "65d0d5e3-8a8c-4493-8abd-e5fa7dcfc90b", "market_name": "Fresno, CA", "submarket_name": "central ", "neighborhood_name": "downtown fresno "}, "geometry": {"type": "Polygon", "coordinates": [[[-119.77643639, 36.754323721], [-239.556252064, 73.50820088500001], [-359.33936896, 110.26161319500001], [-479.128282687, 147.013977433], [-598.9251721830001, 183.76438392400001], [-718.7264455290001, 220.512346752], [-838.5321820710001, 257.25810878100003], [-958.3422101470001, 294.00153239200006], [-1078.156107774, 330.74313234500005], [-1197.964590898, 367.48201646900003], [-1317.770810618, 404.21976040600003], [-1437.5748305460002, 440.95534291700005], [-1557.3762755530001, 477.68858670000003], [-1677.1720557350002, 514.4166024790001], [-1796.9659633540002, 551.1427562580001], [-1916.7577953240002, 587.8669195960001], [-2036.546709051, 624.5912205240002], [-2156.333562841, 661.3151086800002], [-2276.119215002, 698.0380336920002], [-2395.904352179, 734.7631601580002], [-2515.688270926, 771.4908159710002], [-2635.470508003, 808.2205039930002], [-2755.2508387559997, 844.9520016620002], [-2875.0289008299997, 881.6855305430001], [-2994.8064930289997, 918.4210413180001], [-3114.5836996979997, 955.1585703270001], [-3234.3613591599997, 991.9005352500001], [-3354.1380883919996, 1028.645733525], [-3473.914654332, 1065.398415463], [-3593.691090722, 1102.152739184]]]}}, {"type": "Feature", "properties": {"name": "rio rancho", "__uuid": "65e557cf-7b74-4674-b7a7-d0bff06bac24", "market_name": "Albuquerque, NM ", "submarket_name": "west river", "neighborhood_name": "rio rancho "}, "geometry": {"type": "Polygon", "coordinates": [[[-106.571502686, 35.329411386], [-213.155364991, 70.66778536999999], [-319.852523804, 105.97366520699998], [-426.549339295, 141.21535879099997], [-533.247528077, 176.42900749299997], [-639.922714234, 211.63480189099997], [-746.58657074, 246.84003523899997], [-853.238067627, 282.04835431799995], [-959.901054529, 317.26298205399996], [-1066.561821131, 352.487008492], [-1173.21846786, 387.72673925], [-1279.870651393, 422.97712477899995], [-1386.5076523159998, 458.23809710399996], [-1493.126190219, 493.51343174899995], [-1599.726875339, 528.805581687], [-1706.3103943209999, 564.112862403], [-1812.887046848, 599.428267739], [-1919.458549534, 634.757679125]]]}}, {"type": "Feature", "properties": {"name": "CSU", "__uuid": "661e4024-7a3c-4dc5-bd95-0d353d9fa5c2", "market_name": "Fresno, CA", "submarket_name": "north east fresno ", "neighborhood_name": "CSU"}, "geometry": {"type": "Polygon", "coordinates": [[[-119.773081322, 36.754831593], [-239.54345561999997, 73.509809048], [-359.306963463, 110.265061573], [-479.060785038, 147.020575822], [-598.811074955, 183.776103417], [-718.5606782259999, 220.535069295], [-838.309938175, 257.299261069], [-958.059198124, 294.07060349200003], [-1077.80811475, 330.846895973], [-1197.557031376, 367.63088791], [-1317.3062913249998, 404.420378985], [-1437.0534913369997, 441.21495641], [-1556.7969147989998, 478.012970368], [-1676.5374200179997, 514.814283252], [-1796.2696854899996, 551.624530014], [-1915.9983460729995, 588.438212605], [-2035.7220284769996, 625.255880565], [-2155.4343812299994, 662.083167526], [-2275.1415841409994, 698.914851342], [-2394.8465554539994, 735.749557849], [-2514.550153475999, 772.58659999], [-2634.2782990749993, 809.424329069], [-2754.028932314999, 846.261783373], [-2873.7950150789993, 883.0991002899999], [-2993.5796703639994, 919.9364930859999], [-3113.364636785999, 956.7345617299999], [-3233.1486680079993, 993.5284017949999], [-3352.9327752159993, 1030.31789287], [-3472.7173161279993, 1067.0927327949998], [-3592.501664626999, 1103.8647503109999], [-3712.283110551999, 1140.6332945479999], [-3832.059664659999, 1177.3985864649999], [-3951.834845476999, 1214.1605779049999], [-4071.610369615999, 1250.918856139], [-4191.386415912999, 1287.6735772519999], [-4311.1594972349985, 1324.428408845]]]}}, {"type": "Feature", "properties": {"name": "san mateo", "__uuid": "6785bb97-ac70-4d15-921e-12ddeddb3616", "market_name": "San Francisco-Oakland-Fremont, CA", "submarket_name": "south sf ", "neighborhood_name": "san mateo "}, "geometry": {"type": "Polygon", "coordinates": [[[-122.135685123, 37.509827989], [-244.29671151000002, 75.013349223], [-366.47512896, 112.53460684500001], [-488.66795614800003, 150.060987528], [-610.8632677740001, 187.599977323], [-733.0829268890001, 225.14645277], [-855.3155050790001, 262.70277661299997], [-977.5545428070001, 300.26028217699997], [-1099.812959149, 337.836298909], [-1222.136467757, 375.432003323], [-1344.493267829, 413.030463597], [-1466.869943402, 450.635616249], [-1589.249848744, 488.24067049], [-1711.659318894, 525.858517322], [-1834.0882918460002, 563.461603051], [-1956.5418607300003, 601.090567582], [-2079.014684006, 638.7190402079999], [-2201.498190364, 676.3399370289999], [-2323.994491576, 713.9609322419999], [-2446.515761386, 751.5570301259999], [-2569.038024971, 789.0912915229999], [-2691.552329092, 826.6074334549999], [-2814.054211025, 864.1089914429999], [-2936.550627195, 901.6022707899999], [-3059.030646077, 939.102646171], [-3181.473398394, 976.5754220729999], [-3303.917144626, 1014.0164404839999], [-3426.3469781470003, 1051.4320135629998], [-3548.7564392790005, 1088.810480105], [-3671.1639128610004, 1126.175915527], [-3793.5624424670004, 1163.5330572399998], [-3915.9336432600003, 1200.9063905809999], [-4038.2740370260003, 1238.3223583119998], [-4160.587101978001, 1275.7335900859998], [-4282.875322554, 1313.1219271809998], [-4405.147145841001, 1350.5059213629997], [-4527.4122612070005, 1387.8788584479998], [-4649.665699777001, 1425.2454769459998], [-4771.912678930001, 1462.597879], [-4894.134316819001, 1499.934479979], [-5016.334588559001, 1537.250929739], [-5138.519953687, 1574.56026694], [-5260.701095271001, 1611.879679984], [-5382.867702895001, 1649.202550494], [-5505.0376645100005, 1686.535990893], [-5627.198682149001, 1723.925117624], [-5749.350755813, 1761.328455519], [-5871.486929076001, 1798.74955358], [-5993.606208163001, 1836.1955087980002], [-6115.705114862, 1873.6588196730002], [-6237.814456199, 1911.1233137420002], [-6359.930753961, 1948.59687834], [-6482.052027204, 1986.0842438070001], [-6604.179263097, 2023.58383077], [-6726.314948220001, 2061.093658759]]]}}, {"type": "Feature", "properties": {"name": "trumble", "__uuid": "67ecb6ab-79f3-4319-becc-408e30c6c4dc", "market_name": "Albuquerque, NM ", "submarket_name": "SE abq", "neighborhood_name": "trumble "}, "geometry": {"type": "Polygon", "coordinates": [[[-106.648670608, 34.990355513], [-213.270641738, 69.972545744], [-319.882656509, 104.956423726], [-426.446606094, 139.976579939], [-532.935711319, 175.02175594], [-639.417263443, 210.066369783], [-745.898472244, 245.12925179], [-852.458988601, 280.223320751], [-959.043631483, 315.326961283], [-1065.64745071, 350.432886773], [-1172.262936907, 385.540746246], [-1278.8901022710002, 420.64655725], [-1385.525954032, 455.73266839], [-1492.165549776, 490.80699216200003], [-1598.803346336, 525.8494136830001], [-1705.442372587, 560.8744055650001], [-1812.0839131139999, 595.8855640270001], [-1918.7325837219998, 630.87591954]]]}}, {"type": "Feature", "properties": {"name": "tule springs", "__uuid": "6868d8d8-ae92-4c36-8005-9d0ce546a348", "market_name": "Las Vegas-Paradise, NV", "submarket_name": "north hills ", "neighborhood_name": "tule springs"}, "geometry": {"type": "Polygon", "coordinates": [[[-115.322799683, 36.338635988], [-230.633926392, 72.66427274099999], [-345.900764466, 108.94314964499999], [-461.102371216, 145.220089146], [-576.276855469, 181.51307996399999], [-691.446876526, 217.8063475], [-806.617927551, 254.11289634], [-921.806488037, 290.41944517999997], [-1036.995391846, 326.73318711599995], [-1152.202835083, 363.05107861299996], [-1267.4089050290002, 399.375885554], [-1382.62424469, 435.700692495], [-1497.840270996, 472.029095224], [-1613.069343567, 508.35722136], [-1728.3042526250001, 544.678708964], [-1843.5470581060001, 581.000196568], [-1958.811836243, 617.32887589], [-2074.076957703, 653.660874242], [-2189.348602295, 689.996744617], [-2304.635696411, 726.333444686], [-2419.958496094, 762.672080674]]]}}, {"type": "Feature", "properties": {"name": "midtown ", "__uuid": "695cd363-3591-47bf-94a7-0a03f8920581", "market_name": "Las Vegas-Paradise, NV", "submarket_name": "unlv", "neighborhood_name": "midtown "}, "geometry": {"type": "Polygon", "coordinates": [[[-115.15422821, 36.114580789], [-230.305023193, 72.21557026100001], [-345.44963836600004, 108.29991410100001], [-460.5952835080001, 144.37149390300002], [-575.7148361200001, 180.44390620500002], [-690.8350769140001, 216.543701591], [-805.916301229, 252.643601797], [-920.9801310610001, 288.74429686], [-1036.045112448, 324.858835997], [-1151.127696167, 360.97432851200006], [-1266.281924377, 397.08890930100006]]]}}, {"type": "Feature", "properties": {"name": "Alameda", "__uuid": "69774812-8c97-4a93-aede-26601383e045", "market_name": "Albuquerque, NM ", "submarket_name": "east river", "neighborhood_name": "Alameda"}, "geometry": {"type": "Polygon", "coordinates": [[[-106.664492647, 35.183168551], [-213.310153047, 70.367079097], [-319.893893903, 105.541563577], [-426.471576398, 140.74707745], [-533.041276968, 175.985197267], [-639.627542532, 211.22436720899998], [-746.230089285, 246.44800559499998], [-852.859516213, 281.663970476], [-959.504146645, 316.869484349], [-1066.155066492, 352.067207237], [-1172.811452008, 387.259891195], [-1279.4759446550001, 422.443059746]]]}}, {"type": "Feature", "properties": {"name": "los candelarias", "__uuid": "69d8eb87-d7a0-4fc9-81ab-a9bd950396ab", "market_name": "Albuquerque, NM", "submarket_name": "north abq", "neighborhood_name": "los candelarias"}, "geometry": {"type": "Polygon", "coordinates": [[[-106.685613378, 35.149399687], [-213.38661565799998, 70.28841377399999], [-320.08963537399995, 105.396163949], [-426.76791143599996, 140.501187658], [-533.4228415509999, 175.608177448], [-640.0623221419999, 210.71348202899998], [-746.6901297589999, 245.81850573799997], [-853.3129941289999, 280.94186221399997], [-959.9319214529999, 316.069313423], [-1066.5418059229999, 351.202123078], [-1173.1703762299999, 386.339161843], [-1279.82221644, 421.47956775299997], [-1386.4884762059999, 456.622219633], [-1493.1740895839998, 491.77161932]]]}}, {"type": "Feature", "properties": {"name": "Westland", "__uuid": "6a660c20-55f2-45b3-a335-30670f6086c5", "market_name": "Detroit-Warren-Livonia, MI", "submarket_name": "West Detroit", "neighborhood_name": "Westland"}, "geometry": {"type": "Polygon", "coordinates": [[[-83.414195315, 42.223865865], [-166.729348558, 84.472298178], [-250.023787008, 126.73445042200001], [-333.28160170399997, 169.0044355], [-416.514061493, 211.330798334], [-499.731192335, 253.693676028], [-582.9429373309999, 296.071515647], [-666.183848756, 338.44984494], [-749.430726041, 380.83453963799997], [-832.866522239, 423.22070318399994], [-916.304307057, 465.56425618299994], [-999.746069116, 507.88869851999993], [-1083.185842554, 550.1680362919999], [-1166.6242902459999, 592.4017463939999], [-1250.0384855609998, 634.6256122589999]]]}}, {"type": "Feature", "properties": {"name": "carver", "__uuid": "6cdd261e-067a-4c6a-9c79-4cdacf805c37", "market_name": "Boston-Cambridge-Quincy, MA-NH", "submarket_name": "west plymouth ", "neighborhood_name": "carver"}, "geometry": {"type": "Polygon", "coordinates": [[[-70.52056852, 41.847362561], [-141.04556050399998, 83.73855317799999], [-211.58247595799997, 125.66730632099998], [-282.168544769, 167.62233980099998], [-352.78507083, 209.58381593399997], [-423.440204217, 251.54531388299998], [-494.143057744, 293.546624856], [-564.912252679, 335.492371442], [-635.710713784, 377.42318996999995], [-706.543458117, 419.34218797499994], [-777.400451562, 461.25371925699994], [-848.2821680559999, 503.16646339299996], [-919.221942952, 545.06990474], [-990.184294608, 586.9714790339999], [-1061.076407456, 628.84192773], [-1131.935073253, 670.6912023579999], [-1202.7661452329999, 712.5323791659999], [-1273.5604254569998, 754.347386782], [-1344.3321289209998, 796.155538795], [-1415.0636959239998, 837.940002168], [-1485.7342220589999, 879.705134114], [-1556.392205549, 921.47026606], [-1627.029284633, 963.2466234149999], [-1697.637933723, 1005.0292162599999], [-1768.229023111, 1046.808691436], [-1838.82447537, 1088.5651171579998], [-1909.407580197, 1130.3154103369998], [-1979.957773548, 1172.0907310189998], [-2050.474882836, 1213.8652346769998], [-2120.9655826529997, 1255.6435127899997], [-2191.5009185659997, 1297.4623222099997], [-2262.0214870859995, 1339.3096847709996]]]}}, {"type": "Feature", "properties": {"name": "Mission_viejo", "__uuid": "6cf0148e-4b54-4492-8a54-fe83827cdd1c", "market_name": "Los Angeles-Long Beach-Santa Ana, CA", "submarket_name": "Orange_county", "neighborhood_name": "Mission_viejo"}, "geometry": {"type": "Polygon", "coordinates": [[[-117.683539886, 33.45688422], [-235.36030347500002, 66.923912285], [-353.035580229, 100.400853912], [-470.700074337, 133.891984632], [-588.358534876, 167.392717894], [-705.912245814, 201.05249949299997], [-823.5552206680001, 234.79168635799996], [-941.2790965920001, 268.59272430899995], [-1059.035367954, 302.36901793899995], [-1176.792158531, 336.13386599399996], [-1294.555982994, 369.88732659199997], [-1412.3225540390001, 403.62537145499994], [-1530.115023084, 437.34353091199995], [-1647.892207214, 471.04977095299995], [-1765.6588639860001, 504.73655245399993], [-1883.4157852580001, 538.414791402], [-2001.167788808, 572.081676995], [-2118.93023998, 605.7283125179999], [-2236.68994457, 639.3675167629999], [-2354.451022451, 672.998717375], [-2472.206340786, 706.620652565], [-2589.966732021, 740.232984528], [-2707.7243766740003, 773.84131352], [-2825.4875059610004, 807.4437124], [-2943.2450217670003, 841.03571814], [-3061.0513875640004, 874.643739341], [-3178.8776967680005, 908.204018176], [-3296.5951177400007, 941.6571723779999], [-3414.2786576260005, 975.1140565979999]]]}}, {"type": "Feature", "properties": {"name": "green valley ", "__uuid": "6d4c4dbf-1c41-4d83-a520-6969bd0e7033", "market_name": "Las Vegas-Paradise, NV", "submarket_name": "north valley ranch ", "neighborhood_name": "green valley "}, "geometry": {"type": "Polygon", "coordinates": [[[-115.014152527, 36.033830529], [-230.035785176, 72.07471378599999], [-345.060338838, 108.124020584], [-460.087404025, 144.18022469299999], [-575.169534457, 180.23598531199997], [-690.2893335450001, 216.29254860699996], [-805.4088814800001, 252.36467431799997], [-920.5548624310001, 288.43603791], [-1035.705042059, 324.50026523099996], [-1150.847974834, 360.56191618699995], [-1265.986532294, 396.61721096299993], [-1381.120479446, 432.66339088999996], [-1496.254108291, 468.70221868499993], [-1611.3856772, 504.73216223099996], [-1726.5090260969998, 540.756803658], [-1841.6221152019998, 576.7811049109999], [-1956.7220958689998, 612.80426383], [-2071.811776821, 648.827645321], [-2186.825929348, 684.86147585]]]}}, {"type": "Feature", "properties": {"name": "eagle", "__uuid": "6e2bfd4b-2b4e-4d4f-aa64-ee7d65a25b4b", "market_name": "Boise City-Nampa, ID", "submarket_name": "north boi", "neighborhood_name": "eagle "}, "geometry": {"type": "Polygon", "coordinates": [[[-116.279747138, 43.650102123], [-232.558959442, 87.33503403200001], [-348.864599001, 131.02969349300002], [-465.184888342, 174.75133051700004], [-581.6495079270001, 218.66194717200005], [-698.150615495, 262.57256382700007], [-814.722266497, 306.43467625100004], [-931.2233740649999, 350.29620404600007], [-1047.6961020909998, 394.15714720600005], [-1164.1590999879998, 438.01458243600007], [-1280.6229087289998, 481.8644164440001], [-1397.0972584429999, 525.6955356240001], [-1513.580527442, 569.5038381710001], [-1630.058120532, 613.2922421800001], [-1746.517875053, 657.0472720080002], [-1862.985738014, 700.7859006810002], [-1979.482791362, 744.4928858630002], [-2095.9784363999997, 788.1563970470002], [-2212.3927836529997, 831.8182320490001], [-2328.747128445, 875.4818267850002], [-2445.0828238229997, 919.1448349480002], [-2561.3901396589995, 962.8025637030001], [-2677.6698867969994, 1006.4526658260002]]]}}, {"type": "Feature", "properties": {"name": "Chesterfield", "__uuid": "6e6b392c-7d2d-465d-8700-300a03bde46a", "market_name": "St. Louis, MO-IL", "submarket_name": "West St. Louis", "neighborhood_name": "Chesterfield"}, "geometry": {"type": "Polygon", "coordinates": [[[-90.663624463, 38.683575403], [-181.354700309, 77.335955224], [-272.086877021, 115.970212527], [-362.83164916000004, 154.58219874899999], [-453.63011759100004, 193.166206841], [-544.5359786070001, 231.695263195], [-635.356420888, 270.179652199], [-726.111538791, 308.66267469999997], [-816.7540091320001, 347.16610682799995], [-907.350547536, 385.67053826399996], [-997.902237835, 424.17594541399995], [-1088.438783736, 462.69434075099997], [-1178.9683108, 501.216186941], [-1269.469149112, 539.75177015], [-1359.940667745, 578.292072416], [-1450.378116232, 616.833909156], [-1540.8006251959998, 655.38345425], [-1631.2484102499998, 693.968260852], [-1721.6960930709997, 732.6076075479999], [-1812.1986820579998, 771.3126496579999], [-1902.7254411679999, 810.0480542859999], [-1993.260347561, 848.7400594889999], [-2083.813755921, 887.4266145319999], [-2174.386241036, 926.1075496639999], [-2264.994793391, 964.7926917309999], [-2355.628234066, 1003.4840390729998], [-2446.282487518, 1042.1728867489999], [-2536.946111981, 1080.856462152]]]}}, {"type": "Feature", "properties": {"name": "montville", "__uuid": "6e9ec71c-974d-4eb8-a246-dd1c9b3e38e0", "market_name": "New York-Northern New Jersey-Long Island, NY-NJ-PA", "submarket_name": "northwest_nj", "neighborhood_name": "montville"}, "geometry": {"type": "Polygon", "coordinates": [[[-74.604764847, 40.979208716], [-149.194045373, 81.90363698300001], [-223.7605069, 122.81082155300001], [-298.285405251, 163.72231746900002], [-372.782943123, 204.627487088], [-447.236330903, 245.493715458], [-521.659549453, 286.358830884], [-596.006241176, 327.21615518], [-670.327178679, 368.079044663], [-744.616475282, 408.96252126999997], [-818.881489335, 449.854898435], [-893.1024912539999, 490.745806941], [-967.315366793, 531.643313366], [-1041.521018884, 572.539682266], [-1115.7248651119999, 613.441056131], [-1189.924196685, 654.346752161], [-1264.118110672, 695.259272086], [-1338.303296325, 736.172246913], [-1412.48125853, 777.093182007], [-1486.651395332, 818.019347612], [-1560.821231157, 858.9509706990001], [-1634.987756235, 899.8887329160001], [-1709.153378382, 940.8367257470001], [-1783.31388392, 981.8017660800001], [-1857.4773992280002, 1022.7827134430001], [-1931.6686044220003, 1063.786605619], [-2005.8914122030003, 1104.8068496170001], [-2080.101578949, 1145.830499734], [-2154.2979007520003, 1186.8632319730002], [-2228.4909118080004, 1227.9066341050002], [-2302.6803111390004, 1268.9600235050002], [-2376.8609821370005, 1310.0279371350002], [-2451.0314199160007, 1351.1074224640001], [-2525.2015567180006, 1392.1959822100002], [-2599.3731984050005, 1433.2952027950003], [-2673.5412283680007, 1474.4021343980003], [-2747.7044426990005, 1515.5133747050004], [-2822.0345645940006, 1556.6977584780004], [-2896.6393294410004, 1597.6769671940003]]]}}, {"type": "Feature", "properties": {"name": "tewksbury", "__uuid": "6ed48fca-2f4c-4e48-adc7-de6134517e28", "market_name": "Boston-Cambridge-Quincy, MA-NH", "submarket_name": "north burlington ", "neighborhood_name": "tewksbury "}, "geometry": {"type": "Polygon", "coordinates": [[[-71.119449533, 42.503749434], [-142.25496402599998, 85.0267089], [-213.39297751299998, 127.579918768], [-284.56204992299996, 170.175454578], [-355.7547353169999, 212.83959728899998], [-426.96455666799994, 255.49192568799998], [-498.2154329179999, 298.12560916399997], [-569.4877291139999, 340.753251537], [-640.7743052749998, 383.372487922], [-712.0908693619998, 425.981740722], [-783.4106464409998, 468.581533912], [-854.7203861219998, 511.16575975], [-926.0219148229999, 553.733686601], [-997.2859586169999, 596.2571639380001], [-1068.5056529849999, 638.7342747530001], [-1139.7097209279998, 681.2159038320001], [-1210.8995089059997, 723.7062207020001], [-1282.0814429039997, 766.2012758590001], [-1353.2362449689997, 808.7010689430001], [-1424.3664140949998, 851.2037572510001], [-1495.4859235279998, 893.705918352], [-1566.605373061, 936.2096677860001]]]}}, {"type": "Feature", "properties": {"name": "Garden_city", "__uuid": "6ee600b7-35b7-49e0-a95b-4b566c9b01ad", "market_name": "New York-Northern New Jersey-Long Island, NY-NJ-PA", "submarket_name": "Nassau_county", "neighborhood_name": "Garden_city"}, "geometry": {"type": "Polygon", "coordinates": [[[-73.726158142, 40.687146718], [-147.446479797, 81.376115756], [-221.145858764, 122.056233058], [-294.834460031, 162.739795576], [-368.497331132, 203.42287787200002], [-442.151153294, 244.107658743], [-515.796659775, 284.791102052], [-589.42840416, 325.481633039], [-663.052595444, 366.17034174799994], [-736.6675170139999, 406.8582694659999], [-810.2738555149999, 447.5433334709999], [-883.87573082, 488.2291785009999], [-957.472112961, 528.9158045469999], [-1031.058538742, 569.6073768119999], [-1104.637226103, 610.2985871999999], [-1178.2056462770001, 650.988989082], [-1251.761859656, 691.679259746], [-1325.311694338, 732.3723358499999], [-1398.855455628, 773.0663634959999], [-1472.3859198, 813.7665256919998], [-1545.906427612, 854.4664276029998], [-1619.442384948, 895.1855878299998], [-1692.9858953849998, 935.9182775959998], [-1766.5352423089998, 976.6660547569999], [-1840.0893957509998, 1017.4265754979999], [-1913.6535055529998, 1058.195677274], [-1987.229288329, 1098.972839012], [-2060.818460692, 1139.7554601699999], [-2134.4244558699997, 1180.53470174], [-2208.039720763, 1221.317842819], [-2281.689661254, 1262.10280359], [-2355.341661681, 1302.884124927], [-2429.004305114, 1343.6628465449999], [-2502.672441711, 1384.4363684209998], [-2576.349504699, 1425.2080702919998], [-2650.0313742060002, 1465.9756119619997], [-2723.7218267820003, 1506.7405533739998], [-2797.4212057490004, 1547.5005540169998], [-2871.1394674680005, 1588.2579541069997], [-2944.8700888060007, 1629.0015695699997], [-3018.5935003660006, 1669.7410230739997], [-3092.3151953120005, 1710.4755339139997], [-3166.0434133910003, 1751.1897499699996], [-3239.769571533, 1791.8768966879995]]]}}, {"type": "Feature", "properties": {"name": "oceanside ", "__uuid": "6f28d728-cd9c-4e45-8227-436fe276ed1b", "market_name": "San Diego-Carlsbad-San Marcos, CA", "submarket_name": "north sd coast ", "neighborhood_name": "oceanside "}, "geometry": {"type": "Polygon", "coordinates": [[[-117.392312199, 33.224047882], [-234.784114727, 66.429760488], [-352.160627133, 99.616280901], [-469.517772052, 132.77976513], [-586.8689438179999, 165.933809774], [-704.196018164, 199.055899632], [-821.5072927179999, 232.178415715], [-938.807864187, 265.30306602999997], [-1056.096713229, 298.423021265], [-1173.377917211, 331.543403659], [-1290.6519858030001, 364.670401649], [-1407.9189190040001, 397.799746837], [-1525.1957550460002, 430.94065586199997], [-1642.4937781610001, 464.08963305199995], [-1759.8087362780002, 497.24468053299995], [-1877.1320823700003, 530.414488477], [-1994.4589655900002, 563.595302715], [-2111.7678404900003, 596.775038987], [-2229.065353935, 629.958147014], [-2346.3531836360003, 663.141681596], [-2463.6187721750002, 696.335212399], [-2580.874217502, 729.528787102], [-2698.1289186060003, 762.729382201], [-2815.385354123, 795.938881346], [-2932.640922295, 829.154909943], [-3049.901396152, 862.376425617], [-3167.165522358, 895.602364138], [-3284.426697232, 928.83836394], [-3401.704499893, 962.0807692220001], [-3518.984341237, 995.326158326], [-3636.268005111, 1028.571547412], [-3753.5537076680002, 1061.818428388], [-3870.8404295670002, 1095.066801228], [-3988.127151466, 1128.319436329], [-4105.413427403, 1161.5744155539999], [-4222.694415506, 1194.8317388419998], [-4339.975531027, 1228.0954548749999], [-4457.256773965, 1261.3688653269999], [-4574.5378894860005, 1294.649838932], [-4691.824356549, 1327.936138581], [-4809.119997685, 1361.219455951], [-4926.424303224, 1394.4959559840001], [-5043.732686128, 1427.758819716], [-5161.045273816, 1461.0167823040001], [-5278.36410497, 1494.272827082], [-5395.686376401, 1527.524822828], [-5513.012597781, 1560.7757530449999], [-5630.351560929001, 1594.0166658029998], [-5747.697659467, 1627.2603498019998], [-5865.054715925001, 1660.4903916319997], [-5982.4222206330005, 1693.7234185239997], [-6099.8004284260005, 1726.9594295579998], [-6217.186281280001, 1760.1958668899997], [-6334.577740512001, 1793.4250568769996], [-6451.970052711001, 1826.6491047589996]]]}}, {"type": "Feature", "properties": {"name": "framingham", "__uuid": "6f32ff39-b99e-4a27-b68d-026e93a85a7c", "market_name": "Boston-Cambridge-Quincy, MA-NH", "submarket_name": "Framingham", "neighborhood_name": "framingham"}, "geometry": {"type": "Polygon", "coordinates": [[[-71.236136007, 42.317962227], [-142.486906841, 84.64304588], [-213.749318931, 126.981890926], [-285.012561758, 169.331660899], [-356.283453199, 211.69111318300003], [-427.540200939, 254.10097648100003], [-498.80014543799996, 296.52910612500006], [-570.070930678, 338.96374644200006], [-641.3605415249999, 381.40172955300005], [-712.679959674, 423.851084203], [-784.0246438949999, 466.29451072800003], [-855.3868366959999, 508.741559153], [-926.7646240989999, 551.1962176220001], [-998.1493623169999, 593.657974232], [-1069.544103852, 636.1238735530001], [-1140.98860508, 678.5968860790001], [-1212.448297693, 721.0859807120002], [-1283.932303858, 763.5907265970002], [-1355.441041111, 806.1123457520002], [-1426.979590293, 848.6100123760002], [-1498.536100895, 891.0856025880003], [-1570.121050413, 933.5335863310003], [-1641.715729033, 975.9661051350002], [-1713.3253755039998, 1018.3759719640002], [-1784.9320284049998, 1060.7720225970002], [-1856.5319457729997, 1103.1542539920001], [-1928.1248108979999, 1145.5194250490001], [-1999.703456565, 1187.868557623], [-2071.279108662, 1230.201647622], [-2142.845031656, 1272.510389346], [-2214.4106857210004, 1314.801895115], [-2285.9646344350003, 1357.094583962], [-2357.4961313740005, 1399.387826425], [-2429.0007044090003, 1441.6850399989999], [-2500.490545479, 1483.9847375129998], [-2571.969160662, 1526.2844350269997], [-2643.438046742, 1568.5813646979998], [-2714.8987005040003, 1610.8760800069997], [-2786.3503735560002, 1653.1757775209996], [-2857.7878271500003, 1695.4776892219998], [-2929.211061286, 1737.7779402899998], [-3000.614458287, 1780.0783019459998], [-3071.986801732, 1822.3791065629998], [-3143.320228767, 1864.6848929029998], [-3214.622971708, 1906.9923397299997], [-3285.909250014, 1949.3042143079997], [-3357.181308862, 1991.6216231369997], [-3428.4421418230004, 2033.9373717419996], [-3499.6782778300003, 2076.255333969]]]}}, {"type": "Feature", "properties": {"name": "scituate", "__uuid": "6f804988-e03f-47a7-80b5-03bb7b4ae97f", "market_name": "Providence-New Bedford-Fall River, RI-MA", "submarket_name": "reservoir land ", "neighborhood_name": "scituate"}, "geometry": {"type": "Polygon", "coordinates": [[[-71.582904673, 41.836789405], [-143.18391649900002, 83.67703786999999], [-214.806749765, 125.515210922], [-286.446761612, 167.352692154], [-358.104880611, 209.18256288], [-429.775071045, 251.008973986], [-501.435511474, 292.821890788], [-573.093630473, 334.62684807700003], [-644.7517494719999, 376.42211419], [-716.4145113309999, 418.212534165], [-788.0805231909999, 459.999146203], [-859.7363207599999, 501.78229628400004], [-931.3856183259999, 543.562330444], [-1003.0288801739998, 585.3416721570001], [-1074.6693563069998, 627.1182440050001], [-1146.3019395779997, 668.8903145680001], [-1217.9340585629998, 710.6561520610002], [-1289.5573561149997, 752.4109070450002], [-1361.1746179489996, 794.1628911030001], [-1432.7900226399997, 835.9082937320001], [-1504.3947487539997, 877.6554283810001], [-1575.9948320079998, 919.4018702280001], [-1647.5874866869997, 961.1465800350002], [-1719.1764270779997, 1002.8971785850001], [-1790.7491174599998, 1044.656782402], [-1862.3204149839999, 1086.4198494470002], [-1933.8875339349997, 1128.192612536], [-2005.4574386009997, 1169.9684919000001], [-2077.0273432669997, 1211.7485260600001], [-2148.6028193649995, 1253.531329935], [-2220.1820097509994, 1295.317595786], [-2291.7616644229993, 1337.110092722], [-2363.3478190979995, 1378.908127892], [-2434.9339737729997, 1420.713431267], [-2506.518271304, 1462.5270401530001], [-2578.104425979, 1504.3586406190002], [-2649.687330652, 1546.1954300240002]]]}}, {"type": "Feature", "properties": {"name": "Columbia", "__uuid": "6fa5a789-a7c4-4209-9232-4084d29f2682", "market_name": "St. Louis, MO-IL", "submarket_name": "South St Louis", "neighborhood_name": "Columbia "}, "geometry": {"type": "Polygon", "coordinates": [[[-90.1666307, 38.411692647], [-180.34410824600002, 76.84458576200001], [-270.50400878000005, 115.28942845700001], [-360.701316817, 153.81818373500002], [-450.970281155, 192.33889729900002], [-541.259668216, 230.77186315200004], [-631.494851422, 269.19981999400005], [-721.661482122, 307.61151264100005]]]}}, {"type": "Feature", "properties": {"name": "towson", "__uuid": "6fbb0bc3-c128-4482-97d2-955b45a5fb35", "market_name": "Baltimore-Towson, MD", "submarket_name": "north balt", "neighborhood_name": "towson"}, "geometry": {"type": "Polygon", "coordinates": [[[-76.796505161, 39.355233338], [-153.577982704, 78.705836478], [-230.346298749, 118.048573551], [-307.114907961, 157.380749205], [-383.88767337599995, 196.70831145], [-460.65706060699995, 236.029126816], [-537.4319819259999, 275.345778156], [-614.214132892, 314.662523471], [-690.999571006, 353.9705219], [-767.775621017, 393.274199798], [-844.552116416, 432.57361841399995], [-921.324509735, 471.8637283549999], [-998.077291233, 511.14801593499993], [-1074.814766345, 550.4351961509999], [-1151.523578549, 589.7275571289999], [-1228.229095446, 629.0222820759999], [-1304.9386276, 668.3244858539999], [-1381.645333443, 707.6351482969999], [-1458.352512934, 746.9709716389999], [-1535.060286651, 786.312981006], [-1611.766027655, 825.656825061], [-1688.4621619920001, 865.0029329419999], [-1765.152339062, 904.3528842929999], [-1841.826944644, 943.7101612599998], [-1918.488429578, 983.0651033939998], [-1995.143162655, 1022.4229374589999], [-2071.794014654, 1061.783751388], [-2148.4359684769997, 1101.145947536], [-2225.0609327199995, 1140.507838561], [-2301.6781449559994, 1179.8722250199999], [-2378.281516335999, 1219.236889567], [-2454.875902153999, 1258.604051628], [-2531.461533559999, 1297.969833747], [-2608.0365117349993, 1337.3386821249999], [-2684.6039769469994, 1376.707150006], [-2761.1343280469996, 1416.0626571179998], [-2837.6473409079995, 1455.432158829], [-2914.1644355529993, 1494.8040319259999], [-2990.6867243239994, 1534.188544232], [-3067.2296052439992, 1573.5814603469998], [-3143.7882280939994, 1612.9833843669999], [-3220.3546035149993, 1652.3849302489998], [-3296.939203198999, 1691.7977758179998], [-3373.5295450059994, 1731.2117307829997], [-3450.1288165609994, 1770.6248281129997], [-3526.7410308669996, 1810.0386441319997], [-3603.3602236699994, 1849.4511233829996], [-3679.9896897149993, 1888.8683101749996], [-3756.6361881869993, 1928.2895779149997], [-3833.2939645609995, 1967.7064136559998], [-3909.9637089059993, 2007.1130463659997], [-3986.6526376349993, 2046.5087216999998], [-4063.3523949309993, 2085.9038633229998], [-4140.080250573999, 2125.2922689489997], [-4216.821963422999, 2164.6725573999997], [-4293.570676625999, 2204.0412110029997], [-4370.329449124999, 2243.4087434259995], [-4447.103629633999, 2282.7757673199994], [-4523.888324682999, 2322.1345564729995], [-4600.681634325999, 2361.4916455529997], [-4677.478139486999, 2400.8468788909995]]]}}, {"type": "Feature", "properties": {"name": "Parker", "__uuid": "6fc1b0ee-d6fb-47a5-a94c-c32493ee0008", "market_name": "Denver-Aurora-Broomfield, CO", "submarket_name": "se centennial ", "neighborhood_name": "Parker"}, "geometry": {"type": "Polygon", "coordinates": [[[-104.775969024, 39.551522497], [-209.562065405, 79.099628594], [-314.362719862, 118.64968694], [-419.182436382, 158.206109145], [-524.0232410579999, 197.757652066], [-628.875164761, 237.30867462199998], [-733.74519918, 276.864511507], [-838.611230227, 316.388552147], [-943.485940985, 355.892229737], [-1048.29545688, 395.38369671699996], [-1153.0942124580001, 434.87662908299995], [-1257.8537245260002, 474.370049905], [-1362.5993114780001, 513.8634707269999], [-1467.3221118760002, 553.350541362], [-1572.0385826760003, 592.828818473], [-1676.7404953990003, 632.298789569], [-1781.4284830060003, 671.761919672], [-1886.0924181400003, 711.226515759], [-1990.7538214340002, 750.792190121], [-2095.4342135230004, 790.357864483], [-2200.2101825470004, 829.9093869799999]]]}}, {"type": "Feature", "properties": {"name": "enterprise ", "__uuid": "702fccb8-0fd8-42ff-a542-97f1bc208bff", "market_name": "Las Vegas-Paradise, NV", "submarket_name": "mountains edge ", "neighborhood_name": "enterprise "}, "geometry": {"type": "Polygon", "coordinates": [[[-115.181007385, 36.063254312], [-230.378494262, 72.13122651], [-345.58571454, 108.198882338], [-460.86485706300004, 144.26449932], [-576.1450847240001, 180.327198569], [-691.427715644, 216.388787678], [-806.715496406, 252.45204199], [-922.032802925, 288.516128891], [-1037.347019539, 324.57605276099997], [-1152.6450999830001, 360.630980703], [-1267.9435237500002, 396.67369504199996], [-1383.253277168, 432.71557656699997], [-1498.575390205, 468.74246592099996], [-1613.896816597, 504.753804825], [-1729.198673592, 540.763199708], [-1844.499500618, 576.761207213], [-1959.793804512, 612.752825958], [-2075.0644191359997, 648.752222256], [-2190.327137337, 684.751340797], [-2305.59019886, 720.73490341], [-2420.8330043409997, 756.7192994540001], [-2536.0758098219994, 792.7106404150001], [-2651.2952693559996, 828.692536139], [-2766.5047725299996, 864.674431863], [-2881.6868098839996, 900.636600066], [-2996.8683777099995, 936.644866105], [-3112.0493850949997, 972.708120417]]]}}, {"type": "Feature", "properties": {"fill": "#555555", "name": "North_queens", "__uuid": "704ad0b7-c979-4189-849d-fe8aadb2ad3c", "stroke": "#555555", "market_name": "New York-Northern New Jersey-Long Island, NY-NJ-PA", "fill-opacity": "0.5", "stroke-width": "2", "stroke-opacity": "1", "submarket_name": "NYC", "neighborhood_name": "North_queens"}, "geometry": {"type": "Polygon", "coordinates": [[[-73.883914948, 40.691832583], [-147.75650024499998, 81.389391886], [-221.62548065299998, 122.088773225], [-295.49188613999996, 162.791277937], [-369.352111817, 203.494042923], [-443.20581436199996, 244.198759935], [-517.056770325, 284.906730197], [-590.902233124, 325.61496071199997], [-664.741687775, 366.325403338], [-738.571357727, 407.04053019], [-812.3948478699999, 447.756828047], [-886.196537018, 488.473386125], [-959.987411499, 529.192936666], [-1033.768157959, 569.913528032], [-1107.542724609, 610.6376320640001], [-1181.30990982, 651.3638175880001], [-1255.066452026, 692.0902632940001], [-1328.814754486, 732.8219124240002], [-1402.5536155700001, 773.5622763790002], [-1476.2873268130002, 814.3060218990001], [-1550.04404068, 855.0740836080001], [-1623.8203239440002, 895.8736001240002], [-1697.6278495790002, 936.6733765350002], [-1771.4525413510003, 977.4741925160002], [-1845.3134913440003, 1018.2715109270002], [-1919.2099244620003, 1059.0710421200001], [-1993.1216485530003, 1099.8632811630002], [-2067.0431573420005, 1140.6459023210002], [-2140.9813172850004, 1181.4256638390002], [-2214.9208505190004, 1222.1956756600002], [-2288.8775498900004, 1262.9468340090002], [-2362.8407723940004, 1303.6848567800002], [-2436.7928369080005, 1344.4245704140003], [-2510.6920297180004, 1385.1389165840003], [-2584.5759446660004, 1425.8307491670002]]]}}, {"type": "Feature", "properties": {"name": "North East Fort Worth", "__uuid": "70774150-2ecc-49e5-b7b6-f56b5186daa0", "market_name": "Dallas-Fort Worth-Arlington, TX", "submarket_name": "Fort Worth", "neighborhood_name": "North East Fort Worth"}, "geometry": {"type": "Polygon", "coordinates": [[[-97.317581177, 32.748301357], [-194.57061767599998, 65.509595667], [-291.784858704, 98.270601265], [-388.990516663, 131.102601715], [-486.22604370199997, 163.942967741], [-583.537101746, 196.78246839899998], [-680.855026246, 229.576092492], [-778.1726074229999, 262.324393849]]]}}, {"type": "Feature", "properties": {"name": "Leander", "__uuid": "7095b63b-2d1b-4028-8c5e-0dd4da2cec94", "market_name": "Austin-Round Rock-San Marcos, TX", "submarket_name": "North Austin Suburbs", "neighborhood_name": "Leander"}, "geometry": {"type": "Polygon", "coordinates": [[[-97.837371826, 30.63850282], [-195.74409484799997, 61.302406257], [-293.764801025, 91.855797981], [-391.693496704, 122.37784528099999], [-489.520568848, 152.835989632], [-587.321548462, 183.30597102800002], [-685.1403808590001, 213.83275021000003], [-782.977752685, 244.47125303]]]}}, {"type": "Feature", "properties": {"name": "Sugar Land Area", "__uuid": "70a3ef7f-c021-4138-9036-d0fa34c8fda5", "market_name": "Houston-Sugar Land-Baytown, TX", "submarket_name": "South West Outskirts", "neighborhood_name": "Sugar Land Area"}, "geometry": {"type": "Polygon", "coordinates": [[[-95.559082031, 29.717277628], [-191.33377075200002, 59.417856367], [-287.228918151, 89.10839518899999], [-383.324592888, 118.759509255], [-479.199531853, 148.160828765], [-574.878090203, 177.55915719499998], [-670.3082733010001, 206.93927516499997], [-765.7294297270001, 236.38552015799996], [-861.1362745190002, 265.86165848499996], [-956.5233158800002, 295.458567831], [-1051.981461022, 325.054118584], [-1147.501404259, 354.68011485799997], [-1243.062546227, 384.33833754], [-1338.6216282579999, 414.055615168]]]}}, {"type": "Feature", "properties": {"name": "East Dallas", "__uuid": "70d9a5b9-83f0-4af0-940b-305f4219c458", "market_name": "Dallas-Fort Worth-Arlington, TX", "submarket_name": "Dallas", "neighborhood_name": "East Dallas"}, "geometry": {"type": "Polygon", "coordinates": [[[-96.73208697, 32.665259014], [-193.36748616, 65.35527424], [-289.978217537, 98.101139042], [-386.600192426, 130.893639137], [-483.23537588199997, 163.73956318400002], [-579.904077054, 196.60502120700002], [-676.606423856, 229.43731013800002], [-773.350999356, 262.232377251], [-870.117547513, 294.974037034], [-966.851480008, 327.696346801], [-1063.583566978, 360.361605815]]]}}, {"type": "Feature", "properties": {"name": "medford", "__uuid": "710eecb8-0b9c-447f-8d2d-39a6a8810ae2", "market_name": "Philadelphia-Camden-Wilmington, PA-NJ-DE-MD", "submarket_name": "east philly ", "neighborhood_name": "medford"}, "geometry": {"type": "Polygon", "coordinates": [[[-75.091185883, 39.832843396], [-150.162470779, 79.65260364400001], [-225.231821002, 119.45254167200001], [-300.275440075, 159.21321203000002], [-375.289971079, 198.95157439000002], [-450.26438637900003, 238.65922279800003], [-525.1729129930001, 278.439288689], [-599.9531498770001, 318.271497662], [-674.6914827920001, 358.155942571], [-749.390547401, 398.024917994], [-824.0826050310001, 437.974539768], [-898.7519119530001, 477.966598193], [-973.388015705, 517.985407411], [-1048.041072946, 558.0553572599999], [-1122.885277341, 598.0602871619999], [-1197.786590129, 638.0351258399999], [-1272.733950745, 677.9589567049999], [-1347.7882680359999, 717.8027650549999], [-1422.8794539189998, 757.6356084509999]]]}}, {"type": "Feature", "properties": {"name": "Galena Park - North Shore", "__uuid": "715d86c1-4a59-462f-b06c-a62eb77cf5d9", "market_name": "Houston-Sugar Land-Baytown, TX", "submarket_name": "East Houston", "neighborhood_name": "Galena Park - North Shore"}, "geometry": {"type": "Polygon", "coordinates": [[[-95.248374939, 29.713997709], [-190.466880798, 59.437834855000006], [-285.634918213, 89.18552118000001], [-380.779180547, 118.922482466], [-475.926093949, 148.686703298], [-571.077132226, 178.460243245], [-666.242486925, 208.268277345], [-761.451036425, 238.075561795], [-856.671945544, 267.876888029], [-951.9381732659999, 297.66748858], [-1047.199583071, 327.444180249], [-1142.462636376, 357.218980043], [-1237.72783413, 386.934170462], [-1332.976209069, 416.648168171]]]}}, {"type": "Feature", "properties": {"name": "Cuidad Juarez", "__uuid": "719ad353-8613-47e7-8913-414894824fd4", "market_name": "El Paso, TX", "submarket_name": "south paso", "neighborhood_name": "Cuidad Juarez "}, "geometry": {"type": "Polygon", "coordinates": [[[-106.53787262, 31.716536981], [-213.041894599, 63.405890009000004], [-319.545570539, 95.073730603], [-426.04308951499996, 126.729116289], [-532.526884032, 158.380280218], [-639.0082604950001, 190.021779453], [-745.4825167820001, 221.65899162899998], [-851.967068787, 253.289189416], [-958.449864221, 284.909021395], [-1064.941615527, 316.513453], [-1171.4154772450001, 348.121511887], [-1277.8670025610002, 379.728409915], [-1384.2718157640002, 411.26886062799997], [-1490.6403792620001, 442.80241825099995], [-1596.98411129, 474.34461328599997], [-1703.264763979, 505.90828059499995], [-1809.567600094, 537.518747409], [-1915.871297087, 569.1413715049999], [-2022.210229933, 600.812713899], [-2128.556652204, 632.5063417069999], [-2234.912980899, 664.208819172], [-2341.285859336, 695.9209801159999], [-2447.664951707, 727.6528513399999], [-2554.082204383, 759.4057312379998], [-2660.512797265, 791.1599363119998], [-2766.95039873, 822.9162496459998], [-2873.402054866, 854.6811650359998], [-2979.870229094, 886.4390021279999], [-3086.340067052, 918.1896024879999], [-3192.828574241, 949.9360105419998], [-3299.335103948, 981.6980439069998], [-3405.84518982, 1013.4583192629998], [-3512.3584293100002, 1045.2291177229997], [-3618.878879706, 1077.0013081879997], [-3725.407524265, 1108.7822403649998], [-3831.936701598, 1140.5657526559999], [-3938.510394539, 1172.3491600219998], [-4045.066279127, 1204.0896376979997], [-4151.604151747, 1235.8061746789997]]]}}, {"type": "Feature", "properties": {"name": "Plano-Allen", "__uuid": "7266b7c4-01e3-44b2-8856-172f9586ea93", "market_name": "Dallas-Fort Worth-Arlington, TX", "submarket_name": "North Dallas Suburbs", "neighborhood_name": "Plano-Allen"}, "geometry": {"type": "Polygon", "coordinates": [[[-96.643123627, 32.967051208], [-193.274059296, 66.002198115], [-289.804058075, 99.031588435], [-386.371479034, 132.180638272], [-483.019237518, 165.337736264], [-579.840373993, 198.428414902], [-676.669406891, 231.44427576299998], [-773.455181122, 264.457833531], [-870.221214295, 297.457715443], [-966.929397584, 330.463355868], [-1063.603420259, 363.465397267], [-1160.246543886, 396.432448475]]]}}, {"type": "Feature", "properties": {"name": "Fredrick ", "__uuid": "728178c7-96a5-439d-a496-f0777ff91dad", "market_name": "Washington-Arlington-Alexandria, DC-VA-MD-WV", "submarket_name": "West Maryland", "neighborhood_name": "Frederick"}, "geometry": {"type": "Polygon", "coordinates": [[[-77.354736328, 39.660685022], [-155.017089844, 78.997106793], [-232.465209961, 118.244250652], [-309.97375488299997, 157.389223277], [-387.40245444199996, 196.47944700000002], [-464.680756822, 235.73115275400002], [-541.895773901, 275.051861889], [-619.09512976, 314.42251578500003], [-696.356431857, 353.80428567], [-773.612657157, 393.290342483], [-850.967393485, 432.951027505]]]}}, {"type": "Feature", "properties": {"name": "rancho cucamonga", "__uuid": "72d68817-9f8d-431a-a158-54ce54ac8dd0", "market_name": "Riverside-San Bernardino-Ontario, CA", "submarket_name": "north ontario", "neighborhood_name": "rancho cucamonga "}, "geometry": {"type": "Polygon", "coordinates": [[[-117.543552182, 34.098085904], [-235.033398441, 68.24192124800001], [-352.5232447, 102.41216400600001], [-470.07146696200004, 136.567593866], [-587.725544375, 170.722379628], [-705.398302109, 204.902925479], [-823.092075204, 239.058355339], [-940.806085313, 273.189950301], [-1058.55356433, 307.335718175], [-1176.327507135, 341.481486049], [-1294.11312514, 375.613725285], [-1411.9361037869999, 409.755628055], [-1529.7598469779998, 443.88100796599997], [-1647.5836039719998, 477.99391682099997], [-1765.4012018389997, 512.094949112], [-1883.2202887529997, 546.179498749], [-2001.0245870789997, 580.246641434], [-2118.810205084, 614.321520983], [-2236.571694342, 648.3934992950001], [-2354.304773945, 682.4757926770001], [-2472.00438464, 716.5592141940001], [-2589.6842900849997, 750.6443012430001], [-2707.3286381639996, 784.7328797570001], [-2824.9321230419996, 818.8017955350001], [-2942.4776210899995, 852.8716784400001], [-3060.0211732719995, 886.969764344]]]}}, {"type": "Feature", "properties": {"name": "Galleria", "__uuid": "72ea4fce-dfc9-4ab8-9379-16197564c552", "market_name": "Houston-Sugar Land-Baytown, TX", "submarket_name": "West Outer Loop", "neighborhood_name": "Galleria"}, "geometry": {"type": "Polygon", "coordinates": [[[-95.456600189, 29.7657185], [-190.92710495, 59.530095875], [-286.401857283, 89.29425221], [-381.908754256, 119.04611155799999], [-477.433157618, 148.798028496], [-572.9716402839999, 178.545714821], [-668.5116270939999, 208.28375835399999], [-764.0436377459998, 238.01499991499998], [-859.5639243059999, 267.736749989], [-955.0530481079999, 297.460354544], [-1050.513219216, 327.18879168899997], [-1145.9686376569998, 356.94103621299996], [-1241.4252378459998, 386.70675471299995]]]}}, {"type": "Feature", "properties": {"name": "Sunrise Acres ", "__uuid": "7381ba29-5e2c-4993-9713-8d84b0417daf", "market_name": "El Paso, TX", "submarket_name": "North El Paso", "neighborhood_name": "Sunrise Acres "}, "geometry": {"type": "Polygon", "coordinates": [[[-106.465017247, 31.821924642], [-212.918260728, 63.6478802], [-319.352938106, 95.47261894100001], [-425.756632335, 127.29749103200001], [-532.160015126, 159.114756623], [-638.563125716, 190.911010182], [-744.959945018, 222.700851332], [-851.229654387, 254.506574943], [-957.448736825, 286.319546921], [-1063.751635308, 318.171849657], [-1170.068695812, 350.055681559], [-1276.419689228, 381.953535802], [-1382.742503279, 413.952274043], [-1489.1858101139999, 445.95162600699996], [-1595.650827361, 477.77355064899996]]]}}, {"type": "Feature", "properties": {"name": "Coral Springs ", "__uuid": "73b691ca-5a23-4335-bac8-ff87f8205cb9", "market_name": "Miami-Fort Lauderdale-Pompano Beach, FL", "submarket_name": "Coral Springs suburbs", "neighborhood_name": "Coral Springs"}, "geometry": {"type": "Polygon", "coordinates": [[[-80.333404541, 26.153588952], [-160.552233936, 52.315823358], [-240.72771001, 78.621549775], [-321.025408985, 104.92358290600001], [-401.358813526, 131.077171858]]]}}, {"type": "Feature", "properties": {"name": "Fort Washington", "__uuid": "73c997d0-842f-47bd-ac77-6ecdf93ad966", "market_name": "Washington-Arlington-Alexandria, DC-VA-MD-WV", "submarket_name": "Southwest Maryland", "neighborhood_name": "Fort Washington "}, "geometry": {"type": "Polygon", "coordinates": [[[-76.957855225, 38.853077122], [-153.988381521, 77.64918248000001], [-231.020630269, 116.42393018700001], [-308.058723757, 155.132251359], [-385.091031208, 193.837796115], [-462.018453277, 232.45849488], [-538.9536492, 271.282155767], [-615.911504425, 310.135232889]]]}}, {"type": "Feature", "properties": {"name": "trenton", "__uuid": "74de297e-fd3a-4335-9c4f-35cea218c54a", "market_name": "Philadelphia-Camden-Wilmington, PA-NJ-DE-MD", "submarket_name": "north east philly ", "neighborhood_name": "trenton"}, "geometry": {"type": "Polygon", "coordinates": [[[-75.276019232, 40.114152539], [-150.561620181, 80.18728169100001], [-225.818169679, 120.23366096500001], [-301.010938308, 160.23996685600002], [-376.174034416, 200.25970557100004], [-451.30838026099997, 240.27908866800004], [-526.416097201, 280.30873791500005], [-601.50482213, 320.33595443100006], [-676.573021656, 360.37164292100005], [-751.613563335, 400.38417167700004], [-826.642435868, 440.37984437500006], [-901.655079168, 480.36559904800004], [-976.664171279, 520.3405535930001], [-1051.650122201, 560.302051029], [-1126.628676762, 600.2463903940001], [-1201.578224355, 640.1715669810001], [-1276.480442425, 680.147747069], [-1351.325009009, 720.1546440300001], [-1425.978015738, 760.2263454950001], [-1500.572471813, 800.4171688060002], [-1575.189542593, 840.6315017240001], [-1649.8649238379999, 880.9294820120001], [-1724.56121999, 921.2483239400001], [-1799.360052152, 961.6247343890001], [-1874.225194915, 1002.0436290380001], [-1949.184725742, 1042.420729166], [-2024.227712961, 1082.765195506], [-2099.311569239, 1123.0623256000001], [-2174.413839996, 1163.2734133790002], [-2249.53520045, 1203.4329174170002], [-2324.8112196820002, 1243.5470699560003]]]}}, {"type": "Feature", "properties": {"name": "South Nashville", "__uuid": "752c7d9b-915c-4be5-aff4-152b60be6a66", "market_name": "Nashville-Davidson--Murfreesboro--Franklin, TN", "submarket_name": "Nashville Core", "neighborhood_name": "South Nashville"}, "geometry": {"type": "Polygon", "coordinates": [[[-86.772766113, 36.116244871], [-173.536605835, 72.217650439], [-260.298900604, 108.30782065099999], [-347.063083648, 144.38994480699998], [-433.81307603799996, 180.47265409299996], [-520.5466325709999, 216.55524644099995], [-607.2492021669999, 252.63807750399997], [-693.94288559, 288.71369998999995], [-780.662836418, 324.82276310299994], [-867.372841418, 360.93399897399996], [-954.073304991, 397.05338600299996], [-1040.783612022, 433.17964241399994], [-1127.487579786, 469.31519467299995], [-1214.195854044, 505.45757250599996], [-1300.918495035, 541.599328874], [-1387.641136026, 577.764093933], [-1474.400652847, 613.923501875], [-1561.161231003, 650.0784266940001], [-1647.937602005, 686.2260051760001], [-1734.7125997159999, 722.360968531], [-1821.4843358609999, 758.488860983], [-1908.2571019739999, 794.605105854]]]}}, {"type": "Feature", "properties": {"name": "Bordeaux", "__uuid": "76692221-417d-4465-991b-96a339bb7873", "market_name": "Nashville-Davidson--Murfreesboro--Franklin, TN", "submarket_name": "N Nashville", "neighborhood_name": "Bordeaux"}, "geometry": {"type": "Polygon", "coordinates": [[[-86.753196716, 36.240950421], [-173.514118194, 72.482731547], [-260.301990508, 108.721189803], [-347.126221025, 144.954212951], [-433.970913255, 181.182701751], [-520.8286517500001, 217.411052078], [-607.6989215250001, 253.634140226], [-694.5712512370001, 289.846010442], [-781.4329379440001, 326.03433162100004], [-868.2971995710001, 362.219189109], [-955.146183336, 398.388111645], [-1041.984867418, 434.55731133899997], [-1128.816341722, 470.74480124599995], [-1215.636143053, 506.94475930499993], [-1302.442211473, 543.148457423], [-1389.231285417, 579.3488310529999], [-1476.01400789, 615.5428323539999], [-1562.7840274209998, 651.7767214339999], [-1649.5372241369998, 688.0176718549999]]]}}, {"type": "Feature", "properties": {"name": "Sunridge ", "__uuid": "76b8ee2c-f21b-4b97-8d8a-93674dcd8017", "market_name": "El Paso, TX", "submarket_name": "Horizon City", "neighborhood_name": "Sunridge "}, "geometry": {"type": "Polygon", "coordinates": [[[-106.285828541, 31.70413374], [-212.539848985, 63.379506915], [-318.772762595, 95.032049501], [-425.001464386, 126.677992953], [-531.192850024, 158.276727631], [-637.326732916, 189.87814094499998], [-743.4400902159999, 221.706177508], [-849.709219085, 253.510848839], [-955.9778474459999, 285.231807288], [-1062.263675987, 316.935941028]]]}}, {"type": "Feature", "properties": {"name": "South Central Austin", "__uuid": "77f07559-d007-4eae-b456-65912303c823", "market_name": "Austin-Round Rock-San Marcos, TX", "submarket_name": "Austin", "neighborhood_name": "South Central Austin"}, "geometry": {"type": "Polygon", "coordinates": [[[-97.771143413, 30.273388843], [-195.577722425, 60.525089726000004], [-293.36871072499997, 90.75597140800001], [-391.14221633499994, 120.984081821], [-488.89410079499993, 151.202217013], [-586.629172597, 181.45251758999999], [-684.369145929, 211.70599993099998], [-782.1114314639999, 241.96582037599998], [-879.8825748769999, 272.239209219]]]}}, {"type": "Feature", "properties": {"name": "kings canyon", "__uuid": "7837e2ea-d8bc-4b67-8c09-95b749b831ac", "market_name": "Fresno, CA", "submarket_name": "east fresno ", "neighborhood_name": "kings canyon "}, "geometry": {"type": "Polygon", "coordinates": [[[-119.609527588, 36.735857651], [-239.228668213, 73.47226557900001], [-358.85759353599997, 110.208811075], [-478.49767684899996, 146.945769276], [-598.146171569, 183.683002612], [-717.799301147, 220.419960813], [-837.460327148, 257.157881982], [-957.12770462, 293.900067578], [-1076.800746917, 330.649268328], [-1196.478767394, 367.40149502500003], [-1316.168289184, 404.15537218900005], [-1435.8706855770001, 440.90801150600004], [-1555.5912780760002, 477.661613594], [-1675.3300666810003, 514.416866119], [-1795.0801168130004, 551.172217542], [-1914.8563275980005, 587.92678239], [-2034.6327100440005, 624.675845594], [-2154.4092641520006, 661.4209198599999], [-2274.1866765670006, 698.1629678969999], [-2393.963745659001, 734.9004763669999], [-2513.741329735001, 771.633995298], [-2633.520458763001, 808.366276054], [-2753.303707664001, 845.0944294159999], [-2873.088501518001, 881.8196934709999], [-2992.874153679001, 918.5423432969999], [-3112.661111625001, 955.2660952999998], [-3232.450112880001, 991.9903175169999], [-3352.2417552640013, 1028.7143561849998], [-3472.0256995820014, 1065.430694925], [-3591.8094163720016, 1102.1390655629998], [-3711.5830089140018, 1138.8463664969997], [-3831.346653525002, 1175.5543050019996], [-3951.1038098970016, 1212.2601666049995], [-4070.8537564910016, 1248.9671291879995], [-4190.590313498002, 1285.6740917709994], [-4310.290134970001, 1322.3821553169994], [-4429.936741415001, 1359.0899436239995], [-4549.546055148001, 1395.7976811969995], [-4669.155582736001, 1432.5335388479996]]]}}, {"type": "Feature", "properties": {"name": "columbia", "__uuid": "78899b8e-9326-4924-a92e-59055d382aff", "market_name": "Baltimore-Towson, MD", "submarket_name": "west Ellicot", "neighborhood_name": "columbia"}, "geometry": {"type": "Polygon", "coordinates": [[[-76.778661273, 39.115552593], [-153.53812551599998, 78.245998112], [-230.28439179999998, 117.40156830199999], [-307.015060497, 156.572022955], [-383.75292807999995, 195.74898857], [-460.50879287899994, 234.938044371], [-537.2838547089999, 274.141977548], [-614.0769137549999, 313.353348231], [-690.8699728009999, 352.57122608599997], [-767.678629434, 391.79932827799996], [-844.4956847679999, 431.045087181], [-921.3151397309999, 470.31592880299996], [-998.1415898349999, 509.61150201799995], [-1075.0033382559998, 548.9092683419999], [-1151.8863833829998, 588.2153998429999], [-1228.795947613, 627.5179594239999], [-1305.731784574, 666.8231606639998], [-1382.685705379, 706.1309619079998], [-1459.6407393709999, 745.4210686209998], [-1536.6149703929998, 784.7059484549998], [-1613.6011995589997, 823.9800291689997], [-1690.5802298389997, 863.2250792789997], [-1767.5508614179996, 902.4453902829997], [-1844.5022959659996, 941.6549017979997], [-1921.4393327409996, 980.8634835079997], [-1998.3979661759995, 1020.0423092869997], [-2075.3374025799994, 1059.2090431189997], [-2152.2528426959993, 1098.3599612689998], [-2229.1526852249995, 1137.5071575649997], [-2306.0393297949995, 1176.6515623419998], [-2382.9115765919996, 1215.7913143399999], [-2459.7742248739996, 1254.9217598589998], [-2536.624875012, 1294.061511857], [-2613.462327191, 1333.2152212679998], [-2690.288981041, 1372.3726521879998], [-2767.10723619, 1411.517056965], [-2843.896695793, 1450.6437795479999], [-2920.6753570660003, 1489.759332141]]]}}, {"type": "Feature", "properties": {"name": "Spring_valley", "__uuid": "791083bd-01b0-4f22-adaa-7c74d72f21a5", "market_name": "New York-Northern New Jersey-Long Island, NY-NJ-PA", "submarket_name": "North_NY", "neighborhood_name": "Spring_valley"}, "geometry": {"type": "Polygon", "coordinates": [[[-73.90296936, 40.999075191], [-147.784886471, 82.111364913], [-221.69029163099998, 123.271658027], [-295.625756868, 164.489339658], [-369.599712838, 205.74566967500002], [-443.856304635, 246.90054603700003], [-517.7592739950001, 287.899621228]]]}}, {"type": "Feature", "properties": {"name": "Alexandria", "__uuid": "791a8cf5-f161-4a25-958a-ccb1f23df03b", "market_name": "Washington-Arlington-Alexandria, DC-VA-MD-WV", "submarket_name": "East VA", "neighborhood_name": "Alexandria"}, "geometry": {"type": "Polygon", "coordinates": [[[-77.071078, 38.899510616], [-154.20085070099998, 77.797634652], [-231.41876714299997, 116.695131], [-308.78537674099994, 155.553175278], [-386.22594375799997, 194.20008352600001], [-463.55085136699995, 232.768110887], [-540.787689358, 271.347253495], [-617.9097631479999, 309.98781299800004], [-695.0547704989999, 348.65377459600006], [-772.2283667639999, 387.3350193350001], [-849.365873001, 426.0048024290001], [-926.4791254249999, 464.6896558000001], [-1003.5793187829998, 503.3846209210001], [-1080.6471984629998, 542.0920544510001], [-1157.6899690399998, 580.8016556990001], [-1234.723274518, 619.5981499460001], [-1311.748705688, 658.4509582210002], [-1388.819783688, 697.3504688370002]]]}}, {"type": "Feature", "properties": {"name": "Homestead ", "__uuid": "79d52275-1131-4cf6-b6bb-3551033600ec", "market_name": "Miami-Fort Lauderdale-Pompano Beach, FL", "submarket_name": "South Miami", "neighborhood_name": "Homestead "}, "geometry": {"type": "Polygon", "coordinates": [[[-80.310392179, 25.536066193], [-160.683439268, 51.071721120999996], [-241.24961663599998, 76.60610833999999], [-321.815450681, 102.00845280099999], [-402.275197995, 127.44676692299998], [-482.623022092, 152.895001821], [-562.933414271, 178.431068014]]]}}, {"type": "Feature", "properties": {"name": "East Houston", "__uuid": "7aa49658-a668-42d2-8998-961e25fbfef7", "market_name": "Houston-Sugar Land-Baytown, TX", "submarket_name": "North East Houston", "neighborhood_name": "East Houston"}, "geometry": {"type": "Polygon", "coordinates": [[[-95.284080505, 29.849279799], [-190.568847656, 59.654478914], [-285.83404541, 89.446569212], [-381.051521301, 119.249980862], [-476.259040832, 149.059052708], [-571.425996783, 178.868084444], [-666.601962602, 208.700962937], [-761.798351639, 238.58208853500003], [-857.0008804729999, 268.478760425], [-952.2255661419999, 298.37448259], [-1047.474971049, 328.266037734], [-1142.7319290570001, 358.156402268], [-1237.995066874, 388.02920366], [-1333.279147379, 417.878483459]]]}}, {"type": "Feature", "properties": {"name": "Midtown Nashville", "__uuid": "7acbb9fd-75ac-44a9-8779-7ac62a04de1e", "market_name": "Nashville-Davidson--Murfreesboro--Franklin, TN", "submarket_name": "Nashville Core", "neighborhood_name": "Midtown Nashville"}, "geometry": {"type": "Polygon", "coordinates": [[[-86.800918579, 36.173079793], [-173.60698699900001, 72.342833798], [-260.42060852000003, 108.511202017], [-347.24367141700003, 144.667790062], [-434.066562652, 180.807051106], [-520.880699157, 216.933279724], [-607.685737609, 253.05604190699998], [-694.4820213309999, 289.172425449], [-781.2558174129999, 325.289225005], [-868.0285835259999, 361.417810711], [-954.8044395439999, 397.55305134400004], [-1041.582012176, 433.70090705900003], [-1128.365764617, 469.849733081], [-1215.153808593, 506.00230160300003], [-1301.9547271719998, 542.175381396]]]}}, {"type": "Feature", "properties": {"name": "cascade heights ", "__uuid": "7b079769-efa4-4457-8add-9ce39d0792b7", "market_name": "Atlanta-Sandy Springs-Marietta, GA", "submarket_name": "Downtown Atlanta", "neighborhood_name": "cascade heights"}, "geometry": {"type": "Polygon", "coordinates": [[[-84.390843012, 33.745956017], [-168.79003572800002, 67.489262892], [-253.19699004200004, 101.22991218199999], [-337.61672816300006, 134.97018180999999], [-422.04879352700004, 168.71538690999998], [-506.49478411000007, 202.46495776799998], [-590.9494494200001, 236.21414900399998], [-675.4136819460001, 269.967387537], [-759.8837035190002, 303.72481393699996], [-844.3555338050002, 337.48575727099995], [-928.8386113150002, 371.24746189399997], [-1013.3315042240002, 405.00928274399996], [-1097.8276714570002, 438.76027009899997], [-1182.3277194140003, 472.498702952], [-1266.8304952940002, 506.22904771599997], [-1351.3328803060003, 539.946100412], [-1435.8311434330003, 573.6536780739999], [-1520.3283382250004, 607.3566312259999], [-1604.8269494460003, 641.0539728819999], [-1689.3259947400004, 674.7458218459999], [-1773.8018144390003, 708.4449817209999], [-1858.2534550090004, 742.1448523129999], [-1942.6587833880003, 775.8428960359998], [-2027.0593505310003, 809.5533957489998], [-2111.4538328800004, 843.2755557459998], [-2195.8460159550004, 877.0081561099997], [-2280.2368589670004, 910.7541121269998]]]}}, {"type": "Feature", "properties": {"name": "centerville", "__uuid": "7bea580f-2b4b-443b-9e2a-395cd5806f36", "market_name": "Baltimore-Towson, MD", "submarket_name": "east boarder ", "neighborhood_name": "centerville "}, "geometry": {"type": "Polygon", "coordinates": [[[-76.165393117, 38.983969571], [-152.314658354, 77.966686993], [-228.449379901, 116.94523917], [-304.559606811, 155.911889299], [-380.62849902199997, 194.861277906], [-456.692033032, 233.801141115], [-532.667539442, 272.723736277], [-608.627736704, 311.64752247399997], [-684.524401003, 350.56416216199995], [-760.382792432, 389.462336706], [-836.21515831, 428.35872404599996], [-912.030684126, 467.25213261199997], [-987.847740856, 506.13541241199994], [-1063.6732176179999, 545.0103497919999], [-1139.4971634649999, 583.8709836009999], [-1215.3103929079998, 622.719099424], [-1291.0922385989998, 661.557080026], [-1366.8572442269997, 700.384923964], [-1442.5954588459997, 739.191297259], [-1518.3175988599996, 777.993494955], [-1594.0504552779996, 816.9327627839999], [-1669.7909811769996, 855.9844454189999], [-1745.5468545899996, 895.241588709], [-1821.3218644379997, 934.496953864], [-1897.1129488909996, 973.747577105], [-1972.9361825549997, 1013.003534977], [-2048.775490824, 1052.261863665], [-2124.638528272, 1091.525526398], [-2200.5130475809997, 1130.770221795], [-2276.57204212, 1169.974001417], [-2352.556787293, 1209.133280323], [-2428.5476561250002, 1248.284842907], [-2504.6257870990003, 1287.337205195], [-2580.7552037180003, 1326.363407648], [-2656.920596835, 1365.347377219]]]}}, {"type": "Feature", "properties": {"name": "mesa", "__uuid": "7c649568-0ee5-4a06-a09e-af87caddc276", "market_name": "Phoenix-Mesa-Glendale, AZ ", "submarket_name": "central pho", "neighborhood_name": "mesa"}, "geometry": {"type": "Polygon", "coordinates": [[[-111.890329888, 33.481140922], [-223.778649527, 66.955844231], [-335.666396392, 100.420297104], [-447.557145613, 133.863561609], [-559.446489211, 167.29748241599998], [-671.33632846, 200.71668971399998], [-783.226277863, 234.10277146899998], [-894.875639905, 267.48965250099997], [-1006.5162998019999, 300.893382102], [-1118.152801972, 334.311557039], [-1229.7901254419999, 367.74113811999996], [-1341.4494372769998, 401.183941281], [-1453.1235606039997, 434.639746671], [-1564.8101538089998, 468.11331080900004], [-1676.5132358089998, 501.58851664100007], [-1788.2311788769998, 535.0694026870001], [-1899.9772692339998, 568.548097188], [-2011.7356179469998, 602.0308701240001], [-2123.5058234549997, 635.5118099250001], [-2235.3222266739995, 669.064300029], [-2347.2000066149994, 702.6176970500001], [-2459.0782693039996, 736.1632958460001], [-2570.9654295459995, 769.6860158320001], [-2682.8527169179997, 803.195589173], [-2794.7405409109997, 836.6911645700001], [-2906.628472515, 870.1780801320001], [-3018.518802403, 903.6592210540001]]]}}, {"type": "Feature", "properties": {"name": "Gulf S East", "__uuid": "7d7c6ed7-7489-4df8-a4c0-64564b80765c", "market_name": "Houston-Sugar Land-Baytown, TX", "submarket_name": "South East Outskirts", "neighborhood_name": "Gulf S East"}, "geometry": {"type": "Polygon", "coordinates": [[[-95.186920166, 29.616445728], [-190.394172078, 59.221182463999995], [-285.432776814, 88.627885697], [-380.299504434, 117.850959031], [-474.946721231, 147.237920553], [-569.930394327, 176.92239416200002], [-665.071995889, 206.635497328], [-760.221837198, 236.32176052300002], [-855.341466104, 265.97520957300003], [-950.467961465, 295.60836816200003], [-1045.654881631, 325.22481389]]]}}, {"type": "Feature", "properties": {"name": "East Austin Outskirts", "__uuid": "7d996d4e-6f77-4656-9ba0-7eebfc6aef2e", "market_name": "Austin-Round Rock-San Marcos, TX", "submarket_name": "East Austin", "neighborhood_name": "East Austin Outskirts"}, "geometry": {"type": "Polygon", "coordinates": [[[-97.708969116, 30.309763646], [-195.39390563900002, 60.607670822], [-293.106651306, 90.85754463800001], [-390.796758678, 121.10360030700001], [-488.470097283, 151.36485605000001], [-586.1313445359999, 181.664541788], [-683.794308403, 211.981122255], [-781.466256061, 242.306601224], [-879.151192584, 272.638295558], [-976.845560503, 302.959819955], [-1074.554529619, 333.269583601]]]}}, {"type": "Feature", "properties": {"name": "annapolis", "__uuid": "7dd42fa5-1cb8-4e7d-9070-c7d310fe6373", "market_name": "Baltimore-Towson, MD", "submarket_name": "annal neck ", "neighborhood_name": "annapolis "}, "geometry": {"type": "Polygon", "coordinates": [[[-76.475872691, 38.937027976], [-152.950962666, 77.913618574], [-229.469884739, 116.915760964], [-306.050566069, 155.975033318], [-382.674653872, 195.059943379], [-459.35609131700005, 234.124139922], [-536.0765731380001, 273.187643105], [-612.788581373, 312.175724941], [-689.5023997390001, 351.156574811], [-766.219428113, 390.108728229], [-842.8995896890001, 429.064627287], [-919.5327883030001, 468.030872871], [-996.1393745720001, 507.01233118799996], [-1072.691170718, 545.970664859], [-1149.167043409, 584.9076928349999]]]}}, {"type": "Feature", "properties": {"name": "Mid_suffolk", "__uuid": "7e346619-6b8d-4cfe-b6b3-035993d47739", "market_name": "New York-Northern New Jersey-Long Island, NY-NJ-PA", "submarket_name": "Suffolk_county", "neighborhood_name": "Mid_suffolk"}, "geometry": {"type": "Polygon", "coordinates": [[[-73.258209229, 40.618643449], [-146.280899048, 81.271156619], [-219.365386963, 122.25312815999999], [-292.587890625, 163.222139436], [-365.842666626, 204.139284194], [-439.102935791, 245.037228017], [-512.373504639, 285.93153860399997], [-585.644760132, 326.815467416], [-658.92288208, 367.6926472], [-732.200660705, 408.559961784], [-805.475692748, 449.417929032], [-878.7569046010001, 490.266287922], [-952.0381164540001, 531.099322493], [-1025.3282546990001, 571.91858813], [-1098.609123229, 612.723562228], [-1171.886901854, 653.514761566], [-1245.1667404159998, 694.2880234449999], [-1318.44554901, 735.035020307], [-1391.7305374129999, 775.769791297], [-1465.018272398, 816.48713003], [-1538.306694029, 857.184168743], [-1611.5824127180001, 897.864546407], [-1684.8443984970002, 938.5220083280001], [-1758.102607726, 979.1406517770001]]]}}, {"type": "Feature", "properties": {"name": "bergen_county", "__uuid": "7e35008a-0efd-4150-9e75-4d8927f028ad", "market_name": "New York-Northern New Jersey-Long Island, NY-NJ-PA", "submarket_name": "northeast_nj", "neighborhood_name": "bergen_county_northeast"}, "geometry": {"type": "Polygon", "coordinates": [[[-296.506355628, 163.778716198], [-222.356661987, 122.81436663400001], [-148.216088635, 81.861190085], [-74.093147844, 40.926537355], [-74.093147844, 40.926537355], [-148.161366896, 81.845877222], [-222.204657156, 122.758631467], [-296.233557625, 163.660203968], [-370.255567209, 204.557027485], [-444.251837308, 245.444811671], [-518.241013848, 286.32830557299997], [-592.216205944, 327.202911574], [-666.1879525969999, 368.072153609], [-740.162536674, 408.935111588], [-814.137120751, 449.793164523], [-888.096909691, 490.64539224699996], [-962.032985877, 531.5388453099999], [-1035.952442868, 572.4756415579999], [-1109.855118341, 613.471381291], [-1184.016356576, 654.5825926609999], [-1258.181822519, 695.6902659509999], [-1332.351727555, 736.7894971929999], [-1406.520575664, 777.8798073569999], [-1480.689846544, 818.9597611789999], [-1554.8701094639998, 860.0261696289999], [-1629.058405029, 901.0785516949999], [-1703.253676311, 942.1108453229999], [-1777.463533185, 983.133570872], [-1851.684382099, 1024.153425727], [-1925.880710308, 1065.162275093], [-2000.068303821, 1106.165791789], [-2074.239278139, 1147.154929506], [-2148.4001188009997, 1188.135652537], [-2222.5593380789996, 1229.106888633], [-2296.7090317199995, 1270.071238197]]]}}, {"type": "Feature", "properties": {"name": "glassboro", "__uuid": "8083b2b8-ecbb-4c7e-9d34-e2ba014cdc67", "market_name": "Philadelphia-Camden-Wilmington, PA-NJ-DE-MD", "submarket_name": "south philly ", "neighborhood_name": "glassboro"}, "geometry": {"type": "Polygon", "coordinates": [[[-75.32877759, 39.763272747], [-150.607658775, 79.46001902500001], [-225.93736057, 119.11375567900001], [-301.165431842, 158.729668846], [-376.340336774, 198.324583761], [-451.501084376, 237.923604207], [-526.572785198, 277.504347723], [-601.627786138, 317.077845738], [-676.582964318, 356.617388315], [-751.507846953, 396.128737535], [-826.359180453, 435.721484712], [-901.229839767, 475.37146079], [-976.138537667, 515.0555129100001], [-1051.079194845, 554.753610997], [-1126.042592967, 594.457031496], [-1201.017231192, 634.1623980740001], [-1276.06225145, 673.921020224], [-1351.1341918800001, 713.720959203], [-1426.2071978610002, 753.540352266], [-1501.3010870570001, 793.372063333], [-1576.5043331400002, 833.166509047], [-1651.7735657900002, 872.918922198], [-1727.1023433800003, 912.682194945]]]}}, {"type": "Feature", "properties": {"name": "downtown", "__uuid": "8191312a-ecd2-4818-81ef-db358aeee872", "market_name": "San Francisco-Oakland-Fremont, CA", "submarket_name": "central sf", "neighborhood_name": "downtown"}, "geometry": {"type": "Polygon", "coordinates": [[[-122.389846934, 37.796613746], [-244.794600494, 75.60971637], [-367.27239652000003, 113.419285973], [-489.761620959, 151.210402608], [-612.262770699, 188.99955589], [-734.7788270650001, 226.782033382], [-857.292895881, 264.555870721], [-979.801498934, 302.291207837], [-1102.300661124, 339.987631533], [-1224.7715007250001, 377.692704422], [-1347.233893238, 415.397777311], [-1469.6664725, 453.109926061], [-1592.0861326860002, 490.818536965], [-1714.4933706840002, 528.523609854], [-1836.8881864940001, 566.231434547], [-1959.2606423650002, 603.9400454510001], [-2081.635085786, 641.6549457430001], [-2204.014001195, 679.3761348890001], [-2326.378009978, 717.0910351810002], [-2448.735559223, 754.8098660690001], [-2571.092114693, 792.5369505310001], [-2693.451651488, 830.2703228130001], [-2815.819635371, 868.0060528900001], [-2938.184637929, 905.7464983310001], [-3060.566534663, 943.5120873090001], [-3182.944953184, 981.2843536020001], [-3305.32635303, 1019.0731142070001], [-3427.716199964, 1056.8697279530002]]]}}, {"type": "Feature", "properties": {"name": "tollsen", "__uuid": "824154c9-3310-4397-9943-f2c86f96ae91", "market_name": "Phoenix-Mesa-Glendale, AZ ", "submarket_name": "avondale", "neighborhood_name": "tollsen"}, "geometry": {"type": "Polygon", "coordinates": [[[-112.389167924, 33.376640975], [-224.785901717, 66.75239260699999], [-337.186489286, 100.12039809499998], [-449.558501768, 133.45519265399997], [-561.8984821, 166.75149585399998], [-674.211882713, 200.01673666], [-786.491184966, 233.24282331199998], [-898.738667593, 266.430232329], [-1010.9664657379999, 299.59389996199997], [-1123.1693701909999, 332.72745272299994], [-1235.3017496009998, 366.01838717299995], [-1347.4490992639999, 399.327635237], [-1459.622294842, 432.657496626], [-1571.808211627, 466.006581578], [-1684.001967731, 499.367510749], [-1796.192290607, 532.744496498], [-1908.385360065, 566.136389274], [-2020.577742877, 599.5426133179999], [-2132.771498981, 632.9614469229999], [-2244.959075275, 666.3900230259999], [-2357.14802486, 699.8312054439999], [-2469.333246208, 733.29382153], [-2581.6081199610003, 766.7551491109999], [-2693.902812954, 800.21810176], [-2806.213663719, 833.674560254], [-2918.5605417710003, 867.1340758609999], [-3030.925959251, 900.5935914679999], [-3143.308542869, 934.0565441169999], [-3255.700500555, 967.516584182], [-3368.089668479, 1000.893225157]]]}}, {"type": "Feature", "properties": {"name": "eielson", "__uuid": "85f16849-4341-4c68-af48-b45177b12ad1", "market_name": "Fairbanks, AK", "submarket_name": "south fairbanks ", "neighborhood_name": "eielson base "}, "geometry": {"type": "Polygon", "coordinates": [[[-147.183396559, 64.749157526], [-294.362330323, 129.464502385], [-441.680327194, 194.187011668], [-588.960789551, 258.883288513], [-736.1910454609999, 323.54759634000004], [-883.4067972859999, 388.193755724], [-1030.560069977, 452.80884357300005], [-1177.6854501980001, 517.422496493], [-1324.787400743, 582.0237101900001], [-1471.8748472040002, 646.6033810140001], [-1618.938863989, 711.176346132], [-1766.0006493770002, 775.7421247340001], [-1913.0233853060001, 840.2858528610001], [-2059.999261885, 904.8597760380001], [-2207.000799536, 969.5135783510001], [-2354.0346924530004, 1034.211285763], [-2501.1935436380004, 1098.959491398], [-2648.3769401970003, 1163.708648924]]]}}, {"type": "Feature", "properties": {"name": "westerly", "__uuid": "868b4038-ec38-4533-ace5-be87a7c0b3a3", "market_name": "Providence-New Bedford-Fall River, RI-MA", "submarket_name": "south coast ", "neighborhood_name": "westerly "}, "geometry": {"type": "Polygon", "coordinates": [[[-71.699446063, 41.356780353], [-143.426753804, 82.743614807], [-215.17496971499997, 124.14389355099999], [-286.92318562599996, 165.555373745], [-358.69031845199993, 206.966853939], [-430.4763681939999, 248.389533653], [-502.2614223089999, 289.823410955], [-574.048467678, 331.26923022299997], [-645.85542559, 372.70310752499995], [-717.7071867239999, 414.12056103699996], [-789.5878210459999, 455.50814246899995], [-861.4893635379999, 496.88900079099994], [-933.3769672499999, 538.243707076], [-1005.2595205959999, 579.577694396], [-1077.1227849719999, 620.898022345], [-1148.9816570429998, 662.2003435229999], [-1220.7491280779998, 703.5274493579999], [-1292.4986640299999, 744.8505822879999], [-1364.211226358, 786.180298883], [-1435.900721746, 827.5188475049999], [-1507.6001678090001, 868.8756278579999]]]}}, {"type": "Feature", "properties": {"name": "East Austin Core", "__uuid": "875cb909-92d3-4c7c-9d60-6e07b8367dfe", "market_name": "Austin-Round Rock-San Marcos, TX", "submarket_name": "Austin", "neighborhood_name": "East Austin Core"}, "geometry": {"type": "Polygon", "coordinates": [[[-97.735233307, 30.250911822], [-195.44952392599998, 60.500489062], [-293.13600540199997, 90.798544453], [-390.84583282499995, 121.107567112], [-488.57402801499995, 151.389910496], [-586.310462952, 181.650608694], [-684.045696259, 211.901520516]]]}}, {"type": "Feature", "properties": {"name": "old town ", "__uuid": "87ae9933-39a3-454b-a25c-0305073a56ff", "market_name": "Albuquerque, NM", "submarket_name": "west abq", "neighborhood_name": "old town "}, "geometry": {"type": "Polygon", "coordinates": [[[-106.627902658, 35.104628316], [-213.267869787, 70.209642474], [-319.92285411299997, 105.31622486100001], [-426.60109433599996, 140.42086033700002], [-533.304293423, 175.52839814000004], [-640.035159277, 210.62184810400004], [-746.757361318, 245.69842377200004], [-853.481403793, 280.765173116], [-960.2039684900001, 315.82468284600003], [-1066.9254678480002, 350.879062346], [-1173.6523441380002, 385.922948188], [-1280.3793644070001, 420.96207137], [-1387.109825528, 455.99291112599997], [-1493.8409732940002, 491.01840928499996], [-1600.5621647000003, 526.042501702], [-1707.2731496010003, 561.071638777], [-1813.9713383830003, 596.097980369], [-1920.6551076090004, 631.124603104], [-2027.3254872480004, 666.152631537], [-2133.9814473310003, 701.179816554], [-2240.6209862900005, 736.203749749], [-2347.2590935900007, 771.2472392630001], [-2453.8989175040006, 806.3216421640001], [-2560.534964867001, 841.40784527], [-2667.162867525001, 876.512473586]]]}}, {"type": "Feature", "properties": {"name": "downtown bakers", "__uuid": "87cf303a-a589-4755-bead-acd7c1f5195a", "market_name": "Bakersfield-Delano, CA", "submarket_name": "central bakers", "neighborhood_name": "downtown bakers"}, "geometry": {"type": "Polygon", "coordinates": [[[-119.002818407, 35.383550322], [-238.008712091, 70.767019765], [-357.016490622, 106.15016569], [-476.027046822, 141.53209841199998], [-595.041728854, 176.91218820499998], [-714.065473222, 212.29231530799998], [-833.0934125350001, 247.672599726], [-952.126464205, 283.05306107], [-1071.164301087, 318.433942335], [-1190.207296497, 353.816926501], [-1309.251879147, 389.200153306], [-1428.2963250789999, 424.579814471], [-1547.3403125139998, 459.95325426100004], [-1666.3823158999999, 495.32167875600004], [-1785.42160658, 530.682902169], [-1904.4609655059999, 566.035775624], [-2023.4639823179998, 601.3880196270001], [-2142.4668007249998, 636.7669597030001], [-2261.469420727, 672.1484880200001], [-2380.472239134, 707.5320383420001]]]}}, {"type": "Feature", "properties": {"name": "downtown pro", "__uuid": "884b92f5-0046-43dd-9ce0-4317919e7ed3", "market_name": "Providence-New Bedford-Fall River, RI-MA", "submarket_name": "central pro", "neighborhood_name": "downtown pro"}, "geometry": {"type": "Polygon", "coordinates": [[[-71.585747824, 41.798034581], [-143.164939, 83.590638599], [-214.743790604, 125.376939326], [-286.318857355, 167.159754499], [-357.88810570199996, 208.93977704600002], [-429.457556535, 250.715750065], [-501.02424119899996, 292.488445159], [-572.5966533249999, 334.247577694], [-644.167212913, 376.00784381399995], [-715.736923102, 417.76509028999993], [-787.308334537, 459.51668785399994], [-858.8774005959999, 501.2609445339999], [-930.443777881, 543.00004537], [-1002.007519196, 584.7370412189999], [-1073.571124482, 626.471305726], [-1145.134177955, 668.199470941], [-1216.694329344, 709.924252745], [-1288.2521748709999, 751.641104081], [-1359.810978262, 793.352886807], [-1431.36881813, 835.061771237], [-1502.926914407, 876.757831932], [-1574.484570912, 918.4513405600001], [-1646.031022229, 960.148439054], [-1717.5282453979999, 1001.8451884120001], [-1789.0189384699997, 1043.5549996290001], [-1860.5054309779998, 1085.264320729], [-1931.9761827309999, 1126.992518202], [-2003.427602457, 1168.6960190969999], [-2074.86833494, 1210.3754450989998], [-2146.250714581, 1252.0302590799997], [-2217.566518023, 1293.7125977259998], [-2288.848536128, 1335.4506991249998], [-2360.177615566, 1377.2701123119998], [-2431.525908135, 1419.0916723829998], [-2502.87140693, 1460.9198328039997], [-2574.206642287, 1502.7557381809997], [-2645.5497829779997, 1544.6019110029997], [-2716.905513851, 1586.4489243879998], [-2788.296827403, 1628.3045592709998], [-2859.690661901, 1670.1557943999999], [-2931.101605522, 1712.0122133209998], [-3002.5157098920004, 1753.8829936089999], [-3073.9420847750002, 1795.751002476], [-3145.3725343530004, 1837.618721207], [-3216.8098288080005, 1879.485580389], [-3288.2757214910007, 1921.345203455], [-3359.7499425290007, 1963.204773158], [-3431.2321445950006, 2005.061496516], [-3502.7374074720005, 2046.929037182], [-3574.2526946950006, 2088.798579663], [-3645.7750337380007, 2130.668502238], [-3717.3177733470006, 2172.538423289], [-3788.870572591001, 2214.4098254670002], [-3860.427507901001, 2256.2772553000004], [-3931.9978113910006, 2298.1419687150005], [-4003.5736190650005, 2340.0052716950004], [-4075.1536896430007, 2381.8588775210005], [-4146.738336642001, 2423.7067269070003], [-4218.324077625, 2465.5493794320005], [-4289.907809135, 2507.3892744780005], [-4361.4919462220005, 2549.2269979770003], [-4433.074119356001, 2591.0638042910005], [-4504.659718156001, 2632.8953743580005], [-4576.243577163001, 2674.7091092870005], [-4647.829336028, 2716.5141580790005], [-4719.415083852, 2758.3121926600006]]]}}, {"type": "Feature", "properties": {"name": "calders corner", "__uuid": "889ed646-5c72-48de-91e9-79f36ed2c303", "market_name": "Bakersfield-Delano, CA", "submarket_name": "west outskirts", "neighborhood_name": "calders corner"}, "geometry": {"type": "Polygon", "coordinates": [[[-119.202882943, 35.444828345], [-238.65756217900002, 70.888443652], [-357.991973724, 106.242575891], [-477.317506446, 141.597367875], [-596.634967511, 176.950843362], [-715.944356919, 212.304977223], [-835.204509218, 247.658452825], [-954.434796386, 283.011928286], [-1073.634350124, 318.365702459], [-1192.8340637410001, 353.78602447799994], [-1312.007966542, 389.20624541099994], [-1431.2108494850002, 424.65107375599996]]]}}, {"type": "Feature", "properties": {"name": "bloomsbury", "__uuid": "88a342f4-98f1-4847-9463-ec34a9aaca5a", "market_name": "New York-Northern New Jersey-Long Island, NY-NJ-PA", "submarket_name": "west_nj", "neighborhood_name": "bloomsbury"}, "geometry": {"type": "Polygon", "coordinates": [[[-75.184653642, 40.623753618], [-150.284716828, 81.192125942], [-225.36673405, 121.746502951], [-300.341115266, 162.384133887], [-375.316446931, 203.16570211799998], [-450.16386946399996, 244.022267575], [-524.9309166639999, 284.911508759], [-599.6749171739999, 325.822742514], [-674.4350503669999, 366.73571794300005], [-749.2084354069999, 407.65195888500006], [-823.9950722939999, 448.5771247420001], [-898.8012988679999, 489.4946718450001], [-973.6204892049999, 530.4124366380001], [-1048.4523552219998, 571.3332490280002], [-1123.2945922499998, 612.2527553230002], [-1198.16794231, 653.1759621550002], [-1273.0507991299999, 694.1039576110002], [-1347.954974138, 735.0350001920002], [-1422.884500506, 775.9597307150002], [-1497.841394819, 816.8840259010002], [-1572.811829062, 857.8131096320002], [-1647.796667487, 898.7443698600002], [-1722.810026191, 939.6797652340002], [-1797.870918694, 980.6023190450003], [-1872.943334542, 1021.5324910330003], [-1948.034187743, 1062.4602688320003], [-2023.103934275, 1103.3522843860003], [-2098.150182577, 1144.2206112170004], [-2173.2130754580003, 1185.0663518430003], [-2248.3072993130004, 1225.9117221400004], [-2323.3878158670004, 1266.7382028730003], [-2398.482529269, 1307.5391185700003], [-2473.61200047, 1348.3126057460004], [-2548.782104028, 1389.0883172780004], [-2623.95857169, 1429.8484567530004], [-2699.154131664, 1470.5978419640005], [-2774.311340402, 1511.3236735850005], [-2849.484339359, 1552.0104602970005], [-2924.6689930009998, 1592.6342139150004]]]}}, {"type": "Feature", "properties": {"name": "Montwood", "__uuid": "890895e3-30f3-404e-88d3-bf2c9d2b284e", "market_name": "El Paso, TX", "submarket_name": "East El Paso", "neighborhood_name": "Montwood "}, "geometry": {"type": "Polygon", "coordinates": [[[-106.286448847, 31.705089872], [-212.556431382, 63.427048797], [-318.826775757, 95.232072337], [-425.22390220700004, 127.021051309], [-531.619769385, 158.805547282], [-638.020116368, 190.587046799], [-744.374172399, 222.345893143], [-850.706646383, 254.091053025], [-957.02213964, 285.822810485], [-1063.32247816, 317.540021009], [-1169.608927007, 349.24511088099996]]]}}, {"type": "Feature", "properties": {"name": "Riverside SB", "__uuid": "89441cd6-d956-4b6d-9655-279f9380ae2f", "market_name": "Riverside-San Bernardino-Ontario, CA", "submarket_name": "central riv ", "neighborhood_name": "Riverside SB"}, "geometry": {"type": "Polygon", "coordinates": [[[-117.270364961, 33.888510832], [-234.549291736, 67.796403192], [-351.837169498, 101.71269284600001], [-469.12621478, 135.644160124], [-586.419151796, 169.58821954799998], [-703.7140346790001, 203.548097233], [-821.0155335080001, 237.552992432], [-938.303022097, 271.600462889], [-1055.590121513, 305.65035175400004], [-1172.877999275, 339.71281522500004], [-1290.174438851, 373.77656829400007], [-1407.482942801, 407.84161094100006], [-1524.800008564, 441.90633119500006], [-1642.1306953950002, 475.97234101300006], [-1759.4734466000002, 510.04060751900005], [-1876.8399373790003, 544.1088740250001], [-1994.2846520010003, 578.175528617], [-2111.790466839, 612.2412160460001], [-2229.3071785310003, 646.3091601720001], [-2346.851910704, 680.3771042980002], [-2464.396642877, 714.4363436890002], [-2581.946434304, 748.4839753760002], [-2699.496225731, 782.5045162400002], [-2817.046795505, 816.4976349660002], [-2934.5958085849998, 850.4810731770002], [-3052.144432492, 884.4519250700002], [-3169.693056399, 918.4079291670002], [-3287.248296253, 952.3532799880003], [-3404.80334152, 986.2966937030003], [-3522.3469061729998, 1020.2433358310003], [-3639.879768559, 1054.1935292130004], [-3757.398426118, 1088.1543752520004], [-3874.879139275, 1122.1131231590005], [-3992.343701738, 1156.0755831380004], [-4109.796978174, 1190.0293275600004], [-4227.2487222400005, 1223.9582116040003], [-4344.677894252, 1257.8538295080002], [-4462.075932396, 1291.7355557640003], [-4579.431161471, 1325.6195436050002], [-4696.775493692, 1359.5083774980003], [-4814.107372366, 1393.3959191380004], [-4931.427186666, 1427.2847530310005], [-5048.729488166, 1461.1732638630006], [-5166.017779425, 1495.0578978610006], [-5283.2975088700005, 1528.9467317540007], [-5400.567873831001, 1562.8352425860007]]]}}, {"type": "Feature", "properties": {"name": "Troy", "__uuid": "89e1bc46-b26c-4979-bb47-6c4b499870ec", "market_name": "Detroit-Warren-Livonia, MI", "submarket_name": "West Detroit", "neighborhood_name": "Troy"}, "geometry": {"type": "Polygon", "coordinates": [[[-83.121093173, 42.55853188], [-166.238223158, 85.116197822], [-249.354686342, 127.69006660100001], [-332.471552992, 170.27770434400003], [-415.58836227300003, 212.87674663200002], [-498.70565214000004, 255.48617319000002], [-581.8211908310001, 298.11104523100005], [-664.9353373920001, 340.73839606800004], [-748.0193232140001, 383.43520887200003], [-831.2696902540001, 426.12800217200004], [-914.5094098900001, 468.808453459], [-997.7494506060001, 511.47917895], [-1080.988486654, 554.140422338], [-1164.224850494, 596.780264239], [-1247.4621672140001, 639.407062209], [-1330.692431482, 682.019394069], [-1413.893248737, 724.625095346], [-1497.06125376, 767.230550164], [-1580.221304302, 809.8286851089999], [-1663.379863379, 852.3947590759999], [-1746.53317744, 894.9532847219999], [-1829.6706902869998, 937.5132284319999], [-1912.7917834599998, 980.0717603119999]]]}}, {"type": "Feature", "properties": {"name": "South East Austin", "__uuid": "8a79cc37-fdc4-4703-8569-316f2d900532", "market_name": "Austin-Round Rock-San Marcos, TX", "submarket_name": "South Austin", "neighborhood_name": "South East Austin"}, "geometry": {"type": "Polygon", "coordinates": [[[-97.750785439, 30.217157147], [-195.53768882, 60.378611954], [-293.344161598, 90.491075782], [-391.070296852, 120.57086545199999], [-488.760383217, 150.650952209], [-586.419227211, 180.771731371], [-684.044425575, 210.965536572], [-781.725271937, 241.188906738], [-879.43389773, 271.40110834], [-977.184683169, 301.61826548700003]]]}}, {"type": "Feature", "properties": {"name": "Potomac Suburbs", "__uuid": "8ad11327-dc68-476b-b4bc-cb3f8ef76d58", "market_name": "Washington-Arlington-Alexandria, DC-VA-MD-WV", "submarket_name": "Central Maryland", "neighborhood_name": "Potomac Suburbs"}, "geometry": {"type": "Polygon", "coordinates": [[[-77.114511964, 38.940434084], [-154.154338969, 77.936601591], [-231.28885528, 116.965601776], [-308.464377131, 156.046108939], [-385.706691552, 195.08165548899998], [-462.95718217, 234.06601293799997], [-540.071694134, 273.006447022]]]}}, {"type": "Feature", "properties": {"name": "Antioch-Priest Lake", "__uuid": "8bc6fe71-c1c5-4b03-902e-755a156c74b5", "market_name": "Nashville-Davidson--Murfreesboro--Franklin, TN", "submarket_name": "SE Nashville", "neighborhood_name": "Antioch-Priest Lake"}, "geometry": {"type": "Polygon", "coordinates": [[[-86.658096313, 36.139538306], [-173.364944458, 72.281571927], [-260.06801605199996, 108.41695119799999], [-346.77692413299997, 144.543734431], [-433.475875854, 180.663307358], [-520.185470581, 216.774005154], [-606.903991699, 252.88276138100002], [-693.593698589, 288.955015928], [-780.1223552910001, 324.896055456], [-866.5504253590001, 360.91739143], [-952.9775551250001, 396.989308058], [-1039.4020622320002, 433.087154441], [-1125.9324814320003, 469.225787953], [-1212.5842837500002, 505.320881255], [-1299.2527702900002, 541.426268778], [-1385.9108666030002, 577.565807084]]]}}, {"type": "Feature", "properties": {"name": "Pflugerville", "__uuid": "8c2741c0-d6df-48e5-b23d-af1d8f30a235", "market_name": "Austin-Round Rock-San Marcos, TX", "submarket_name": "North Austin", "neighborhood_name": "Pflugerville"}, "geometry": {"type": "Polygon", "coordinates": [[[-97.736434937, 30.379687615], [-195.455703736, 60.749304518], [-293.168449403, 91.096999228], [-390.87604044, 121.442116838], [-488.576840384, 151.78112261], [-586.267613394, 182.116372809], [-683.939846976, 212.442436759], [-781.566418631, 242.772945776], [-879.1579713650001, 273.115011022], [-976.7519273590001, 303.46389084099997], [-1074.3307771510001, 333.85068656899995], [-1171.9127168480002, 364.24932800199997], [-1269.5073594870003, 394.69770570799994], [-1367.1005462340004, 425.17213879199994], [-1464.7327930340005, 455.66103691499995], [-1562.4334669200005, 486.13757135], [-1660.1283598030004, 516.5874289139999], [-1757.8371409960005, 547.0010162369999], [-1855.5660368700005, 577.404070566], [-1953.3024718070005, 607.7837581809999]]]}}, {"type": "Feature", "properties": {"name": "Jollyville", "__uuid": "8c421df5-7e27-488c-8574-ab0d76975486", "market_name": "Austin-Round Rock-San Marcos, TX", "submarket_name": "North West Austin", "neighborhood_name": "Jollyville"}, "geometry": {"type": "Polygon", "coordinates": [[[-97.859700525, 30.35705945], [-195.704625452, 60.706828091000006], [-293.545430506, 91.03526276900001], [-391.378682459, 121.36310477], [-489.18306948500003, 151.71642196300002], [-586.980213488, 182.067474744], [-684.754328838, 212.45012362100002], [-782.5210484639999, 242.835330462], [-880.2654531259999, 273.197882324], [-978.00345733, 303.576482044], [-1075.75360871, 333.969346938], [-1173.502650726, 364.39260516], [-1271.289210785, 394.834175232], [-1369.089118573, 425.303191648], [-1466.9139675709998, 455.76073365499997], [-1564.7736680959997, 486.117793105]]]}}, {"type": "Feature", "properties": {"name": "Redan", "__uuid": "8c6f6660-86b9-4b6b-8da2-e440fcf86b64", "market_name": "Atlanta-Sandy Springs-Marietta, GA", "submarket_name": "East Atlanta", "neighborhood_name": "Redan"}, "geometry": {"type": "Polygon", "coordinates": [[[-84.243178515, 33.712018342], [-168.38645915299998, 67.415498664], [-252.28097813399998, 101.13723375000001], [-336.122555552, 134.87931351], [-419.891868904, 168.642436903], [-503.62192606499997, 202.436871142], [-587.358389776, 236.239701218], [-671.3599766699999, 270.159136284], [-755.3786628619999, 304.01871198], [-839.482893015, 337.84578312499997], [-923.6501443169999, 371.67035833799997], [-1007.8584359119999, 405.50861017], [-1092.101614427, 439.220628512]]]}}, {"type": "Feature", "properties": {"name": "easton", "__uuid": "8d0ba205-2e57-4632-a1f0-2df344dc959d", "market_name": "Providence-New Bedford-Fall River, RI-MA", "submarket_name": "north east", "neighborhood_name": "easton"}, "geometry": {"type": "Polygon", "coordinates": [[[-71.254331298, 42.029245702], [-142.498099406, 84.046994712], [-213.725342983, 126.057483144], [-284.931375808, 168.056438479], [-356.09888175599997, 210.043990522], [-427.231540754, 252.007115351], [-498.320392158, 293.966539572], [-569.369941511, 335.924196749], [-640.39802485, 377.878185546], [-711.4447588019999, 419.892313209], [-782.5091354329999, 461.95362653300003], [-853.5662746379999, 504.05678423700004], [-924.6332222439999, 546.212840517], [-995.7101261219998, 588.4080028340001], [-1066.7890212539999, 630.611278468], [-1137.8947983189998, 672.816766644], [-1209.023474809, 715.021517315], [-1280.16210757, 757.2299554269999], [-1351.32563101, 799.41036359], [-1422.5140451290001, 841.564943697], [-1493.729341181, 883.703283629], [-1564.9565847580002, 925.829071481], [-1636.1888064710001, 967.937134515], [-1707.4090806580002, 1010.020817831], [-1778.6432936260003, 1052.077155166], [-1849.8976249240002, 1094.106400868]]]}}, {"type": "Feature", "properties": {"name": "Lakewood", "__uuid": "8d987658-958d-4a2e-ad61-88f965ac7611", "market_name": "New York-Northern New Jersey-Long Island, NY-NJ-PA", "submarket_name": "south_nj", "neighborhood_name": "Lakewood"}, "geometry": {"type": "Polygon", "coordinates": [[[-74.647163881, 40.070306062], [-149.275334634, 80.082448961], [-223.304272194, 119.935116477], [-297.303770405, 160.094751594], [-371.43052257500005, 200.262369772], [-445.73486049300004, 240.41982752799998], [-520.077184667, 280.57220450299997], [-594.504977918, 320.726759002], [-669.097061727, 360.914693461], [-743.744225608, 400.984999523]]]}}, {"type": "Feature", "properties": {"name": "south fulton ", "__uuid": "8e77edfd-db61-440d-a97c-4210983b1ffd", "market_name": "Atlanta-Sandy Springs-Marietta, GA", "submarket_name": "west atlanta ", "neighborhood_name": "south fulton "}, "geometry": {"type": "Polygon", "coordinates": [[[-84.768246273, 33.726717479], [-169.595426979, 67.404060386], [-254.429328192, 101.017000993], [-339.249360543, 134.583811749], [-424.063409603, 168.08192216700002], [-508.629299877, 201.65722228], [-593.154942947, 235.231651451], [-677.640229666, 268.850393969], [-762.136907538, 302.50492189399995], [-846.636746248, 336.19592725499996], [-931.135906909, 369.893586526], [-1015.633398901, 403.596661327], [-1100.1321716979999, 437.304316748], [-1184.635556882, 471.021830313], [-1269.138812583, 504.752269649], [-1353.6326545149998, 538.5134251310001], [-1438.1317402799998, 572.274780454], [-1522.7377150619998, 606.052717333], [-1607.3771329549998, 639.850921112], [-1692.1377488399999, 673.737628595], [-1776.9059951129998, 707.4643460740001]]]}}, {"type": "Feature", "properties": {"name": "cahokia", "__uuid": "8ee6242a-d4bd-4b41-b755-54a1855b683d", "market_name": "St. Louis, MO-IL", "submarket_name": "east st. louis", "neighborhood_name": "cahokia"}, "geometry": {"type": "Polygon", "coordinates": [[[-90.1962262, 38.529681505], [-180.354078633, 76.971333249], [-270.48274238700003, 115.412242563], [-360.557566316, 153.844371879], [-450.603430075, 192.276092048], [-540.64195858, 230.70183102000001], [-630.6237225880001, 269.12624298000003], [-720.6070220790001, 307.623392425], [-810.6254556550001, 346.13259317200004], [-900.6920616840001, 384.67547054700003], [-990.8026823510002, 423.25793477700006], [-1080.8927311650002, 461.85415975500007], [-1170.9754098740002, 500.46415240600004], [-1261.0443247980002, 539.086085482], [-1351.0908129030001, 577.701636217], [-1441.10806612, 616.345452575], [-1531.1273398960002, 655.005537194], [-1621.1562621070002, 693.676889003], [-1711.1814442040002, 732.35241349], [-1801.2035829430001, 771.068992495], [-1891.235570661, 809.800477518], [-1981.3240664310001, 848.5130811189999], [-2071.4330518270003, 887.213149524], [-2161.5606770150002, 925.890779103], [-2251.73981825, 964.520957945], [-2341.93411053, 1003.1182355789999], [-2432.168267988, 1041.68397956], [-2522.435412933, 1080.206003334], [-2612.631639133, 1118.735684839]]]}}, {"type": "Feature", "properties": {"name": "palm springs", "__uuid": "8f3361a5-d715-4897-93d6-88c3ecbc3b93", "market_name": "Riverside-San Bernardino-Ontario, CA", "submarket_name": "palm desert ", "neighborhood_name": "palm springs "}, "geometry": {"type": "Polygon", "coordinates": [[[-116.266869149, 33.614637532], [-232.35979515399998, 67.236741562], [-348.49396541, 100.939442537], [-464.662207003, 134.68725971700002], [-580.931765995, 168.437313447], [-697.250638765, 202.203766761], [-813.634964367, 236.023124599], [-930.0641206759999, 269.853655265], [-1046.5676959589998, 303.731095863], [-1163.0703746279999, 337.717149268], [-1279.6465756569999, 371.722530144], [-1396.2487784959999, 405.63941469300005], [-1512.8285659809999, 439.51164434800006], [-1629.3877313409998, 473.37121753300005], [-1745.9415170159998, 507.20249300200004], [-1862.4890263919997, 540.999500804], [-1979.0024644309997, 574.7942732820001], [-2095.4710717629996, 608.570415785], [-2211.9217468119996, 642.34059584], [-2328.3535929639997, 676.08841302], [-2444.7737831319996, 709.827283417], [-2561.1733511739994, 743.543782773], [-2677.5756090589994, 777.234175213], [-2793.9554515899995, 810.929789671], [-2910.3326042789995, 844.644051602], [-3026.6452007499993, 878.3568218839999], [-3142.943451393999, 912.0666087909999], [-3259.251564793999, 945.7502867409999], [-3375.527400084999, 979.4108329909999], [-3491.794269233999, 1013.0254705229999]]]}}, {"type": "Feature", "properties": {"name": "Rohnert park", "__uuid": "8f38f90e-a394-45ef-aa45-63ac2198740c", "market_name": "Santa Rosa-Petaluma, CA", "submarket_name": "south santa ", "neighborhood_name": "Rohnert park "}, "geometry": {"type": "Polygon", "coordinates": [[[-122.746682931, 38.285846501], [-245.461165268, 76.56847604500001], [-368.149539504, 114.856444643], [-490.81905563000004, 153.159816977], [-613.4663762690001, 191.474323138], [-736.0555196010001, 229.816514999], [-858.6334444950002, 268.177778883], [-981.2569100490002, 306.547070492], [-1103.8979206860001, 344.916867202], [-1226.5450197250002, 383.31723824], [-1349.1945127650001, 421.72962777099997], [-1471.8824393310001, 460.11753666299995], [-1594.663325462, 498.50278623599996], [-1717.4476042780002, 536.870481855], [-1840.2217050390002, 575.230729055], [-1962.98698482, 613.580866461], [-2085.749550453, 651.9182315830001], [-2208.505330716, 690.239628183], [-2331.250932925, 728.5541039980001], [-2453.98839269, 766.8685798130001], [-2576.723138307, 805.1793287780001], [-2699.465347831, 843.4767659990001], [-2822.2120307620003, 881.7626125000002]]]}}, {"type": "Feature", "properties": {"name": "chula vista", "__uuid": "8f86e9cc-2e90-436c-bb45-bd8f46e8b157", "market_name": "San Diego-Carlsbad-San Marcos, CA", "submarket_name": "south sd boarder ", "neighborhood_name": "chula vista "}, "geometry": {"type": "Polygon", "coordinates": [[[-117.104682061, 32.651705736], [-234.270533199, 65.31755107699999], [-351.402861025, 97.907910883], [-468.535825939, 130.493761565], [-585.6681537649999, 163.07445891], [-702.801246097, 195.641197527], [-819.932554581, 228.200848405], [-937.060040535, 260.755559308], [-1054.183958794, 293.29050687899996], [-1171.252322944, 325.83018085799995], [-1288.255704077, 358.3747956149999], [-1405.193847358, 390.92521050999994], [-1522.1156811760002, 423.47669940199995], [-1639.031398945, 456.02894002799997], [-1755.94023616, 488.582362093], [-1872.850602387, 521.157044911], [-1989.77269104, 553.752557616], [-2106.726888949, 586.327456982], [-2223.690260931, 618.9096574419999], [-2340.656181266, 651.4987289759999], [-2457.6200629180003, 684.10025299], [-2574.5859832530004, 716.7073585879999], [-2691.5422198450005, 749.3183281559999], [-2808.4852049980004, 781.9417471599999], [-2925.4281901510003, 814.5707463839999], [-3042.3625109020004, 847.2006040719999], [-3159.2953026410005, 879.8356123739999], [-3276.2301330620003, 912.4783460409999], [-3393.1705698610003, 945.1253712889999], [-3510.1069292950006, 977.7831245879999], [-3627.0524628020007, 1010.4477431639998], [-3744.0066607110007, 1043.1119326759997], [-3860.9736003880007, 1075.7769803149997], [-3977.9451271010007, 1108.4471765409996], [-4094.9319439360006, 1141.1268110729995], [-4211.925896161, 1173.8094484929995], [-4328.9300418, 1206.4895120149995], [-4445.939284147, 1239.1742942939995], [-4562.956171553999, 1271.8655108389996], [-4679.987719489, 1304.5459936279997], [-4797.027500505999, 1337.2188781269997], [-4914.081896202999, 1369.8844324769998], [-5031.144463617999, 1402.548135698], [-5148.217924474999, 1435.2067471859998], [-5265.300166271999, 1467.8655409619998], [-5382.394775271999, 1500.520282345], [-5499.499457332999, 1533.1719880809999]]]}}, {"type": "Feature", "properties": {"name": "la jolla ", "__uuid": "8fb4f1b6-2fcf-4bcd-8591-6fb1806c6a98", "market_name": "San Diego-Carlsbad-San Marcos, CA", "submarket_name": "north west sd bay ", "neighborhood_name": "la jolla "}, "geometry": {"type": "Polygon", "coordinates": [[[-117.203890289, 32.760627861], [-234.411259824, 65.53789195], [-351.624132519, 98.326801032], [-468.839891657, 131.121485656], [-586.0600247140001, 163.925623783], [-703.286318431, 196.741728581], [-820.516772843, 229.56741627399998], [-937.751020401, 262.405475778], [-1054.998946151, 295.25691968499996], [-1172.2510114729998, 328.10829416499996], [-1289.51755992, 360.957582932], [-1406.7935903809998, 393.809577505], [-1524.0777052629999, 426.649897052], [-1641.3611006869999, 459.47921879499995], [-1758.6426388789998, 492.29749808199995], [-1875.9103692519998, 525.104519444], [-1993.1641188229999, 557.8894965899999], [-2110.4183028949997, 590.6492837409999], [-2227.6734549239995, 623.3988191379999], [-2344.9302625189994, 656.134078192], [-2462.1906964219993, 688.8480082059999], [-2579.442916979999, 721.539097763], [-2696.690601023999, 754.2073300349999], [-2813.933003758999, 786.8705340089999], [-2931.165362385999, 819.5404874269999], [-3048.393000996999, 852.2194841679999], [-3165.6252039799992, 884.9165386509999], [-3282.843618892999, 917.6288549399999], [-3400.027543574999, 950.3516801339999], [-3517.201946876999, 983.0771712979999], [-3634.378675983999, 1015.8098749789999], [-3751.564129677999, 1048.551993351], [-3868.758757444999, 1081.2992558649999], [-3985.960676376999, 1114.0512320809999], [-4103.164566665999, 1146.811859942]]]}}, {"type": "Feature", "properties": {"name": "everett", "__uuid": "9056986c-8bf1-4d6f-ab4c-584bce20da74", "market_name": "Seattle-Tacoma-Bellevue, WA", "submarket_name": "north falls ", "neighborhood_name": "everett "}, "geometry": {"type": "Polygon", "coordinates": [[[-122.175242665, 48.039769259], [-244.390408097, 96.045769665], [-366.640100413, 144.007150926], [-488.949462004, 191.96098191800002], [-611.261821571, 239.88768907800002], [-733.5584217730001, 287.80717899300004], [-855.842116784, 335.72798333900005], [-978.112144597, 383.64663867800004], [-1100.344923014, 431.56930043500006], [-1222.547166329, 479.48646641900007], [-1344.73757482, 527.419788472], [-1466.923651436, 575.359671649], [-1589.093662164, 623.295218579], [-1711.259794664, 671.219434526], [-1833.399947776, 719.137924935], [-1955.521284956, 767.051797096], [-2077.632990312, 814.9636739829999], [-2199.721297318, 862.873774136], [-2321.755681232, 910.769852055], [-2443.767710393, 958.643706181], [-2565.74500607, 1006.501402064], [-2687.6803498679997, 1054.356918466], [-2809.5819355839994, 1102.207527468], [-2931.4656378629993, 1150.0596366930001], [-3053.3156235689994, 1197.9062362640002], [-3175.1303872959993, 1245.7674874160002], [-3296.8876152719995, 1293.6358281180003], [-3418.6307528599996, 1341.5018057450002], [-3540.3492322689995, 1389.367783372], [-3662.0465760959996, 1437.224307619], [-3783.7251327379995, 1485.08713431], [-3905.4036893799994, 1532.959413232], [-4027.0728524299993, 1580.838780196], [-4148.7666736599995, 1628.755146736], [-4270.461669089, 1676.686463046], [-4392.244728817, 1724.654741876], [-4514.0407047339995, 1772.6575998899998], [-4635.903609995, 1820.6879475299997], [-4757.796984976, 1868.7826951569998], [-4879.736153719, 1916.8978286359998], [-5001.72463882, 1964.9870863819997], [-5123.906866757, 2013.0622246019998], [-5246.089094694, 2061.1153914109996], [-5368.264337359, 2109.1551606699995]]]}}, {"type": "Feature", "properties": {"name": "lowell", "__uuid": "908bb0db-69f3-47d3-af63-c2a7a70bce89", "market_name": "Boston-Cambridge-Quincy, MA-NH", "submarket_name": "north border", "neighborhood_name": "lowell"}, "geometry": {"type": "Polygon", "coordinates": [[[-71.320188054, 42.600693251], [-142.637712566, 85.210407606], [-213.925301377, 127.830035638], [-285.197736493, 170.458375289], [-356.449821624, 213.091857355], [-427.665564754, 255.742317844], [-498.859826661, 298.406219877], [-570.033133578, 341.081677644], [-641.182491934, 383.763187558], [-712.3245844810001, 426.451318378], [-783.4657105200001, 469.150431184], [-854.6023328200001, 511.869241816], [-925.7434588590002, 554.611240772], [-996.8958107850001, 597.359285389], [-1068.068369309, 640.10018507], [-1139.264128001, 682.8328395709999], [-1210.472609366, 725.5753881569999], [-1281.6983037589998, 768.3217840159999], [-1352.945701535, 811.0637829719999], [-1424.213305909, 853.7898405389999], [-1495.507104021, 896.4873032859999], [-1566.957316168, 939.1869661019999], [-1638.394805643, 981.858572196], [-1709.797120669, 1024.487243501], [-1781.1477966119999, 1067.1060025689999], [-1852.489491845, 1109.726413787], [-1923.81996119, 1152.341868426], [-1995.143695002, 1194.949061223], [-2066.4638830559998, 1237.5497544739999]]]}}, {"type": "Feature", "properties": {"name": "Mesquite-Forney", "__uuid": "90f9b65e-8a8f-4207-803f-6ba00d138a56", "market_name": "Dallas-Fort Worth-Arlington, TX", "submarket_name": "Dallas Outskirts", "neighborhood_name": "Mesquite-Forney"}, "geometry": {"type": "Polygon", "coordinates": [[[-96.633192206, 32.844339426], [-193.242841864, 65.590619487], [-289.87583746900003, 98.280862522], [-386.386610174, 130.924573879], [-482.833181524, 163.55643168400002], [-579.193922186, 196.29549245500002], [-675.5453931330001, 229.11566436600003], [-771.961777395, 261.99091203100005], [-868.456739515, 294.78437060100003], [-965.089931721, 327.628710027]]]}}, {"type": "Feature", "properties": {"name": "central city", "__uuid": "9172bfa3-4a09-4baf-9781-a9c59bb766fb", "market_name": "Phoenix-Mesa-Glendale, AZ ", "submarket_name": "downtown ", "neighborhood_name": "central city"}, "geometry": {"type": "Polygon", "coordinates": [[[-112.073421478, 33.461806983], [-224.155426025, 66.922754707], [-336.252880096, 100.384704899], [-448.36114720800003, 133.846450602], [-560.4692442840001, 167.292359916], [-672.5773413600001, 200.727096152], [-784.6840651450001, 234.157391406], [-896.7866690570002, 267.586254037], [-1008.8796599320001, 301.015832982], [-1120.9650638780001, 334.444921885], [-1233.0434635360002, 367.873784516], [-1345.1129368030001, 401.30178756099997], [-1457.1764019210002, 434.731079981], [-1569.2314556320002, 468.159369556], [-1681.2768963060003, 501.586942805], [-1793.3132389270002, 535.0152323799999], [-1905.3512981620001, 568.449825362], [-2017.3890140740002, 601.8890023529999], [-2129.4260433400004, 635.3333360639999], [-2241.4629009450005, 668.784115244], [-2353.5000549120005, 702.23923171], [-2465.5377398340006, 735.7011158930001], [-2577.5963984340005, 769.163209294], [-2689.6698199120005, 802.625016277]]]}}, {"type": "Feature", "properties": {"name": "scituate", "__uuid": "91a91f4f-00aa-42cf-9b62-c87d228fb735", "market_name": "Boston-Cambridge-Quincy, MA-NH", "submarket_name": "coastline", "neighborhood_name": "scituate"}, "geometry": {"type": "Polygon", "coordinates": [[[-70.750884449, 42.177647862], [-141.500514634, 84.35436602], [-212.242201144, 126.532013678], [-282.973853539, 168.707492481], [-353.698398435, 210.886069626], [-424.413745392, 253.063097619], [-495.129092349, 295.263978344], [-565.852382981, 337.471982165], [-636.602212663, 379.699531262], [-707.377346224, 421.927351646], [-778.154570226, 464.148980022], [-848.947681577, 506.366273631], [-919.736193959, 548.580161143], [-990.5280510460001, 590.784448666], [-1061.326179455, 632.9899749799999], [-1132.1301610980001, 675.1899265459999], [-1202.9441768560002, 717.3904975529999], [-1273.7581926140003, 759.5861128639999], [-1344.5605019040004, 801.7739841229999], [-1415.3565398720004, 843.9519416109998], [-1486.1333457860005, 886.1370247789998], [-1556.8996994960005, 928.3193197329998], [-1627.6551829150005, 970.4969673909998], [-1698.4060673640006, 1012.6743052169998], [-1769.1569518130007, 1054.8519530789997]]]}}, {"type": "Feature", "properties": {"name": "West_Hills", "__uuid": "923617e6-f893-4eea-aa2e-657e2b124925", "market_name": "Los Angeles-Long Beach-Santa Ana, CA", "submarket_name": "The_Hills", "neighborhood_name": "West_Hills"}, "geometry": {"type": "Polygon", "coordinates": [[[-118.471248711, 34.145746916], [-236.945064629, 68.27346810200001], [-355.426261986, 102.39223655200001], [-473.907974327, 136.503188346], [-592.384365166, 170.607317742], [-710.864346677, 204.70513033499998], [-829.33884924, 238.793907322], [-947.805197888, 272.867186925], [-1066.26957243, 306.941675141], [-1184.731629544, 341.014954744], [-1303.191197568, 375.089514055], [-1421.649220639, 409.164073366], [-1540.103552991, 443.241547495], [-1658.55376547, 477.31731540100003], [-1777.0026046579999, 511.39095048], [-1895.4484397719998, 545.464941034], [-2013.8929874249998, 579.5419886100001], [-2132.3357326339997, 613.6198892890001], [-2250.7766753979995, 647.69786106], [-2369.2122966599995, 681.778889709], [-2487.6473171069997, 715.861695562], [-2606.080191787, 749.944714677], [-2724.511264022, 784.026738565], [-2842.941220458, 818.106416514], [-2961.370232757, 852.185881193], [-3079.798043426, 886.266625486], [-3198.2242233119996, 920.3476896799999], [-3316.6486436689997, 954.4285761509999], [-3435.0716478189997, 988.5088228179999], [-3553.4929886379996, 1022.5859294629998], [-3671.9072913409996, 1056.6664484649998], [-3790.3155858959994, 1090.7521568309999], [-3908.7213055299994, 1124.8390736329998], [-4027.1229052909994, 1158.9262747699997], [-4145.5172952739995, 1193.0195178089998], [-4263.886160994999, 1227.1271765679999], [-4382.218667051999, 1261.241029909], [-4500.556151288999, 1295.367886478], [-4618.951277532999, 1329.510464945], [-4737.3821887509985, 1363.652903437], [-4855.823323910999, 1397.796514229], [-4974.274072108999, 1431.939982949], [-5092.745320819999, 1466.085729865]]]}}, {"type": "Feature", "properties": {"name": "Timber Grove-Houston Heights", "__uuid": "93dd6d76-cb92-4e1f-acf6-779643c8928d", "market_name": "Houston-Sugar Land-Baytown, TX", "submarket_name": "Houston Inner Loop", "neighborhood_name": "Timber Grove-Houston Heights"}, "geometry": {"type": "Polygon", "coordinates": [[[-95.453797364, 29.781601956], [-190.87439160899999, 59.562517705], [-286.26417569299997, 89.342796698], [-381.64026669599997, 119.122074447], [-477.00863293699996, 148.898670293], [-572.380260745, 178.68733414000002], [-667.756008426, 208.50117221800002], [-763.187717716, 238.314116645], [-858.6365931429999, 268.11797516400003], [-954.0903905069999, 297.89957712]]]}}, {"type": "Feature", "properties": {"name": "Denton", "__uuid": "94d8527b-97bc-4c7f-98b9-fffe99b0a09c", "market_name": "Dallas-Fort Worth-Arlington, TX", "submarket_name": "Denton Area", "neighborhood_name": "Denton"}, "geometry": {"type": "Polygon", "coordinates": [[[-97.043266296, 33.23725175], [-194.12326812700002, 66.531629251], [-291.29940032900004, 99.83117206200001], [-388.533897399, 133.05234148800002], [-485.773200988, 166.205415495], [-582.993965148, 199.30759891600002], [-680.091133117, 232.407481501], [-777.1900177, 265.544745208], [-874.233283996, 298.781996958]]]}}, {"type": "Feature", "properties": {"name": "Fort Worth Core", "__uuid": "95056fda-3fa6-43ee-b6ff-935c10c04b16", "market_name": "Dallas-Fort Worth-Arlington, TX", "submarket_name": "Fort Worth", "neighborhood_name": "Fort Worth Core"}, "geometry": {"type": "Polygon", "coordinates": [[[-97.318306999, 32.797138219], [-194.689103203, 65.592926833], [-292.074189581, 98.379624199], [-389.486270704, 131.142955369], [-486.887826702, 163.875563955], [-584.2536405999999, 196.60841624399998], [-681.5909628349999, 229.35310811199997], [-778.9090917629999, 262.09945681199997], [-876.2273987619999, 294.89659503099995]]]}}, {"type": "Feature", "properties": {"name": "North Central Austin", "__uuid": "951a064c-129d-4b78-9bc4-6c0f06fcbdc1", "market_name": "Austin-Round Rock-San Marcos, TX", "submarket_name": "North Austin", "neighborhood_name": "North Central Austin"}, "geometry": {"type": "Polygon", "coordinates": [[[-97.737464905, 30.378502879], [-195.481281281, 60.739973594999995], [-293.236255646, 91.07655720999999], [-390.992946625, 121.38661724899998], [-488.735303879, 151.691712581], [-586.4552593230001, 181.987100073], [-684.1639567020001, 212.298202242], [-781.8590212470001, 242.619672745], [-879.5445151840001, 272.951798876], [-977.2455020460002, 303.290604811], [-1074.9533553630001, 333.635410758], [-1172.6668735060002, 363.982661049], [-1270.3858848130003, 394.349834167], [-1368.1091876540004, 424.72100617399997], [-1465.8466525590004, 455.09950905299996]]]}}, {"type": "Feature", "properties": {"name": "paradise ", "__uuid": "95384e49-cc8a-4614-8b2b-e5e0aaca358d", "market_name": "Las Vegas-Paradise, NV", "submarket_name": "lv center ", "neighborhood_name": "paradise "}, "geometry": {"type": "Polygon", "coordinates": [[[-115.207868197, 36.067962963], [-230.405302821, 72.136242015], [-345.585882777, 108.199676601], [-460.736421829, 144.26384044399998], [-575.882486986, 180.33576496899997], [-691.027600886, 216.41987722099998], [-806.1786498849999, 252.520523044], [-921.3334204859999, 288.635341471], [-1036.415681062, 324.751091011], [-1151.498183283, 360.87292295900005], [-1266.5867035869999, 397.00105603700007], [-1381.679814266, 433.14821026000004], [-1496.785753631, 469.29341220900005], [-1611.892611233, 505.43860128200004], [-1727.0101846960001, 541.583640091], [-1842.169260281, 577.728096931], [-1957.340120692, 613.872388516], [-2072.5194217920002, 650.007595356], [-2187.7002340840004, 686.138062063], [-2302.9073374480004, 722.267522705], [-2418.1152056450005, 758.335485668]]]}}, {"type": "Feature", "properties": {"name": "henderson ", "__uuid": "9693bbdf-a557-4661-b0aa-83ce131bfa9c", "market_name": "Las Vegas-Paradise, NV", "submarket_name": "east valley ", "neighborhood_name": "henderson "}, "geometry": {"type": "Polygon", "coordinates": [[[-114.993209839, 36.072134803], [-229.986844579, 72.128707229], [-344.979028363, 108.180152281], [-459.973611493, 144.23063913200002], [-574.986755313, 180.28711046700002], [-690.013610782, 216.34342619900002], [-805.034973087, 252.38447490000001], [-920.049468937, 288.418860696], [-1035.053119074, 324.44335627400005], [-1150.053538691, 360.4408082560001], [-1265.048121821, 396.4379824740001], [-1380.043391596, 432.4207116470001], [-1495.03436932, 468.37491759400007], [-1609.997959675, 504.32926363600006], [-1724.944862025, 540.2957101320001], [-1839.875721933, 576.26653493], [-1954.775788083, 612.215879587], [-2069.646735489, 648.182836168], [-2184.520897597, 684.194183619], [-2299.3964019259997, 720.272060901], [-2414.2825853369995, 756.3713760940001], [-2529.2164003389994, 792.4709785650001], [-2644.1993104949993, 828.5580969220001], [-2759.1925203339993, 864.6302317250002]]]}}, {"type": "Feature", "properties": {"name": "elkton", "__uuid": "96f48a90-0004-4597-872b-d83bb0f7bd1d", "market_name": "Philadelphia-Camden-Wilmington, PA-NJ-DE-MD", "submarket_name": "south west boarder", "neighborhood_name": "elkton "}, "geometry": {"type": "Polygon", "coordinates": [[[-76.222521111, 39.719971248], [-152.430649565, 79.414133782], [-228.62132546600003, 119.08900948099999], [-304.78863166400004, 158.751230994], [-380.939761954, 198.40081160699998], [-457.086707684, 238.02822898999997], [-533.2039308799999, 277.63404980399997], [-609.2993700479999, 317.21948155399997], [-685.3876559479999, 356.78840793899997], [-761.4452415659998, 396.326929492], [-837.4487571989998, 435.86652544099996], [-913.4239535939998, 475.421938476], [-989.4411273059999, 514.874395821], [-1065.4341815389998, 554.318215456], [-1141.3497048939998, 593.821827685], [-1217.213630498, 633.351374454], [-1293.0274680339999, 672.8809368530001], [-1368.8060762359999, 712.4176611980001], [-1444.5947152229999, 752.1379246970001], [-1520.817236334, 791.8578959450001]]]}}, {"type": "Feature", "properties": {"name": "Donelson-Hermitage-Old Hickory", "__uuid": "97a7a363-a931-4df9-9bef-f7ed9fbb16e8", "market_name": "Nashville-Davidson--Murfreesboro--Franklin, TN", "submarket_name": "E Nashville", "neighborhood_name": "Donelson-Hermitage-Old Hickory"}, "geometry": {"type": "Polygon", "coordinates": [[[-86.533126831, 36.139538306], [-173.05355072, 72.418138441], [-259.592170715, 108.71057582], [-346.129417419, 145.029850455], [-432.684243589, 181.348672028], [-519.2421447950001, 217.641858167], [-605.8060952010001, 253.912945142], [-692.3907516610001, 290.16317237600003], [-779.0165756360001, 326.412983186], [-865.6533859390001, 362.667500669], [-952.3046157970001, 398.961598353], [-1038.988274042, 435.287716098], [-1125.6649288820001, 471.586715514], [-1212.35111987, 507.870944084], [-1299.0257137580002, 544.134642895], [-1385.672421463, 580.3704057379999], [-1472.309231766, 616.5792288309999], [-1558.967328079, 652.7719833109999], [-1645.639157303, 688.9647377909998], [-1732.315213202, 725.1752251389998], [-1818.995073262, 761.4016692769999], [-1905.679799979, 797.6425609069998], [-1992.372940679, 833.8874240419998], [-2079.078776681, 870.1307915169998], [-2165.790893439, 906.3655306609999], [-2252.4771422179997, 942.5599475649999], [-2339.1874235899995, 978.7272071369999], [-2425.9080046449994, 1014.8914178489999], [-2512.6289290219993, 1051.034560474], [-2599.3374937799995, 1087.1777030990002], [-2685.9938734799994, 1123.318350444], [-2772.6605528619993, 1159.4243329180001], [-2859.3121260429994, 1195.5206064850001], [-2945.8452528739995, 1231.6601447910002]]]}}, {"type": "Feature", "properties": {"name": "university", "__uuid": "980e0ece-ab0b-41fa-8d42-45841791c444", "market_name": "Bakersfield-Delano, CA", "submarket_name": "ne bakers", "neighborhood_name": "university "}, "geometry": {"type": "Polygon", "coordinates": [[[-118.9125315, 35.397574326], [-237.809439588, 70.794417735], [-356.69895011799997, 106.19264331299999], [-475.58074240099995, 141.591042189], [-594.4587259599999, 176.990972032], [-713.330957917, 212.39482406000002], [-832.189532868, 247.80365382500003], [-951.067756199, 283.22607293500005], [-1070.016646386, 318.64781918200003], [-1188.9720732160001, 354.076870652], [-1307.944200398, 389.50636063400003], [-1426.9186848240001, 424.934573892], [-1545.8963437290001, 460.361817131], [-1664.8789627580002, 495.788737028], [-1783.890973857, 531.215155614], [-1902.9026817660001, 566.625862749], [-2021.905339695, 602.024808643], [-2140.907997624, 637.422622436], [-2259.889359546, 672.820352502], [-2378.856675226, 708.218005438], [-2497.811319156, 743.615657501], [-2616.764135473, 779.013299418], [-2735.676666973, 814.410873744]]]}}, {"type": "Feature", "properties": {"name": "delano", "__uuid": "986065ba-b71e-4a00-ac1a-5506459685ac", "market_name": "Bakersfield-Delano, CA", "submarket_name": "north outskirts", "neighborhood_name": "delano"}, "geometry": {"type": "Polygon", "coordinates": [[[-119.086587284, 35.556018201], [-238.082573045, 71.109651241], [-357.10457906, 106.756810706], [-476.157860117, 142.520027549], [-595.212755505, 178.378811917], [-714.2660365620001, 214.243483669], [-833.3193176190001, 250.136278], [-952.7269444240001, 286.027764526], [-1072.104706098, 321.879352608], [-1191.450181143, 357.640604529], [-1310.78032004, 393.358615891], [-1430.1120732680001, 429.030084681], [-1549.446878957, 464.606514885], [-1668.778457392, 500.16504032600005], [-1787.980971053, 535.7246330830001], [-1907.067558337, 571.2806512840001]]]}}, {"type": "Feature", "properties": {"name": "badger", "__uuid": "98bd8bb6-e494-4423-a292-3192d31f6367", "market_name": "Fairbanks, AK", "submarket_name": "east fairbanks ", "neighborhood_name": "badger"}, "geometry": {"type": "Polygon", "coordinates": [[[-147.574248017, 64.808642567], [-295.118372166, 129.607785677], [-442.62902535, 194.394574488], [-590.099513377, 259.169478826], [-737.5342990419999, 323.940579028], [-884.935613742, 388.707398935], [-1032.32019296, 453.48800847300004], [-1179.567541222, 518.283825982], [-1326.833856364, 583.142285807], [-1474.334468259, 647.991263737], [-1621.865204022, 712.8231658310001], [-1769.427179352, 777.647949794], [-1917.0014273689999, 842.456592361]]]}}, {"type": "Feature", "properties": {"name": "SW Inner Loop-Rice-Medical", "__uuid": "99825b3a-9256-48ca-a85b-bdd24ab3b614", "market_name": "Houston-Sugar Land-Baytown, TX", "submarket_name": "Houston Inner Loop", "neighborhood_name": "SW Inner Loop-Rice-Medical"}, "geometry": {"type": "Polygon", "coordinates": [[[-95.460622022, 29.727254525], [-190.920615452, 59.407548696], [-286.338556409, 89.08817030899999], [-381.721983358, 118.76871115399999], [-477.097223393, 148.469680007], [-572.47880756, 178.189939288], [-667.851292365, 207.922191131], [-763.2764785219999, 237.651991104], [-858.714678664, 267.380989662], [-954.172366972, 297.110092078], [-1049.632988994, 326.83734660299996]]]}}, {"type": "Feature", "properties": {"name": "burness", "__uuid": "99c57039-446a-4815-a0d9-bd23bf60c86b", "market_name": "Fresno, CA", "submarket_name": "ne fresno ", "neighborhood_name": "burness"}, "geometry": {"type": "Polygon", "coordinates": [[[-119.609588403, 36.736301009], [-239.219791392, 73.52245392], [-358.847173018, 110.308701536], [-478.47483509, 147.087325467], [-598.174656562, 183.866367843], [-717.884607868, 220.646038105], [-837.603078613, 257.430340399], [-957.321699004, 294.21659874], [-1077.058084349, 331.002927859], [-1196.8068537939998, 367.78999798300003], [-1316.555467818, 404.567895822], [-1436.30445236, 441.330542133], [-1556.054022185, 478.086291287], [-1675.7924747519999, 514.841742396], [-1795.495022547, 551.594594251], [-1915.1918801, 588.3481750779999], [-2034.8811332139999, 625.1022639419999], [-2154.5594019699997, 661.8549483549999], [-2274.2318857069995, 698.6041938269999], [-2393.9011142819995, 735.3494126439999], [-2513.5680620439994, 772.0915736049999], [-2633.2289897279993, 808.8298549689999], [-2752.882302503999, 845.567167479], [-2872.5297929879994, 882.304643209], [-2992.1487976829994, 919.041347363], [-3111.7583860859995, 955.777648372]]]}}, {"type": "Feature", "properties": {"name": "gloucester", "__uuid": "9a9a5809-366d-4189-9efc-c5671d61aaa9", "market_name": "Boston-Cambridge-Quincy, MA-NH", "submarket_name": "east port ", "neighborhood_name": "gloucester"}, "geometry": {"type": "Polygon", "coordinates": [[[-70.90371876, 42.715165348], [-141.822069019, 85.397002202], [-212.75312294999998, 128.053985371], [-283.715924086, 170.648016581], [-354.71685798699997, 213.166715229], [-425.71672561599996, 255.683670478], [-496.709781025, 298.203934228], [-567.6852220009999, 340.729679822], [-638.642700894, 383.256549862], [-709.5947819209999, 425.78868953799997], [-780.5452922589999, 468.32371940099995], [-851.4817203789999, 510.86511566699994], [-922.4187487899999, 553.4160900669999], [-993.2925514639999, 595.9590616849999], [-1064.1541587339998, 638.502803623], [-1134.993303544, 681.051757824], [-1205.813238025, 723.601979228], [-1276.607463828, 766.165789216], [-1347.386142432, 808.722866111], [-1418.146586193, 851.2848056400001], [-1488.897726417, 893.8580674680001], [-1559.6250320650001, 936.430654212], [-1630.3395037110001, 979.00391604], [-1701.0347119040002, 1021.580400455], [-1771.7029767030003, 1064.181851328], [-1842.3696004870003, 1106.765131103], [-1913.0324586810002, 1149.3426951659999], [-1983.678126615, 1191.928379213], [-2054.303585621, 1234.531600804], [-2124.931886109, 1277.152100351], [-2195.5205431120003, 1319.786714349], [-2266.1030618180002, 1362.450363011], [-2336.71032203, 1405.113884184], [-2407.328494271, 1447.802065207], [-2477.9555399160004, 1490.4975405579999], [-2548.6691584120003, 1533.1624124409998], [-2619.456549458, 1575.9300301879998], [-2690.320101793, 1618.6633116729997], [-2761.223820553, 1661.3784770209998]]]}}, {"type": "Feature", "properties": {"name": "downtown wor", "__uuid": "9b42dd90-4a70-4b14-a8ee-deafd8dc7fb9", "market_name": "Worcester, MA", "submarket_name": "central wor", "neighborhood_name": "downtown wor"}, "geometry": {"type": "Polygon", "coordinates": [[[-72.024932654, 42.372076589], [-144.04281915299998, 84.604081855], [-216.06453893399998, 126.822793395], [-288.094525804, 169.02860675], [-360.126655964, 211.217219768], [-432.155898184, 253.392407036], [-504.196880459, 295.534046761], [-576.242149315, 337.668936804], [-648.2845031100001, 379.803460239], [-720.3153330380001, 421.94114573900004], [-792.335168336, 464.079385144], [-864.343347264, 506.223737296], [-936.339490136, 548.368522644], [-1008.324326158, 590.512614639], [-1080.285156674, 632.655490436], [-1152.222786707, 674.800251021], [-1224.126447583, 716.954056982], [-1296.0156463980002, 759.121696147], [-1367.9120239580002, 801.3012463489999], [-1439.812464364, 843.5024341279999], [-1511.643341597, 885.7487528369999], [-1583.443776446, 927.9924773719998], [-1655.22735573, 970.2234910939999], [-1727.008155143, 1012.4421431969998], [-1798.76402932, 1054.6718372059997], [-1870.508065337, 1096.9146461249998], [-1942.237367459, 1139.1628250169997], [-2013.94885694, 1181.4139472529996], [-2085.660384995, 1223.6896093409996], [-2157.42839743, 1265.9645329839996], [-2229.188188661, 1308.2579349479995], [-2300.963829238, 1350.5751693759994], [-2372.74396062, 1392.9321937259995], [-2444.542558585, 1435.3178718769996], [-2516.337007794, 1477.7060388519997], [-2588.133795113, 1520.1081570399997], [-2660.0722793719997, 1562.4909882419997], [-2732.097212026, 1604.8630648309997]]]}}, {"type": "Feature", "properties": {"name": "moreno valley", "__uuid": "9baaea1a-cffb-4593-8617-9686a0d65fa5", "market_name": "Riverside-San Bernardino-Ontario, CA", "submarket_name": "south east riv", "neighborhood_name": "moreno valley"}, "geometry": {"type": "Polygon", "coordinates": [[[-116.993767202, 33.933888989], [-234.02489504599998, 67.867777978], [-351.06691974399996, 101.80683305400001], [-468.127624763, 135.754282353], [-585.2007833289999, 169.697211789], [-702.2856170949999, 203.641432639], [-819.3836827549999, 237.579196223], [-936.4887535359999, 271.516959807], [-1053.600829437, 305.45278611599997], [-1170.7308073119998, 339.39184119199996], [-1287.8910787529999, 373.34004910799996], [-1405.0558601169998, 407.30065052199996], [-1522.2671648069997, 441.25363368899997], [-1639.4990971719997, 475.24225370899995], [-1756.7424407559997, 509.21888032699997], [-1874.0229792009998, 543.2201285169999], [-1991.3226201769999, 577.224129516], [-2108.6152844159997, 611.1829280129999], [-2225.9032666709995, 645.1097131209999], [-2343.1896922329997, 679.0274560689999], [-2460.467555981, 712.9361558969998], [-2577.7166209009997, 746.7770017509998], [-2694.9594590479996, 780.6036237469998], [-2812.1960704209996, 814.4153728159998], [-2929.4241199799994, 848.2070716749998], [-3046.6148088979994, 881.9728923549999], [-3163.802384428999, 915.6843434179999], [-3280.972660300999, 949.3698124959999], [-3398.106529909999, 983.0663706319999], [-3515.2263892779993, 1016.7596908339999], [-3632.323676591999, 1050.4523634339998], [-3749.406175317999, 1084.1482739929997], [-3866.479333883999, 1117.8441845519997], [-3983.542373942999, 1151.5420378279996], [-4100.583620293999, 1185.2398911039995], [-4217.613969790999, 1218.9474573049995], [-4334.634200780999, 1252.6556709949996], [-4451.638864836999, 1286.3710067449995], [-4568.612395024999, 1320.0759829399994], [-4685.5046795769995, 1353.8217377289996], [-4802.416491239, 1387.6069033129995], [-4919.344704722, 1421.4153980979995], [-5036.319791604, 1455.2407268989996], [-5153.308888726, 1489.0757541879996], [-5270.311217742, 1522.9211253179997], [-5387.320551878, 1556.7774854069996], [-5504.328329321, 1590.6448330419996], [-5621.326766604, 1624.5154120389996], [-5738.31975546, 1658.3924533929996], [-5855.306517542, 1692.2914630999996], [-5972.28471781, 1726.2085601429997], [-6089.262342736, 1760.1353396629997], [-6206.245991431, 1794.0647080689998], [-6323.239758633, 1827.9985970579999]]]}}, {"type": "Feature", "properties": {"name": "Downey", "__uuid": "9bae36d2-872b-43b0-ba2a-53dddcdde1d0", "market_name": "Los Angeles-Long Beach-Santa Ana, CA", "submarket_name": "East_LA", "neighborhood_name": "Downey"}, "geometry": {"type": "Polygon", "coordinates": [[[-118.102684021, 33.876116579], [-236.207084656, 67.760783987], [-354.312858582, 101.66426020099999], [-472.418289185, 135.578278931], [-590.52268982, 169.503408631], [-708.625030518, 203.434805419], [-826.722564698, 237.375317147], [-944.821889359, 271.324496649], [-1062.932126481, 305.28038762600005], [-1181.05168888, 339.2467471570001], [-1299.174921052, 373.2223524810001], [-1417.309190766, 407.2070008890001], [-1535.452941627, 441.2028899030001], [-1653.607810707, 475.2088865460001], [-1771.782935829, 509.2003669720001], [-1889.9525677870001, 543.1875774510002], [-2008.119796486, 577.1679555680001], [-2126.288398476, 611.1338130920001], [-2244.4621503070002, 645.0723310100001], [-2362.6401295540004, 679.0033435370001], [-2480.8185604120004, 712.9180976600001], [-2598.9995220210003, 746.821573874], [-2717.184946826, 780.7207757240001], [-2835.37277489, 814.6040180530001], [-2953.56266289, 848.4769991140001], [-3071.759074023, 882.3362965640001], [-3189.960291674, 916.1884662650001], [-3308.165972521, 950.014400728], [-3426.347277453, 983.8294965480001], [-3544.513819506, 1017.642595625], [-3662.674525072, 1051.454838941], [-3780.825274279, 1085.261376966], [-3898.96915703, 1119.068485537], [-4017.1065166490002, 1152.872170774], [-4135.221216966001, 1186.6752854420001], [-4253.314974595, 1220.462137292], [-4371.404955674, 1254.249845156], [-4489.493220139, 1288.046398006], [-4607.576334763, 1321.8503685259998], [-4725.659449387, 1355.6771586129998], [-4843.756640244, 1389.5333199269999], [-4961.8593242649995, 1423.4094365059998]]]}}, {"type": "Feature", "properties": {"name": "brookefield", "__uuid": "9bb30938-b46b-458d-993f-49242ca3b47f", "market_name": "Worcester, MA", "submarket_name": "north sturbridge", "neighborhood_name": "brookfield "}, "geometry": {"type": "Polygon", "coordinates": [[[-72.046067461, 42.134615766], [-144.08764102700002, 84.27589626299999], [-216.11741811800002, 126.45090619599999], [-288.150003894, 168.639652597], [-360.180342722, 210.845461361], [-432.202817234, 253.06416787799998], [-504.221359587, 295.29618544199997], [-576.2545071, 337.527371148], [-648.302259772, 379.753149508], [-720.359561971, 421.97892786799997], [-792.4359632249999, 464.19680235199996], [-864.5179818479999, 506.41010045499996], [-936.6089882619999, 548.6209022099999], [-1008.7117911509999, 590.8371125939999], [-1080.812908829, 633.0433374559999], [-1152.919082139, 675.2399913789999], [-1225.025255449, 717.4320673839999], [-1297.146595655, 759.6154028059999], [-1369.27355323, 801.7887475099999], [-1441.400510805, 843.9570962639999], [-1513.531400539, 886.1125369849999], [-1585.662290273, 928.2592320599999], [-1657.788686111, 970.395097517], [-1729.902162001, 1012.528046991], [-1801.9886745190001, 1054.664329006], [-1874.0549645090002, 1096.793529162], [-1946.10833455, 1138.9239791149998], [-2018.154402011, 1181.0585948809999]]]}}, {"type": "Feature", "properties": {"name": "Houston Core", "__uuid": "9c2ad8d8-88e1-466c-897c-f7492a97b25c", "market_name": "Houston-Sugar Land-Baytown, TX", "submarket_name": "Houston Inner Loop", "neighborhood_name": "Houston Core"}, "geometry": {"type": "Polygon", "coordinates": [[[-95.362014771, 29.745152619], [-190.700013512, 59.474621432999996], [-286.021172875, 89.19309173299999], [-381.36490570899997, 118.96156693199998], [-476.71460527399995, 148.731277498], [-572.072245177, 178.499029784], [-667.438295884, 208.27081495099998], [-762.803636978, 238.03980548099997], [-858.171402405, 267.804108349], [-953.545397662, 297.564561159], [-1048.920887851, 327.318208892], [-1144.302557849, 357.06365959699997], [-1239.68457117, 386.802775776], [-1335.071648502, 416.535109842], [-1430.44336214, 446.267816564], [-1525.8053769110002, 476.012969183]]]}}, {"type": "Feature", "properties": {"name": "Madison", "__uuid": "9c9e89c6-a9fe-4c92-a9e4-90f1fa0730bd", "market_name": "Nashville-Davidson--Murfreesboro--Franklin, TN", "submarket_name": "N Nashville", "neighborhood_name": "Madison"}, "geometry": {"type": "Polygon", "coordinates": [[[-86.749763489, 36.242334923], [-173.463478089, 72.478300934], [-260.170669556, 108.722574119], [-346.86447143600003, 144.969339284], [-433.549003602, 181.212504897], [-520.227699281, 217.44348618], [-606.902539895, 253.653903416], [-693.57333915, 289.849428582], [-780.234182046, 326.043014278], [-866.872449886, 362.252282224], [-953.5205898400001, 398.486863621], [-1040.1968822590002, 434.749686306], [-1126.8855342980003, 471.034098383], [-1213.5642299770002, 507.33290007100004], [-1300.2518520470003, 543.6651750020001], [-1386.9868526570003, 580.0168080560001], [-1473.7266597860003, 616.3097988740001], [-1560.4596004600003, 652.5878454690001], [-1647.2093639490004, 688.8301803920001]]]}}, {"type": "Feature", "properties": {"name": "five points ", "__uuid": "9d794d11-04dc-420a-bfd7-9f28c5d91b50", "market_name": "Las Vegas-Paradise, NV", "submarket_name": "south east lv", "neighborhood_name": "five points "}, "geometry": {"type": "Polygon", "coordinates": [[[-115.095863342, 36.165873741], [-230.20992279, 72.33451911899999], [-345.335998535, 108.50399596899999], [-460.48061370799996, 144.680124276], [-575.6351852409999, 180.85403549299997], [-690.792160033, 217.02572955799997], [-805.952911376, 253.19188046699998], [-921.113662719, 289.351379072], [-1036.274414062, 325.507551314], [-1151.444967273, 361.652091418], [-1266.550905849, 397.797457393], [-1381.644118532, 433.944772075], [-1496.735862001, 470.10205312], [-1611.82760547, 506.263769223], [-1726.923468812, 542.429642964]]]}}, {"type": "Feature", "properties": {"name": "East Gulf", "__uuid": "9ec39ecf-1bc2-46ae-87cf-1e2c884ac483", "market_name": "Houston-Sugar Land-Baytown, TX", "submarket_name": "East Outskirts", "neighborhood_name": "East Gulf"}, "geometry": {"type": "Polygon", "coordinates": [[[-95.198249817, 29.923696223], [-190.39993286100002, 59.819716026], [-285.54634094200003, 89.58379537100001], [-380.68794250400003, 119.298091258], [-475.67073470400004, 148.98416484199998], [-570.5928746110001, 178.61589070699998], [-665.3190556410001, 208.40351169699997], [-760.1914921640001, 238.37986114199998], [-855.3897419810002, 268.30355736499996]]]}}, {"type": "Feature", "properties": {"name": "richmond", "__uuid": "9f0e72a0-461e-408f-aa77-76c9057b98db", "market_name": "San Francisco-Oakland-Fremont, CA", "submarket_name": "north sf ", "neighborhood_name": "richmond "}, "geometry": {"type": "Polygon", "coordinates": [[[-122.018868607, 38.051757372], [-244.094789657, 76.100816051], [-366.212449259, 114.13813507], [-488.36091588799997, 152.161364012], [-610.532239343, 190.193203879], [-732.7194631990001, 228.24617536], [-854.9623384580001, 266.305406889], [-977.2370145180001, 304.346639337], [-1099.5365349550002, 342.360473389], [-1221.8549371180002, 380.372741509], [-1344.2220342580001, 418.38579259899996], [-1466.596087824, 456.36438508899994], [-1588.998960866, 494.3335769689999], [-1711.432640935, 532.2988515729999], [-1833.8524081530002, 570.2335642519998], [-1956.24236212, 608.1400546409998], [-2078.60349661, 646.0387035829998], [-2200.935811623, 683.9428416259998], [-2323.2472573600003, 721.8312954379998], [-2445.505695102, 759.7281604329997], [-2567.689941035, 797.6074721129997], [-2689.854666062, 835.4909796119997], [-2811.98602888, 873.3817456749997], [-2934.079536915, 911.2805061159997], [-3056.15494558, 949.1792591109997], [-3178.218941329, 987.1069172329998], [-3300.2799557529997, 1025.0541696759997], [-3422.334013752, 1063.0155267949997], [-3544.399003276, 1100.9894191299998], [-3666.4675515989998, 1138.9841598899998], [-3788.5106002199996, 1177.0168215699998], [-3910.5294688269996, 1215.068578942]]]}}, {"type": "Feature", "properties": {"name": "vernon", "__uuid": "a00da60b-a916-4ccf-a98c-f4b126baab3a", "market_name": "New York-Northern New Jersey-Long Island, NY-NJ-PA", "submarket_name": "northwest_nj", "neighborhood_name": "vernon"}, "geometry": {"type": "Polygon", "coordinates": [[[-75.106006915, 40.945092134], [-150.199544675, 81.87329389499999], [-225.27029397799998, 122.805393818], [-300.33072398, 163.729372312], [-375.345577069, 204.66601979900003], [-450.314423274, 245.59649551600003], [-525.270370353, 286.52209837500004], [-600.2009491499999, 327.447701234], [-675.1061596659999, 368.38012599300004], [-749.989871638, 409.30962716700003], [-824.8615444249999, 450.23458028500005], [-899.7048391339999, 491.15563482000005], [-974.537384571, 532.0786386750001], [-1049.3561709399999, 572.998718528], [-1124.1637780659998, 613.917498783], [-1198.9490267069998, 654.844725968], [-1273.7200863089997, 695.76188169], [-1348.4644877159997, 736.674813438], [-1423.1869606089997, 777.606913361], [-1497.7933413649996, 818.588045493], [-1572.1254007009995, 859.7730323979999], [-1646.8197631709995, 901.128137135], [-1721.5422360639996, 942.473751078], [-1796.2969567729995, 983.819042224], [-1871.0650065789994, 1025.1433481669999], [-1945.8579946959994, 1066.4637791789999], [-2020.6488329579995, 1107.772261038], [-2095.4603098219995, 1149.068468514], [-2170.2975849389995, 1190.344644405], [-2245.1421695609997, 1231.605307749], [-2319.989334008, 1272.854657538], [-2394.8536972899997, 1314.082991239], [-2469.7090311839997, 1355.302269774], [-2544.591023272, 1396.480137297], [-2619.4966637579996, 1437.631785878], [-2694.476259235, 1478.7400368840001], [-2769.4657440419996, 1519.8311152560002], [-2844.4354501889998, 1560.9147399560002], [-2919.4455735989995, 1601.9785921270002], [-2994.4673062219995, 1643.0168284130002], [-3069.5965315649996, 1684.0057503890002], [-3144.7025384799995, 1724.9508425230003]]]}}, {"type": "Feature", "properties": {"name": "woburn", "__uuid": "a01b8c2d-a95d-4b6f-ad72-022bd4db3c8a", "market_name": "Boston-Cambridge-Quincy, MA-NH", "submarket_name": "south woburn ", "neighborhood_name": "woburn"}, "geometry": {"type": "Polygon", "coordinates": [[[-71.241055835, 42.472300106], [-142.496268779, 84.935371018], [-213.75397707899998, 127.393577891], [-285.008496789, 169.84392816000002], [-356.267822396, 212.279943516], [-427.52735901799997, 254.708231197], [-498.772171341, 297.131047362], [-569.998632459, 339.553828506], [-641.2147099499999, 381.973366656], [-712.415925769, 424.390980048], [-783.552929354, 466.792179394], [-854.687182796, 509.197101798], [-925.821894595, 551.604731741], [-996.952022822, 594.014053838], [-1068.083067763, 636.428790518], [-1139.209987489, 678.848264574], [-1210.322239784, 721.267061884], [-1281.427158364, 763.67976815], [-1352.531160229, 806.107700917], [-1423.6333286650001, 848.544429533], [-1494.739163959, 890.988938064], [-1565.8417907530002, 933.450694263], [-1636.9609184070002, 975.9354399639999], [-1708.0805044180001, 1018.4374222499999], [-1779.210527377, 1060.939915023], [-1850.365843835, 1103.439396026], [-1921.5475121020002, 1145.934192176], [-1992.751270396, 1188.4155244059998], [-2063.967424723, 1230.8935532229998], [-2135.187200605, 1273.3703023039998], [-2206.42825644, 1315.8426024099997]]]}}, {"type": "Feature", "properties": {"name": "leominster", "__uuid": "a01d88f0-a3cb-484f-b714-f02e980d9379", "market_name": "Worcester, MA", "submarket_name": "north lake ", "neighborhood_name": "leominster"}, "geometry": {"type": "Polygon", "coordinates": [[[-71.796973981, 42.402925779], [-143.590008822, 84.820153277], [-215.367315029, 127.247332874], [-287.139003867, 169.688608574], [-358.899457967, 212.134029583], [-430.650924277, 254.591055999], [-502.374159213, 297.06346234299997], [-574.097538678, 339.55446364999995], [-645.824695347, 382.07836255699993], [-717.566347641, 424.6162697059999], [-789.331305606, 467.1685371349999], [-861.112899991, 509.7203504359999], [-932.9076883759999, 552.2744343429998], [-1004.7163446629999, 594.8217467569998], [-1076.5341510509998, 637.3694728709997], [-1148.3636565439997, 679.9180003859998], [-1220.2178330799998, 722.4677043959998], [-1292.1110497329998, 765.0066436449998], [-1364.010814585, 807.5481588259998], [-1435.8959742769998, 850.0648362209998], [-1507.7564175459997, 892.5649496049998], [-1579.6022556549997, 935.0418659999998], [-1651.4267477619996, 977.5063518989998], [-1723.2366347099996, 1019.9401653509998], [-1795.0465216579996, 1062.3640277569998], [-1866.8434956389997, 1104.7669535359998]]]}}, {"type": "Feature", "properties": {"name": "Northwest Hills", "__uuid": "a046f967-5983-4c2d-a748-522aec1006d7", "market_name": "Austin-Round Rock-San Marcos, TX", "submarket_name": "North West Austin", "neighborhood_name": "Northwest Hills"}, "geometry": {"type": "Polygon", "coordinates": [[[-97.766990662, 30.384426414], [-195.540892797, 60.766085465], [-293.33637924699997, 91.117631727], [-391.121566015, 121.459696973], [-488.88872833799996, 151.80102147600002], [-586.650912481, 182.14397560700002], [-684.406573492, 212.48144815600003], [-782.151248175, 242.84306699000004], [-879.918238837, 273.22749340400003]]]}}, {"type": "Feature", "properties": {"name": "aurora", "__uuid": "a0a2c4fe-5d10-4776-b4da-d2e2cb23a227", "market_name": "Denver-Aurora-Broomfield, CO", "submarket_name": "east den", "neighborhood_name": "aurora "}, "geometry": {"type": "Polygon", "coordinates": [[[-104.82557489, 39.72483374], [-209.600617861, 79.450500283], [-314.35594939099997, 119.176794163], [-419.10368704399997, 158.897734045], [-523.8277851109999, 198.600134691], [-628.543881611, 238.33324215], [-733.2543468709999, 278.074103849], [-837.970194872, 317.88978778399996], [-942.7147728919999, 357.72314678699996], [-1047.4762209829998, 397.62581000299997], [-1152.2474372169997, 437.54105390499996], [-1257.0317382519997, 477.45923421399993], [-1361.8347245439998, 517.3835516859999], [-1466.6778664499998, 557.27124032], [-1571.5593102269997, 597.125813033], [-1676.4421869259997, 636.924531223], [-1781.3449206379998, 676.722673436], [-1886.257784813, 716.501515762], [-1991.170056462, 756.2175880120001], [-2096.067140358, 795.9346338160001], [-2200.945518721, 835.6535018370001], [-2305.771093611, 875.3783355770001]]]}}, {"type": "Feature", "properties": {"name": "fitchburg", "__uuid": "a1490f4c-8cbf-47be-8608-67230e717441", "market_name": "Worcester, MA", "submarket_name": "north leominster", "neighborhood_name": "fitchburg "}, "geometry": {"type": "Polygon", "coordinates": [[[-71.742478519, 42.539031847], [-143.479339669, 85.0855134], [-215.22631208400003, 127.654338738], [-286.98227228900004, 170.247981121], [-358.72812123000006, 212.863950397], [-430.52452649200006, 255.495626395], [-502.3849697610001, 298.08513329], [-574.2881050340001, 340.666368385], [-646.199104624, 383.215332976], [-718.092128633, 425.75519261200003], [-789.946954533, 468.30581250700004], [-861.755718007, 510.85394943000006], [-933.550999795, 553.408707392], [-1005.3316764240001, 595.960982547], [-1077.0966244190001, 638.514085315], [-1148.8391029380002, 681.053117162]]]}}, {"type": "Feature", "properties": {"name": "Kedall", "__uuid": "a1ecffb6-4b6b-4237-aa5f-0f6c42999427", "market_name": "Miami-Fort Lauderdale-Pompano Beach, FL", "submarket_name": "Central Miami", "neighborhood_name": "Kendall "}, "geometry": {"type": "Polygon", "coordinates": [[[-80.3855896, 25.767122033], [-160.76740264900002, 51.395338647], [-241.03535959500002, 77.023711288], [-321.278057149, 102.714027445], [-401.431787749, 128.375742139], [-481.563965488, 154.112921341], [-561.699583078, 179.863661702], [-641.8500876830001, 205.621985176], [-722.019258732, 231.38249617600002], [-802.220550194, 257.130020606], [-882.606139794, 282.89714263900004]]]}}, {"type": "Feature", "properties": {"name": "Johns Creek", "__uuid": "a21635e0-ff69-43c5-9a04-369a27be4158", "market_name": "Atlanta-Sandy Springs-Marietta, GA", "submarket_name": "John Creek", "neighborhood_name": "Johns Creek "}, "geometry": {"type": "Polygon", "coordinates": [[[-84.352222919, 33.81901721], [-168.60641983, 67.704923845], [-252.691783287, 101.691777432], [-336.870305172, 135.84684929899998], [-421.19949335999996, 169.85822882899998], [-505.55790168, 203.75902661199999], [-589.921788774, 237.623437373], [-674.274011693, 271.44245458299997]]]}}, {"type": "Feature", "properties": {"name": "Hicksville", "__uuid": "a228c41f-ea84-4c3d-8433-b4eda72cae71", "market_name": "New York-Northern New Jersey-Long Island, NY-NJ-PA", "submarket_name": "Nassau_county", "neighborhood_name": "Hicksville"}, "geometry": {"type": "Polygon", "coordinates": [[[-73.56982075, 40.773710288], [-147.12300998199999, 81.53477193], [-220.665713604, 122.26701899900002], [-294.200166027, 162.98487013500002], [-367.732358507, 203.700616351], [-441.251749992, 244.39911652700002], [-514.734851081, 285.10201117], [-588.206736346, 325.80883548], [-661.635809624, 366.516112688], [-735.065775791, 407.23006466600003], [-808.4911454759999, 447.953533572], [-881.913605977, 488.71175067700005], [-955.3391704339999, 529.479603793], [-1028.754112867, 570.2753332460001], [-1102.17533835, 611.0715790520001], [-1175.602396791, 651.8732316920001], [-1249.0460787260001, 692.6750787070001], [-1322.4976558720002, 733.4807126070001], [-1395.9674949330001, 774.2793556760001], [-1469.460567346, 815.0790645350002], [-1542.96606434, 855.8761077810002], [-1616.500980715, 896.6609293670002], [-1690.056081926, 937.4442529830002], [-1763.625902676, 978.2179632710001]]]}}, {"type": "Feature", "properties": {"name": "allentown", "__uuid": "a2856192-aa75-457a-8ad5-4a287879bc3f", "market_name": "Philadelphia-Camden-Wilmington, PA-NJ-DE-MD", "submarket_name": "north outskirts", "neighborhood_name": "allentown"}, "geometry": {"type": "Polygon", "coordinates": [[[-75.687392912, 40.673622697], [-151.313148201, 81.250494214], [-226.935151868, 121.789672563], [-302.45927312699996, 162.2826528], [-378.007721728, 202.733675267], [-453.62634087699996, 243.102565932], [-529.244960026, 283.423837446], [-604.904059084, 323.665532326], [-680.45880876, 363.802687321], [-755.914135763, 403.939286639], [-831.339188883, 444.055383099], [-906.734175951, 484.139933633], [-982.059487314, 524.207675887], [-1057.347419851, 564.279211421], [-1132.6242249680001, 604.394798646], [-1207.747196703, 644.5553600650001], [-1282.8527808600002, 684.7687772520001], [-1357.9396458160002, 725.069058668], [-1432.9833231540001, 765.416315269], [-1507.934270032, 805.800750964], [-1582.90431573, 846.20382923], [-1657.901189106, 886.616311699], [-1732.924157359, 927.018228525], [-1807.978534788, 967.434693661], [-1883.0437763, 1007.888591344], [-1958.101093742, 1048.424142793], [-2033.2338488510002, 1089.01083365], [-2108.4197242520004, 1129.633750302], [-2183.5941030370004, 1170.322059954], [-2258.7523023930003, 1211.048189055], [-2333.944329021, 1251.794345887], [-2409.218694345, 1292.544898243], [-2484.608410845, 1333.267485228], [-2560.112986065, 1373.955428255], [-2635.715971965, 1414.638550651], [-2711.403364877, 1455.312173348]]]}}, {"type": "Feature", "properties": {"name": "el cajon ", "__uuid": "a328a353-d7f0-4815-998b-2388126c01af", "market_name": "San Diego-Carlsbad-San Marcos, CA", "submarket_name": "north east valley ", "neighborhood_name": "el cajon "}, "geometry": {"type": "Polygon", "coordinates": [[[-117.011615827, 32.696582784], [-234.027265118, 65.387962061], [-351.038007752, 98.08140079399999], [-468.044796989, 130.774995293], [-585.04909781, 163.46989111599999], [-702.052525672, 196.16764197199998], [-819.053053717, 228.864888117], [-936.038570726, 261.573090459], [-1053.014913662, 294.28917325500004], [-1169.9820825250001, 327.01624317700004], [-1286.946424143, 359.73985089800004], [-1403.90563072, 392.46407357100003], [-1520.858779137, 425.19483241200004], [-1637.811408106, 457.93406877200005], [-1754.752074091, 490.67314325700005], [-1871.68152732, 523.418219417], [-1988.605883842, 556.160497125], [-2105.5251436569997, 588.903858562], [-2222.4341717239995, 621.653536574], [-2339.3371220759996, 654.411472105], [-2456.2329370379994, 687.197691717], [-2573.1399647559992, 720.002762388], [-2690.0551472049992, 752.814686999], [-2806.9550395329993, 785.646313742], [-2923.8406610799993, 818.4890745399999], [-3040.7126619669993, 851.337595946], [-3157.5895755189995, 884.195108001], [-3274.4758939069993, 917.046803243], [-3391.368536030999, 949.897924822], [-3508.2615606219993, 982.7544021350001], [-3625.1614529499993, 1015.614289521], [-3742.0665632099995, 1048.484193885], [-3858.9738425579994, 1081.362184907], [-3975.894945374999, 1114.255888845], [-4092.8285187289994, 1147.1539472670001], [-4209.780121423999, 1180.0538328670002], [-4326.7404489619985, 1212.9494413610003], [-4443.703479305998, 1245.8294939460002], [-4560.666926038998, 1278.7089783310003], [-4677.642833234998, 1311.5898400640003], [-4794.627926680998, 1344.4707426110003], [-4911.614946921998, 1377.3514209710004], [-5028.603215406998, 1410.2318525410003], [-5145.596170855998, 1443.1145929100003], [-5262.595833873998, 1476.0000191160002], [-5379.612752357998, 1508.8525152390002], [-5496.635224120998, 1541.7002741860003], [-5613.661711936998, 1574.5448029700003], [-5730.680809956997, 1607.3793899120003], [-5847.683896522997, 1640.2155085160002], [-5964.689688510997, 1673.0348164170002], [-6081.697334094997, 1705.8360930410001], [-6198.705497082997, 1738.627160595], [-6315.711320160996, 1771.406055589], [-6432.712388971996, 1804.1738464090001], [-6549.714329854996, 1836.9360791600002], [-6666.723804125996, 1869.6890912430001], [-6783.741055275997, 1902.4363512240002], [-6900.7554119029965, 1935.1668495360002], [-7017.769066412997, 1967.8807804900002], [-7134.779323185997, 2000.5848470500002], [-7251.790939012997, 2033.2814298340002]]]}}, {"type": "Feature", "properties": {"name": "peoria", "__uuid": "a3bd65a7-c448-4101-b5c6-44209502bdbf", "market_name": "Phoenix-Mesa-Glendale, AZ", "submarket_name": "north glendale", "neighborhood_name": "peoria"}, "geometry": {"type": "Polygon", "coordinates": [[[-112.113333717, 33.552446678], [-224.231130369, 67.120703055], [-336.348927021, 100.706836448], [-448.466723673, 134.333392288], [-560.579587391, 168.005053646], [-672.697742789, 201.676579553], [-784.918574075, 235.34547721], [-897.149153045, 269.005414979], [-1009.5684006370001, 302.64744049], [-1121.9881270770002, 336.206426163], [-1234.3470635980002, 369.764039701], [-1346.6952714380002, 403.31526690600003], [-1458.8810607340001, 436.867205032], [-1570.994394451, 470.41965171000004]]]}}, {"type": "Feature", "properties": {"name": "fowler", "__uuid": "a3d76be0-53d8-44b5-a331-f8190dea54ef", "market_name": "Fresno, CA", "submarket_name": "se fresno ", "neighborhood_name": "fowler"}, "geometry": {"type": "Polygon", "coordinates": [[[-119.609327706, 36.707063721], [-239.309863543, 73.414507144], [-359.059076887, 110.121018061], [-478.816470265, 146.82661564400001], [-598.580493092, 183.534403951], [-718.354128956, 220.24109128999999], [-838.1390944709999, 256.948879597], [-957.9250899539999, 293.652539194], [-1077.711772083, 330.344086629], [-1197.497353328, 366.99333928], [-1317.282662166, 403.627052388], [-1437.069000972, 440.23265885999996], [-1556.7289287429999, 476.83773573699995], [-1676.3382738369999, 513.4423680299999], [-1795.9476015429998, 550.1494317509998]]]}}, {"type": "Feature", "properties": {"name": "san clemente ", "__uuid": "a42535e7-f39a-4742-8867-55c9a2816b87", "market_name": "San Diego-Carlsbad-San Marcos, CA", "submarket_name": "north coast ", "neighborhood_name": "san clemente "}, "geometry": {"type": "Polygon", "coordinates": [[[-117.591168318, 33.395638221], [-235.18179449500002, 66.79207753899999], [-352.769362648, 100.19489934699999], [-470.353872777, 133.604103176], [-587.933286198, 167.023517263], [-705.5060739, 200.448036029], [-823.071726212, 233.875532386], [-940.6378881950001, 267.31025961], [-1058.20557919, 300.754768812], [-1175.767663807, 334.202680183], [-1293.332806448, 367.65782071999996], [-1410.9086521739998, 401.11806383399994], [-1528.4901042779998, 434.58383440099993], [-1646.0771627599997, 468.05300630299996], [-1763.6591245349998, 501.53280651499995], [-1881.2482216999997, 535.018132933], [-1998.8510799749997, 568.4945322279999], [-2116.4595446269996, 601.9760328489999], [-2234.0731059869995, 635.466460068], [-2351.6912543829994, 668.9670879859999], [-2469.3139898159993, 702.4774904469999], [-2586.9306273679995, 735.9971335769999], [-2704.5593117109993, 769.5169272199998], [-2822.1952985819994, 803.0307292629998], [-2939.8384208429993, 836.5419816319998], [-3057.4911346459994, 870.0497479539997], [-3175.149547028999, 903.5503758719997], [-3292.8111700159993, 937.0447161469997], [-3410.4775031489994, 970.5328579239997], [-3528.1522748249995, 1004.0098216589997], [-3645.8275345729994, 1037.4813412359997], [-3763.5035855699994, 1070.9489301509998], [-3881.1812041259996, 1104.4131527529998], [-3998.8619129749995, 1137.8731753299999], [-4116.512074359999, 1171.314787483], [-4234.143581926999, 1204.743287021], [-4351.760965905999, 1238.156124674], [-4469.362879740999, 1271.549188425], [-4586.956532456999, 1304.944458565], [-4704.547700775, 1338.340096786]]]}}, {"type": "Feature", "properties": {"name": "Whittier", "__uuid": "a4ff0063-889a-40b3-bddb-b981820b70a5", "market_name": "Los Angeles-Long Beach-Santa Ana, CA", "submarket_name": "East_LA", "neighborhood_name": "Whittier"}, "geometry": {"type": "Polygon", "coordinates": [[[-117.835922241, 34.000873555], [-235.73638916, 67.99377725], [-353.65814208999996, 101.98895812399999], [-471.63836587199995, 136.00001293], [-589.636314407, 170.0263441], [-707.654691959, 204.055169291], [-825.6835615880001, 238.08848384499998], [-943.7495100740001, 272.13090241599997], [-1061.865583682, 306.16364793699995], [-1180.0180495020002, 340.17021379199997], [-1298.14030292, 374.14546727699997], [-1416.2563765280001, 408.10933158499995], [-1534.3545973530001, 442.05895727699993], [-1652.4504030900002, 475.9984249319999], [-1770.5541170790002, 509.92355463199993], [-1888.6585177140003, 543.8304501829999], [-2006.7622317030002, 577.722527616], [-2124.863698464, 611.599907188], [-2242.92964695, 645.478304072], [-2360.96994546, 679.340664809], [-2478.9942689629997, 713.1968373330001], [-2596.9654603689996, 747.053568862], [-2714.8549409599996, 780.909159957], [-2832.7300019949994, 814.7601891630001], [-2950.6126161309994, 848.64200639], [-3068.4931703299994, 882.540923274], [-3186.3799043389995, 916.451238025], [-3304.2625184749995, 950.3701001769999], [-3422.1465059019997, 984.2975088709999], [-3540.024313519, 1018.2380205989999], [-3657.867788861, 1052.218398716], [-3775.711264203, 1086.210733106], [-3893.547186444, 1120.211606661]]]}}, {"type": "Feature", "properties": {"name": "East Nashville", "__uuid": "a51d8ec5-928c-49dc-a105-2cdd2d6c3e87", "market_name": "Nashville-Davidson--Murfreesboro--Franklin, TN", "submarket_name": "Nashville Core", "neighborhood_name": "East Nashville"}, "geometry": {"type": "Polygon", "coordinates": [[[-86.782035828, 36.189706613], [-173.56166839600002, 72.36417210900001], [-260.332717896, 108.526996937], [-347.087631226, 144.68760429900001], [-433.809585572, 180.85347804000003], [-520.516433717, 217.02600354500004], [-607.213668824, 253.21016827700004], [-693.901634217, 289.40403104300003], [-780.615348817, 325.63778165900004], [-867.366142274, 361.87845517700003], [-954.135131837, 398.11165193400007], [-1040.907215017, 434.33677851900006], [-1127.689250845, 470.52648513200006]]]}}, {"type": "Feature", "properties": {"name": "rancho ", "__uuid": "a5d8087b-799c-4bca-a9aa-9993af7737d1", "market_name": "Las Vegas-Paradise, NV", "submarket_name": "west lv ", "neighborhood_name": "rancho "}, "geometry": {"type": "Polygon", "coordinates": [[[-115.154973085, 36.173940781], [-230.32193295, 72.35049239099999], [-345.500431207, 108.52641688599999], [-460.69135687100004, 144.70234388699998], [-575.896144198, 180.875440038], [-691.135859774, 217.04935125499998], [-806.380002743, 253.22539588499998], [-921.623299039, 289.384058659], [-1036.866931325, 325.542102304], [-1152.10945834, 361.673026569], [-1267.335124211, 397.802041072], [-1382.542567448, 433.93187462000003], [-1497.723574833, 470.06281734400005], [-1612.903208927, 506.19819661500003], [-1728.072886661, 542.344388918], [-1843.234096896, 578.500598245], [-1958.395097049, 614.666850142], [-2073.552164424, 650.8385967620001], [-2188.707137509, 687.012537543]]]}}, {"type": "Feature", "properties": {"name": "golden state ", "__uuid": "a66327f9-7d38-4244-ade2-45c6aa6bc495", "market_name": "Bakersfield-Delano, CA", "submarket_name": "north bakers", "neighborhood_name": "golden state"}, "geometry": {"type": "Polygon", "coordinates": [[[-119.002825057, 35.396511524], [-238.006182684, 70.79545702], [-357.018252977, 106.205708184], [-476.03413716499995, 141.614407287], [-595.055179882, 177.02310639], [-714.094064885, 212.43126986500002], [-833.132964047, 247.837219886], [-952.177276016, 283.237044468], [-1071.221631315, 318.620594063], [-1190.264308419, 354.003657], [-1309.3020845639999, 389.38471970899997], [-1428.3294515829998, 424.76514244099997], [-1547.3442241609998, 460.145448194], [-1666.351775341, 495.52883603099997], [-1785.3576400789998, 530.912466506], [-1904.3605287419998, 566.296258739], [-2023.363353799, 601.6927702629999]]]}}, {"type": "Feature", "properties": {"name": "apache junction ", "__uuid": "a74c216f-36ab-4872-be12-6bf13e02480e", "market_name": "Phoenix-Mesa-Glendale, AZ ", "submarket_name": "east hills ", "neighborhood_name": "apache junction"}, "geometry": {"type": "Polygon", "coordinates": [[[-111.63482666, 33.428003045], [-223.271369934, 66.85629262], [-334.90688324, 100.274839665], [-446.54720306400003, 133.67733780700001], [-558.195679555, 167.064140941], [-669.844239125, 200.444567], [-781.4910820819999, 233.818685721], [-893.134774646, 267.185289448], [-1004.777707961, 300.541145019], [-1116.421658787, 333.881838945], [-1228.068912372, 367.21587011400004], [-1339.7189177900002, 400.547397572], [-1451.337264958, 433.849235978], [-1562.8993055350002, 467.147225165], [-1674.4627210620001, 500.522490708], [-1785.951292229, 533.897756251], [-1897.427503777, 567.2632733180001], [-2008.8735029230002, 600.604701231], [-2120.294096185, 633.9977405950001], [-2231.736662103, 667.3942196340001], [-2343.179914666, 700.8021632720001], [-2454.655439568, 734.2101069100001], [-2566.133711052, 767.6604564070002], [-2677.6181623459997, 801.1136704180002], [-2789.1005537029996, 834.5789143520002], [-2900.6831953049996, 868.0430126510003], [-3012.2651502609997, 901.4813301580002], [-3123.8628980639996, 934.9207936410003], [-3235.4606458669996, 968.3711431380003], [-3347.0940992359997, 1001.8232113550004], [-3458.729612542, 1035.2718420990004], [-3570.3616926199998, 1068.7090136160004], [-3681.9965192799996, 1102.1370166610004]]]}}, {"type": "Feature", "properties": {"name": "evergreen", "__uuid": "a762ea90-847e-4072-bc1a-2b5a38db94a5", "market_name": "Denver-Aurora-Broomfield, CO", "submarket_name": "west foothills", "neighborhood_name": "evergreen "}, "geometry": {"type": "Polygon", "coordinates": [[[-105.306861261, 39.52861292], [-210.596991191, 79.072114616], [-315.852371435, 118.62157092799998], [-421.095203181, 158.172513896], [-526.333208582, 197.74677321000001], [-631.558987241, 237.33194648800003], [-736.7841223869999, 276.92802617700005], [-842.0163361729999, 316.545923843], [-947.2228094509999, 356.163821509], [-1052.4125513979998, 395.789650031], [-1157.5794273909999, 435.426047407], [-1262.760074395, 475.07148423900003], [-1367.9407862799999, 514.7260005090001], [-1473.129274856, 554.3979226360001], [-1578.317239605, 594.0890997640001], [-1683.511712288, 633.7899613670002], [-1788.70541601, 673.5016859370002], [-1893.915750364, 713.1988512580001], [-1999.17627871, 752.9029481730001], [-2104.472843768, 792.6129859010001], [-2209.787427181, 832.3269838860001], [-2315.1174549, 872.0271199760001], [-2420.471936102, 911.7391378610001], [-2525.856018888, 951.4561058900001], [-2631.270990285, 991.1800035230001], [-2736.7039800380003, 1030.916768575], [-2842.145978969, 1070.6614508450002], [-2947.6034222050002, 1110.4051435120002], [-3053.14838317, 1150.1349802530003], [-3158.868379593, 1189.7003130440003], [-3264.475117778, 1229.2666379940003], [-3370.01235659, 1268.8190714230004], [-3475.379708046, 1308.3645580480004], [-3580.718744943, 1347.8574248780003], [-3686.038476458, 1387.3602230220004], [-3791.345337719, 1426.8769226220004], [-3896.65219898, 1466.4055355420005]]]}}, {"type": "Feature", "properties": {"name": "Lakeville suburbs", "__uuid": "a7a60812-882d-43a6-a8d2-b342488c4406", "market_name": "Minneapolis-St. Paul-Bloomington, MN-WI", "submarket_name": "South Minneapolis", "neighborhood_name": "Lakeville suburbs"}, "geometry": {"type": "Polygon", "coordinates": [[[-93.311573047, 44.640234174], [-186.299463611, 89.237462424], [-279.290089684, 133.876914925], [-372.321399176, 178.58957633699998], [-465.357139102, 223.329870175], [-558.467327926, 268.06937376999997], [-651.5859796940001, 312.80183688], [-744.8321042360001, 357.533769368], [-838.114744886, 402.273475885], [-931.417742791, 447.01610428799995], [-1024.712427465, 491.71643704699994], [-1118.024000512, 536.3566712209999]]]}}, {"type": "Feature", "properties": {"name": "broomfield", "__uuid": "a8cbc890-c92b-4c68-a505-6885f4b699ad", "market_name": "Denver-Aurora-Broomfield, CO", "submarket_name": "north thorton", "neighborhood_name": "broomfield"}, "geometry": {"type": "Polygon", "coordinates": [[[-104.881715511, 39.855352393], [-209.72975023499998, 79.739662023], [-314.533397202, 119.66454138399999], [-419.345903692, 159.59233250399998], [-524.17866052, 199.52012362399998], [-629.02407381, 239.45567882899996], [-733.897331314, 279.40870000599995], [-838.809823848, 319.37142257399995], [-943.751426243, 359.34772477699994], [-1048.709482038, 399.32305709499997], [-1153.6966476940001, 439.304208514], [-1258.7040636880001, 479.28923905799996], [-1363.7621055270001, 519.2645713759999], [-1468.8454602880001, 559.2243836709999], [-1573.950331034, 599.1822557149999], [-1679.0779834100001, 639.1294553969999], [-1784.206901432, 679.0659810509999], [-1889.341654114, 718.9821332509998], [-1994.437100564, 758.8598727189998], [-2099.518008803, 798.7159278099998], [-2204.399724314, 838.5712802029998]]]}}, {"type": "Feature", "properties": {"name": "southbridge", "__uuid": "a8f160fe-ef98-472e-ad3d-a26b701ae72a", "market_name": "Worcester, MA", "submarket_name": "south border", "neighborhood_name": "southbridge"}, "geometry": {"type": "Polygon", "coordinates": [[[-72.071345622, 42.027780371], [-144.141006033, 84.067243217], [-216.19718475899998, 126.117552152], [-288.205615848, 168.184126749], [-360.22022604299997, 210.255705327], [-432.24157708099995, 252.326032947], [-504.267422014, 294.400113368], [-576.295513895, 336.481698724], [-648.314056248, 378.579958538], [-720.323610811, 420.69738855900005], [-792.3264245309999, 462.83065046600007], [-864.3224974079999, 504.9751589400001], [-936.3303667599998, 547.1192509100001], [-1008.3505943239999, 589.2570949930001], [-1080.380933152, 631.3945225280002], [-1152.4231121839998, 673.5287798990001], [-1224.4658092239997, 715.6582925060002], [-1296.5208644759998, 757.7836389650001], [-1368.586592729, 799.9002356200001], [-1440.661308772, 842.0168322750001], [-1512.742765658, 884.1292619320001], [-1584.83040165, 926.2216861840001], [-1656.9242167480002, 968.3003530600001], [-1729.0247726890002, 1010.3702636880001], [-1801.1371251050002, 1052.42682914], [-1873.2725087340002, 1094.4571129810001], [-1945.3438543560003, 1136.4848933520002]]]}}, {"type": "Feature", "properties": {"name": "woody", "__uuid": "a95596ed-3d6d-438b-b0f5-5a834fe2185d", "market_name": "Bakersfield-Delano, CA", "submarket_name": "east hills ", "neighborhood_name": "woody"}, "geometry": {"type": "Polygon", "coordinates": [[[-118.85771984, 35.408470227], [-237.62454125099998, 70.83220804000001], [-356.52050917599996, 106.39264148900001], [-475.39710512399995, 141.991150508], [-594.1913701689999, 177.593597346], [-712.988863877, 213.228851805], [-831.7282416539999, 248.949343066], [-950.7807997279999, 284.71831306], [-1069.763606438, 320.22486088200003], [-1188.784624337, 355.67669325], [-1307.80233368, 391.117365709], [-1426.8174725439999, 426.55656423700003], [-1545.8293697529998, 461.99308385800003], [-1664.8412396009999, 497.419935053], [-1783.8196973329998, 532.847638814], [-1902.7921673909998, 568.2774953539999], [-2021.7473392839997, 603.7070389669999], [-2140.695641469, 639.129336539], [-2259.573851749, 674.552416112], [-2378.4315715889998, 709.9608863389999]]]}}, {"type": "Feature", "properties": {"name": "Gardens", "__uuid": "a98eaab7-c29f-4693-a733-21f50cbc5b60", "market_name": "Houston-Sugar Land-Baytown, TX", "submarket_name": "North Houston", "neighborhood_name": "Gardens"}, "geometry": {"type": "Polygon", "coordinates": [[[-95.338887827, 29.769790234], [-190.661077158, 59.544896101999996], [-285.962323801, 89.32000196999999], [-381.254318732, 119.09894458299999], [-476.517113227, 148.875838421], [-571.784464254, 178.66754081], [-667.06991805, 208.471846197], [-762.354518719, 238.32211675099998], [-857.675678082, 268.170800995], [-953.009325769, 297.979122421], [-1048.346964624, 327.784619444], [-1143.685852451, 357.55440967799996]]]}}, {"type": "Feature", "properties": {"name": "clovis", "__uuid": "a9b0c40a-9720-43f9-bbb1-88a7b4c840b8", "market_name": "Fresno, CA", "submarket_name": "ne fresno ", "neighborhood_name": "clovis"}, "geometry": {"type": "Polygon", "coordinates": [[[-119.702979946, 36.837289757], [-239.40932455, 73.669385765], [-359.123222255, 110.494886432], [-478.85133144599996, 147.308681253], [-598.5849521399999, 184.117062855], [-718.328207178, 220.915002233], [-838.0751712809999, 257.709458409], [-957.8241985259999, 294.498784136], [-1077.5730818789998, 331.286142573], [-1197.3089522399998, 368.072609171], [-1317.0269698179998, 404.859075769], [-1436.7449873959997, 441.64361763700003], [-1556.4547652279998, 478.42348496200003], [-1676.154930023, 515.202527338], [-1795.7829970399998, 551.981569714], [-1915.4107207339998, 588.7680363119999], [-2035.0208492309998, 625.5545223219999], [-2154.631095082, 662.3483626579999], [-2274.241309315, 699.156822728], [-2393.797564262, 735.995135026], [-2513.354520797, 772.868846738], [-2632.973318099, 809.73528429], [-2752.68404563, 846.6018584349999], [-2872.3956458800003, 883.461929138], [-2992.1074438130004, 920.312695536], [-3111.819514176, 957.1557825159999], [-3231.5338050640003, 993.9935368949999], [-3351.2367850100004, 1030.8308266519998]]]}}, {"type": "Feature", "properties": {"name": "meridian ", "__uuid": "a9f45a22-4c7c-43cd-b179-23f53c2ab6da", "market_name": "Boise City-Nampa, ID", "submarket_name": "sw bois", "neighborhood_name": "meridian "}, "geometry": {"type": "Polygon", "coordinates": [[[-116.253490658, 43.618917028], [-232.506841449, 87.247542445], [-348.757728233, 130.87836198], [-465.03745850800004, 174.527837767], [-581.345618486, 218.185271033], [-697.681612761, 261.847949102], [-814.035692027, 305.511179799], [-930.450858456, 349.172514879], [-1046.884815539, 392.834243939], [-1163.3185739550001, 436.409789467], [-1279.750710683, 479.899656346], [-1396.085546123, 523.387758407], [-1512.4189625860001, 566.846952195], [-1628.711228713, 610.306073957], [-1744.945924911, 653.765783953], [-1861.172512668, 697.274913443], [-1977.4061953110001, 740.7968279739999], [-2093.6082531750003, 784.354520806], [-2209.844299187, 827.926508205], [-2326.134085006, 871.524329231], [-2442.4153559290003, 915.1276916290001], [-2558.668821822, 958.745335873], [-2674.92231248, 1002.3642529010001]]]}}, {"type": "Feature", "properties": {"name": "annapolis", "__uuid": "aaa92f09-d858-4a9a-a8f2-142eb9b9d288", "market_name": "Baltimore-Towson, MD", "submarket_name": "glen burnie ", "neighborhood_name": "annapolis "}, "geometry": {"type": "Polygon", "coordinates": [[[-76.491258949, 39.075574187], [-152.961959084, 78.154114352], [-229.380863696, 117.20769167], [-305.805621706, 156.345768824], [-382.269513013, 195.504374767], [-458.745537859, 234.675206425], [-535.2378022400001, 273.837379472], [-611.7615795040001, 313.030013076], [-688.2973500800001, 352.220522832], [-764.8413496560001, 391.41303414799995], [-841.3973372700002, 430.61698418899994], [-917.9822853770002, 469.82639276399993], [-994.5821050890002, 509.03458836799996], [-1071.2136248000002, 548.237929001], [-1147.8469056220001, 587.418517919], [-1224.49290558, 626.570287728], [-1301.134209242, 665.7018723450001], [-1377.766903027, 704.8138738140001], [-1454.391572882, 743.9006300730001], [-1530.999037671, 782.9767642180001], [-1607.592992475, 822.0449272910001], [-1684.1722941530002, 861.1044732930002], [-1760.7429401660002, 900.1569815950002], [-1837.261240017, 939.1601888420001], [-1913.733764347, 978.1358982980001], [-1990.186332024, 1017.1074332830001], [-2066.616780743, 1056.0883082280002], [-2143.0100548630003, 1095.089348376], [-2219.3966633480004, 1134.117479986], [-2295.8525509620004, 1173.178752487], [-2372.3438099110003, 1212.2543266740001]]]}}, {"type": "Feature", "properties": {"name": "Arlington", "__uuid": "acccd338-de76-41ac-9b3d-06fd427931f5", "market_name": "Dallas-Fort Worth-Arlington, TX", "submarket_name": "Central DFW", "neighborhood_name": "Arlington"}, "geometry": {"type": "Polygon", "coordinates": [[[-97.062492371, 32.7869859], [-194.140434266, 65.565312542], [-291.244125367, 98.35316432100001], [-388.456306458, 131.112437629], [-485.6798172, 163.856118813], [-582.899894715, 196.581894563], [-680.137825013, 229.27502696599998], [-777.376441956, 261.947642838], [-874.583816529, 294.61881370599997], [-971.648025513, 327.29749833799997], [-1068.710517884, 360.08448423799996]]]}}, {"type": "Feature", "properties": {"name": "smithfield", "__uuid": "acd3a5ea-ae1a-49db-a1ad-531f92f5aa08", "market_name": "Providence-New Bedford-Fall River, RI-MA", "submarket_name": "north border", "neighborhood_name": "smithfield"}, "geometry": {"type": "Polygon", "coordinates": [[[-71.561561143, 42.003554699], [-143.146478784, 84.01689779], [-214.73885724000002, 126.019389983], [-286.33680712700004, 168.015671545], [-357.93800701600003, 210.003671323], [-429.546635481, 251.987184685], [-501.164085379, 293.968282154], [-572.778285275, 335.94454756100004], [-644.373449447, 377.911147744], [-715.961185043, 419.875676617], [-787.52013491, 461.81776198], [-859.102299075, 503.700765908], [-930.675641807, 545.579276029], [-1002.227627384, 587.450871982], [-1073.769862956, 629.3210850119999], [-1145.292134232, 671.191298042], [-1216.8074412180001, 713.0611653369999], [-1288.3125339130002, 754.9289582349999], [-1359.7948765960002, 796.7860324289999], [-1431.2690942750003, 838.6458731299999], [-1502.7351869500003, 880.5057139969999], [-1574.1724938950003, 922.3728156149999], [-1645.6029874860003, 964.2407607279999], [-1717.0419194320002, 1006.132222721], [-1788.4883670070003, 1048.031394447], [-1859.9443614620004, 1089.9543864329999], [-1931.3942695320004, 1131.8930178289997], [-2002.9016836570004, 1173.8634152389998], [-2074.4350977960003, 1215.8386451559998], [-2145.9898498780003, 1257.8304370019998], [-2217.551411021, 1299.8339917009998]]]}}, {"type": "Feature", "properties": {"name": "taunton", "__uuid": "ad125379-e73c-4a0b-bc59-100f49b1a008", "market_name": "Providence-New Bedford-Fall River, RI-MA", "submarket_name": "east attleboro", "neighborhood_name": "taunton"}, "geometry": {"type": "Polygon", "coordinates": [[[-71.255021148, 42.029300374], [-142.52152694699998, 84.060443445], [-213.81790156099999, 126.09676303500001], [-285.161945333, 168.13604275100002], [-356.5462055, 210.194462111], [-427.926688333, 252.212517303], [-499.307691254, 294.165961989], [-570.689261932, 336.05920518799996], [-642.027425463, 377.958343378], [-713.3675374019999, 419.837084645], [-784.701248034, 461.699755448], [-856.043670403, 503.545555361], [-927.3782522089999, 545.3814362620001], [-998.7227015889999, 587.2094339460001], [-1070.0703510009998, 629.0316867060001], [-1141.3458174449997, 670.870260463], [-1212.5794675479997, 712.728117313], [-1283.7842444639996, 754.597096381], [-1354.9581569379995, 796.4742305120001], [-1426.1031962249995, 838.3565536870001], [-1497.2183666979995, 880.247030222], [-1568.3191005769995, 922.1278708970001], [-1639.4009175399995, 964.0100083440001], [-1710.4578809019995, 1005.8817046720001], [-1781.5029047069995, 1047.784404319], [-1852.5434031429995, 1089.691184453], [-1923.5630986669996, 1131.635497594], [-1994.5906539499997, 1173.58894228], [-2065.6400841729997, 1215.5458759550002], [-2136.7296458129995, 1257.5046090530002], [-2207.8631134979996, 1299.4670564860003], [-2279.032404495, 1341.4542402030004], [-2350.238993691, 1383.4526231190005], [-2421.468305752, 1425.4630998010005], [-2492.712488641, 1467.4806803030006], [-2563.9675097890004, 1509.5099806770006]]]}}, {"type": "Feature", "properties": {"fill": "#555555", "name": "Sun_Valley", "__uuid": "ad719e5a-75f1-4d43-bd03-9396c298892e", "stroke": "#555555", "market_name": "Los Angeles-Long Beach-Santa Ana, CA", "fill-opacity": "0.5", "stroke-width": "2", "stroke-opacity": "1", "submarket_name": "Valley", "neighborhood_name": "Sun_Valley"}, "geometry": {"type": "Polygon", "coordinates": [[[-118.490567907, 34.319305306], [-236.907392248, 68.560629536], [-355.315415684, 102.797853167], [-473.704849431, 137.02641466], [-592.033096501, 171.237081147], [-710.3083204870001, 205.419722057], [-828.458039725, 239.627549299], [-946.8296409940001, 273.949467809], [-1065.2327080700002, 308.284233401], [-1183.6923900570002, 342.630612941], [-1302.1829579640003, 376.94991824699997]]]}}, {"type": "Feature", "properties": {"name": "carefree", "__uuid": "ae6a8cee-c4a6-4d8e-bcb0-4aa67ecf2aae", "market_name": "Phoenix-Mesa-Glendale, AZ ", "submarket_name": "north phoenix", "neighborhood_name": "carefree"}, "geometry": {"type": "Polygon", "coordinates": [[[-111.894378662, 33.648921942], [-223.757171631, 67.296700682], [-335.6199646, 100.97419772699999], [-447.506103516, 134.65512314699998], [-559.370269776, 168.349760697], [-671.257781983, 202.078669002], [-783.1411743169999, 235.897758166], [-894.9847412119999, 269.717988251], [-1006.8159484869999, 303.567876947], [-1118.652648926, 337.449694174], [-1230.493469238, 371.350890754], [-1342.558135986, 405.25208733399995], [-1454.6942138670001, 439.20000423199997], [-1566.8371582030002, 473.127412926], [-1678.9855957030002, 507.00580980999996], [-1791.1271667480003, 540.854557981], [-1903.2714843750002, 574.686196442], [-2015.4061889650002, 608.485887615], [-2127.5340271, 642.254761177], [-2239.660491944, 676.001941625], [-2351.777343751, 709.709146707], [-2463.890075685, 743.380929491], [-2575.9382629409997, 777.051569377], [-2687.9644775409997, 810.726780763], [-2799.9632263199996, 844.397420649], [-2911.937255861, 878.0714891829999], [-3023.8851928729996, 911.7364143519999], [-3135.7795715349994, 945.3853362939999]]]}}, {"type": "Feature", "properties": {"name": "Cypress Area", "__uuid": "ae80a4c4-6b86-4d09-84c7-91c480ff8f94", "market_name": "Houston-Sugar Land-Baytown, TX", "submarket_name": "North West Outskirts", "neighborhood_name": "Cypress Area"}, "geometry": {"type": "Polygon", "coordinates": [[[-95.651092529, 30.223475117], [-191.379089355, 60.452883143], [-287.37899780199996, 90.601572948], [-383.18389892499994, 120.61954925399999], [-478.86245727499994, 150.592329871], [-574.4292458709999, 180.471076428], [-669.9793283139999, 210.352052748], [-765.5380513479998, 240.278181337], [-861.0554270659999, 270.21764745], [-956.6735606109999, 300.267723972], [-1052.2333292879998, 330.344542729], [-1147.8844218169997, 360.56801784600003]]]}}, {"type": "Feature", "properties": {"name": "DFW", "__uuid": "af8b9f29-d2d1-440b-89d3-742ee8909b46", "market_name": "Dallas-Fort Worth-Arlington, TX", "submarket_name": "Central DFW", "neighborhood_name": "DFW"}, "geometry": {"type": "Polygon", "coordinates": [[[-97.096270651, 32.905294903], [-194.160470893, 65.776841405], [-291.222516681, 98.61537405600001], [-388.240998004, 131.451773366], [-485.220031872, 164.348671147], [-582.260776547, 197.281973383], [-679.3570471979999, 230.187268286]]]}}, {"type": "Feature", "properties": {"name": "Pearland Area", "__uuid": "afe21968-5e34-4f6c-be7b-f962e669b47d", "market_name": "Houston-Sugar Land-Baytown, TX", "submarket_name": "South Outskirts", "neighborhood_name": "Pearland Area"}, "geometry": {"type": "Polygon", "coordinates": [[[-95.386044552, 29.596679706], [-190.789944698, 59.072149847999995], [-286.209637691, 88.51473727999999], [-381.636883785, 117.89571570799998], [-476.954266597, 147.129399378], [-572.0313234820001, 176.317534409], [-666.9751711380001, 205.618305464], [-762.026389028, 235.037326473], [-857.1609553540001, 264.554667143], [-952.368437272, 294.158432778], [-1047.581985838, 323.75962786], [-1142.96803039, 353.356307566]]]}}, {"type": "Feature", "properties": {"name": "abq acres", "__uuid": "b07499db-9ed2-44ee-a49c-ed2f04e1fe5b", "market_name": "Albuquerque, NM ", "submarket_name": "east journal ", "neighborhood_name": "abq acres"}, "geometry": {"type": "Polygon", "coordinates": [[[-106.577339172, 35.204672293], [-213.160514831, 70.379322511], [-319.750615812, 105.52481447], [-426.346837736, 140.666343373], [-532.95543374, 175.799021942], [-639.556643703, 210.930244424], [-746.128921906, 246.062084222], [-852.67360817, 281.19357557300003], [-959.190522538, 316.32471620200005], [-1065.6874704269999, 351.45597488300007], [-1172.184294946, 386.58055446800006], [-1278.6732327089999, 421.7046872970001], [-1385.1616512879998, 456.8324584710001], [-1491.6421734439998, 491.9613528120001], [-1598.122352277, 527.1028817150001], [-1704.597381269, 562.2477795030001], [-1811.072410261, 597.40250241], [-1917.55327574, 632.599038975], [-2024.0492474199998, 667.793050493], [-2130.5568920729997, 702.994636916], [-2237.075523054, 738.195101175], [-2343.6061703319997, 773.3969681359999], [-2450.1557003609996, 808.599115635], [-2556.7203365909995, 843.8009825959999], [-2663.2976757629995, 879.005654889]]]}}, {"type": "Feature", "properties": {"name": "pawtucket", "__uuid": "b09915ce-d1e0-475c-8ae5-9add0103d120", "market_name": "Providence-New Bedford-Fall River, RI-MA", "submarket_name": "north pro", "neighborhood_name": "pawtucket"}, "geometry": {"type": "Polygon", "coordinates": [[[-71.455275335, 41.922809128], [-142.900921627, 83.82206344599999], [-214.339250634, 125.71386782799999], [-285.76943717300003, 167.58193265], [-357.19588084000003, 209.450203591], [-428.60968914200004, 251.321364387], [-500.020322146, 293.17798696799997], [-571.4143265590001, 335.029531859], [-642.8058238030001, 376.88567880999994], [-714.1614925990001, 418.73316724899996], [-785.5045074470002, 460.57973864999997], [-856.8388805290001, 502.44212790999995], [-928.1795133910001, 544.3208251809999], [-999.5185554930001, 586.2188769339999], [-1070.900829029, 628.111466516], [-1142.282723664, 670.064780016], [-1213.6841671700001, 712.015494187], [-1285.1054793560002, 753.966305116], [-1356.5546902130002, 795.905171584], [-1428.009965548, 837.827980712]]]}}, {"type": "Feature", "properties": {"name": "vista ", "__uuid": "b1084193-9a78-4441-b3dd-c0dc8592dcb5", "market_name": "San Diego-Carlsbad-San Marcos, CA", "submarket_name": "north valley ", "neighborhood_name": "vista "}, "geometry": {"type": "Polygon", "coordinates": [[[-117.2774574, 33.242610671], [-234.54879875199998, 66.483089983], [-351.809437018, 99.719306422], [-469.073133309, 132.945291115], [-586.328165198, 166.161469262], [-703.584216428, 199.371251244], [-820.838228975, 232.572077809], [-938.093260864, 265.765227573], [-1055.358486167, 298.958377337], [-1172.6451176399999, 332.14171687600003], [-1289.9419425279998, 365.32462985800004], [-1407.2504898419998, 398.504130314], [-1524.5768756309997, 431.684483914], [-1641.8996937249997, 464.854599238], [-1759.2143570879996, 498.00999494399997], [-1876.4913048179997, 531.1515220819999], [-1993.7576503059997, 564.2811612369999], [-2111.0167595599996, 597.4124455659999], [-2228.2692430949996, 630.5424494589998], [-2345.51459124, 663.6733069779998], [-2462.751784653, 696.8033108709998], [-2579.97725564, 729.9341683899997], [-2697.1915138709996, 763.0675867359997], [-2814.3986367119996, 796.1992978719998], [-2931.5960758089996, 829.3480796119998], [-3048.8016696379996, 862.5036886629998], [-3166.0154181979997, 895.6703909619998], [-3283.2255990629997, 928.8434925729998], [-3400.4311928919997, 962.0183005889999], [-3517.634238367, 995.2012135709998], [-3634.832187135, 1028.3862593149997], [-3752.035742281, 1061.5977469869997], [-3869.252548865, 1094.8215999159997], [-3986.479039193, 1128.0514216539998], [-4103.706039192, 1161.2978686409997], [-4220.943232605, 1194.5558235629996], [-4338.185522726, 1227.8099426749995], [-4455.4339288950005, 1261.0640617869994], [-4572.694567161, 1294.3181808989993], [-4689.972024561001, 1327.5607915699993]]]}}, {"type": "Feature", "properties": {"name": "Clinton", "__uuid": "b111d523-2f07-4b74-87f4-de3172a051b9", "market_name": "Washington-Arlington-Alexandria, DC-VA-MD-WV", "submarket_name": "South Maryland", "neighborhood_name": "Clinton "}, "geometry": {"type": "Polygon", "coordinates": [[[-76.933714272, 38.821937092], [-153.864186657, 77.570126345], [-230.78908289700001, 116.19128869100001], [-307.484639538, 154.69218128], [-384.192555798, 193.38894589400002], [-461.067326916, 232.13713871800002], [-538.001041188, 270.95907581]]]}}, {"type": "Feature", "properties": {"name": "sunny slope", "__uuid": "b165ca7a-e2b7-49c1-9592-b967da4998b7", "market_name": "Phoenix-Mesa-Glendale, AZ ", "submarket_name": "north mountain ", "neighborhood_name": "sunny slope"}, "geometry": {"type": "Polygon", "coordinates": [[[-112.112100019, 33.670926739], [-224.228951826, 67.30041219], [-336.346146955, 100.86841517600001], [-448.458535566, 134.421541404], [-560.5712675, 167.965797576], [-672.682626143, 201.475709464], [-784.728285785, 234.985741067], [-896.772428074, 268.515432542], [-1008.814104959, 302.05041851199996], [-1120.857049749, 335.59209700299994], [-1232.895191304, 369.14379248999995], [-1344.9342312850001, 402.70610754399996], [-1456.96490908, 436.272394112], [-1568.990093711, 469.84325772], [-1681.0108151470001, 503.416981854], [-1793.025411104, 536.9929333910001], [-1905.035040148, 570.5771323580001], [-2017.045461901, 604.1954684300001], [-2129.050733813, 637.8255256050002], [-2241.054975756, 671.4630148480002], [-2353.0571577630003, 705.1065064470001], [-2465.0601237990004, 738.7651953980002], [-2577.0619886240006, 772.4353040110002], [-2689.0878631810006, 806.1097328200002], [-2801.1365887600004, 839.7794270900002], [-2913.2486887790005, 873.4503538290003]]]}}, {"type": "Feature", "properties": {"name": "Powder Springs", "__uuid": "b2335a42-5601-4eaa-9288-1639e7a0676a", "market_name": "Atlanta-Sandy Springs-Marietta, GA", "submarket_name": "West Marietta", "neighborhood_name": "Powder Springs "}, "geometry": {"type": "Polygon", "coordinates": [[[-84.499962453, 33.762000416], [-168.983062875, 67.524034513], [-253.4545209, 101.285309432], [-337.926207208, 135.056452928], [-422.360690018, 168.84841859099998], [-506.773375127, 202.63182144899997], [-591.167915052, 236.40438463499999], [-675.562226695, 270.202785102], [-760.025707868, 304.090750615], [-844.5855241610001, 338.101698496], [-929.1506144110001, 372.14837399199996], [-1013.7509575760001, 406.20710553199996], [-1098.3809774310002, 440.28934287999994], [-1183.1202235940002, 474.37286923499994], [-1267.8973646150002, 508.27475060399996], [-1352.5354597880003, 542.073310386], [-1437.1396440710002, 575.852072516], [-1521.6396065240003, 609.614072932]]]}}, {"type": "Feature", "properties": {"name": "Taylor", "__uuid": "b303d1db-e193-46e8-8604-baf7c78d7a82", "market_name": "Detroit-Warren-Livonia, MI", "submarket_name": "South Detroit", "neighborhood_name": "Taylor"}, "geometry": {"type": "Polygon", "coordinates": [[[-83.326260405, 41.99945558], [-166.592199333, 83.929908522], [-249.775279088, 125.96953394600001], [-332.915934947, 168.07395467100002], [-416.05526505899996, 210.30697211100002], [-499.207843564, 252.54261800700002], [-582.381302581, 294.782190042], [-665.577630729, 337.028386881], [-748.83777978, 379.295296424], [-832.130911699, 421.55600194], [-915.4429238609999, 463.803098982], [-998.85455437, 506.025968692], [-1082.276172019, 548.245653982], [-1165.6637584179998, 590.451104732], [-1249.0486933239997, 632.608663159], [-1332.4286566789997, 674.753198428], [-1415.8086200339997, 716.886428408], [-1499.1855259509996, 759.0043598880001], [-1582.5617689949995, 801.108030553], [-1665.9373491659994, 843.1952235240001], [-1749.3079577859994, 885.2765129960001], [-1832.6692861789993, 927.34254922], [-1916.0226600909994, 969.39677396], [-1999.3743767979993, 1011.4426309620001], [-2082.7260935049994, 1053.468794682], [-2166.0552725169996, 1095.469101709], [-2249.3815329219997, 1137.4685572889998]]]}}, {"type": "Feature", "properties": {"name": "Kettering ", "__uuid": "b313c535-b377-40a1-9012-b0805cbb87e5", "market_name": "Washington-Arlington-Alexandria, DC-VA-MD-WV", "submarket_name": "East Maryland", "neighborhood_name": "Kettering "}, "geometry": {"type": "Polygon", "coordinates": [[[-76.677703857, 38.955404206], [-153.614636644, 77.87637195299999], [-230.522710069, 116.76900809499999], [-307.237836107, 155.585446774], [-383.915539964, 194.54085098]]]}}, {"type": "Feature", "properties": {"name": "Sunnyside - SE Houston", "__uuid": "b33b6053-da20-4ab3-82bb-e6872e3a458d", "market_name": "Houston-Sugar Land-Baytown, TX", "submarket_name": "South East Houston", "neighborhood_name": "Sunnyside - SE Houston"}, "geometry": {"type": "Polygon", "coordinates": [[[-95.329742432, 29.688947515], [-190.686543983, 59.368336455999994], [-286.068555316, 89.048613701], [-381.45597160200003, 118.709371799], [-476.84329946500003, 148.30823261999998], [-572.196387844, 177.90736567599998], [-667.497291164, 207.508289836], [-762.827033596, 237.19723735099998]]]}}, {"type": "Feature", "properties": {"name": "Sheridan", "__uuid": "b34ad23a-dc5a-402b-8452-63525808bee5", "market_name": "Denver-Aurora-Broomfield, CO", "submarket_name": "southwest den", "neighborhood_name": "Sheridan"}, "geometry": {"type": "Polygon", "coordinates": [[[-105.166296269, 39.635807041], [-210.318328518, 79.25408431], [-315.474144244, 118.85767972599999], [-420.623483683, 158.451641425], [-525.764790638, 198.02974277299998], [-630.891674673, 237.58155565899997], [-736.00284319, 277.133789955], [-841.096189479, 316.688213052], [-946.180992933, 356.24197771599995], [-1051.24845318, 395.80661251699996], [-1156.2942029370001, 435.37394810899997], [-1261.3311771940002, 474.935552435], [-1366.3644054760002, 514.500302285], [-1471.3854363140003, 554.0958093639999], [-1576.4077782200004, 593.709292733], [-1681.4186633170004, 633.338066101], [-1786.4204947690005, 672.989076276], [-1891.4297018080006, 712.642350791], [-1996.4531687160006, 752.2932227480001], [-2101.4910020010007, 791.9468715600001], [-2206.568951368001, 831.5985463630001], [-2311.660277630001, 871.2522791600001], [-2416.776713700001, 910.9052792340001], [-2521.914755007001, 950.545257134], [-2627.0810512760013, 990.1810641750001]]]}}, {"type": "Feature", "properties": {"name": "Far_rockaway", "__uuid": "b39e91c2-4871-4b09-8705-1297833d964a", "market_name": "New York-Northern New Jersey-Long Island, NY-NJ-PA", "submarket_name": "NYC", "neighborhood_name": "Far_rockaway"}, "geometry": {"type": "Polygon", "coordinates": [[[-73.94831096, 40.569038427], [-147.88991072599998, 81.10570197999999], [-221.64770538699997, 121.685476467], [-295.40451468699996, 162.27231279400002], [-369.14924471399996, 202.865742887], [-442.88668372899997, 243.459982752], [-516.624960136, 284.064289026], [-590.36785233, 324.67351417199995], [-664.112326474, 365.28518877999994], [-737.853483566, 405.9058941779999], [-811.594476195, 446.53293642499995], [-885.3322135039999, 487.16312273099993], [-959.0829339229999, 527.7986429759999], [-1032.8380778639998, 568.4358693479999], [-1106.5960699739999, 609.0633400629998], [-1180.388838487, 649.6828360119998], [-1254.2126387829999, 690.3271833509998], [-1328.0629178979998, 730.9689324819998], [-1401.9379818369998, 771.5555412039998], [-1475.886292797, 812.1245796309998]]]}}, {"type": "Feature", "properties": {"name": "sheilds", "__uuid": "b3ab108e-390a-458e-a7d0-6c68825bd130", "market_name": "Fresno, CA", "submarket_name": "nw fresno ", "neighborhood_name": "shields"}, "geometry": {"type": "Polygon", "coordinates": [[[-119.948532562, 36.852706005], [-240.00450793, 73.703827151], [-360.062289638, 110.511834205], [-480.123124514, 147.24691239], [-600.039028637, 183.983008308], [-719.893345348, 220.721067042], [-839.735989086, 257.459676037], [-959.557690136, 294.198835289], [-1079.373862612, 330.939848269], [-1199.192993156, 367.68246338], [-1319.018127433, 404.431801676], [-1438.858195806, 441.20490374900004], [-1558.711139226, 477.989720582], [-1678.5691365829998, 514.778907888], [-1798.4328910509998, 551.570708127], [-1918.3300879509998, 588.385600499], [-2038.2530908659999, 625.2226499430001], [-2158.201623428, 662.075355948]]]}}, {"type": "Feature", "properties": {"name": "North Dallas", "__uuid": "b448b227-032c-455e-a701-f07614db13cf", "market_name": "Dallas-Fort Worth-Arlington, TX", "submarket_name": "Dallas", "neighborhood_name": "North Dallas"}, "geometry": {"type": "Polygon", "coordinates": [[[-96.668186188, 32.867692885], [-193.420973655, 65.791219845], [-290.247467718, 98.717878877], [-387.14507216100003, 131.62557909], [-484.046956914, 164.436099995], [-580.945523697, 197.243870493], [-677.771388268, 230.084416527], [-774.535389798, 262.952423217], [-871.2490662509999, 295.80461509099996], [-967.9519709519999, 328.63852671199993], [-1064.62015714, 361.5062195969999]]]}}, {"type": "Feature", "properties": {"name": "Parkwood-Union Hill", "__uuid": "b50d2ba0-9198-4e51-b0d4-95d12a94de98", "market_name": "Nashville-Davidson--Murfreesboro--Franklin, TN", "submarket_name": "Outskirts", "neighborhood_name": "Parkwood-Union Hill"}, "geometry": {"type": "Polygon", "coordinates": [[[-86.87713623, 36.504117001], [-173.721313476, 72.91821628299999], [-260.55381774800003, 109.25878814199999], [-347.36263275000005, 145.562016868], [-434.1687011700001, 181.84739756], [-520.9625816330001, 218.11880135899997], [-607.7454757680001, 254.36971964699998], [-694.5300865160001, 290.609562449], [-781.2934112540001, 326.852312718], [-868.0452346790001, 363.09478609], [-954.7790336600001, 399.372832685], [-1041.520042419, 435.666376938], [-1128.254356384, 472.018839519], [-1214.9406051629999, 508.351944183], [-1301.6309738149998, 544.763971276], [-1388.3124160759999, 581.1780705580001], [-1474.954032897, 617.6435424450001], [-1561.640968322, 654.1945597340001], [-1648.452186584, 690.7483349770001], [-1735.3293228139999, 727.2524519780002]]]}}, {"type": "Feature", "properties": {"name": "Round Rock", "__uuid": "b5ad0974-1342-44b8-80cf-eb408683cb8d", "market_name": "Austin-Round Rock-San Marcos, TX", "submarket_name": "North Austin Suburbs", "neighborhood_name": "Round Rock"}, "geometry": {"type": "Polygon", "coordinates": [[[-97.738494873, 30.380576157], [-195.46806335399998, 60.78425158], [-293.177719116, 91.198290283], [-390.874671936, 121.64666798900001], [-488.57711792000003, 152.124046808], [-586.208839417, 182.613852032], [-683.8021087650001, 213.08915962900002], [-781.3778686530001, 243.59967200200003], [-878.9539718630001, 274.154246336], [-976.5479278570001, 304.745178903], [-1074.3643569950002, 335.270775136], [-1172.1631050110002, 365.740608578], [-1269.9489814940002, 396.182731516], [-1367.6974327270002, 426.60713239899997], [-1465.44674273, 457.00038958299996], [-1563.1852376030001, 487.38096573999997]]]}}, {"type": "Feature", "properties": {"name": "Cruton_on_Hudson", "__uuid": "b5ce28b4-6f88-447a-8f9e-2c8f34cb0ed1", "market_name": "New York-Northern New Jersey-Long Island, NY-NJ-PA", "submarket_name": "North_NY", "neighborhood_name": "Cruton_on_Hudson"}, "geometry": {"type": "Polygon", "coordinates": [[[-73.953094482, 41.296896698], [-147.92678833, 82.553542603], [-221.886062622, 123.798314946], [-295.819244385, 165.017784244], [-369.698181153, 206.130770364], [-443.426742554, 247.234443909], [-517.114105225, 288.355189499], [-590.778808594, 329.641251886], [-664.731903076, 370.93814858400003]]]}}, {"type": "Feature", "properties": {"name": "South Dallas", "__uuid": "b72d0f46-33e2-4be7-ac60-c98cbde7dbcb", "market_name": "Dallas-Fort Worth-Arlington, TX", "submarket_name": "Dallas", "neighborhood_name": "South Dallas"}, "geometry": {"type": "Polygon", "coordinates": [[[-96.948513959, 32.671581116], [-193.772091815, 65.314580602], [-290.50557038200003, 97.97940452], [-387.24105729900003, 130.701349776], [-484.00858580700003, 163.44217942], [-580.774524688, 196.188192481], [-677.5893275230001, 228.950762764], [-774.442782875, 261.751101888], [-871.343753298, 294.557404068], [-968.2431206900001, 327.36556497799995], [-1065.164879378, 360.17815810499997], [-1162.084900103, 392.90001940999997], [-1259.033414062, 425.571600526]]]}}, {"type": "Feature", "properties": {"name": "Carrollton-Richardson", "__uuid": "b7ed743e-ec22-4bd7-9ad3-564ca5247317", "market_name": "Dallas-Fort Worth-Arlington, TX", "submarket_name": "North Dallas Suburbs", "neighborhood_name": "Carrollton-Richardson"}, "geometry": {"type": "Polygon", "coordinates": [[[-96.897697449, 32.908126952], [-193.72501373300003, 65.835563485], [-290.47748565700005, 98.760118259], [-387.14412689200003, 131.628171601], [-483.78742218, 164.59306246699998], [-580.46333313, 197.594528008], [-677.17288971, 230.598296958], [-773.940467835, 263.596883153], [-870.728274076, 296.60945042500003], [-967.552480801, 329.623256104], [-1064.398679837, 362.636238089], [-1161.264791592, 395.623017982], [-1258.196477993, 428.603462136], [-1355.1357174949999, 461.515336052], [-1452.0334149439998, 494.42346300400004]]]}}, {"type": "Feature", "properties": {"name": "North Lake Travis", "__uuid": "b849d299-340f-4f2c-8076-faba8b543769", "market_name": "Austin-Round Rock-San Marcos, TX", "submarket_name": "Lake Travis", "neighborhood_name": "North Lake Travis"}, "geometry": {"type": "Polygon", "coordinates": [[[-98.136136813, 30.483557003], [-196.22560731, 60.983694119000006], [-294.304203976, 91.474898661], [-392.395036969, 121.94437884999999], [-490.454255361, 152.40769557], [-588.510156562, 182.86006842299997], [-686.573848777, 213.29940094599996], [-784.6325552119999, 243.73310431099998], [-882.6789640239999, 274.172784176], [-980.698203921, 304.655207472], [-1078.704116572, 335.13791661799996], [-1176.702346505, 365.59528125199995], [-1274.734449048, 396.03051374499995], [-1372.771256474, 426.44984564699996], [-1470.790196383, 456.86527025899994], [-1568.776673732, 487.28109459899997], [-1666.763772716, 517.684875034], [-1764.7807285919998, 548.067144601], [-1862.791685798, 578.440272928], [-1960.750040119, 608.829545467], [-2058.694579779, 639.226304473], [-2156.6434265499997, 669.660976711], [-2254.5701788939996, 700.080105195], [-2352.472012081, 730.475448875], [-2450.3859130009996, 760.864474787], [-2548.2981291879996, 791.2243161839999], [-2646.232396777, 821.5573359099999], [-2744.157422148, 851.8826737089998], [-2842.068941578, 882.2133612519998], [-2939.9618628579997, 912.5560652559998], [-3037.8374660799996, 942.9013796729998], [-3135.6995092109996, 973.2548706899998], [-3233.525734686, 1003.7114558129998], [-3331.45511701, 1034.2311370859998], [-3429.489568377, 1064.7877051729997], [-3527.609151507, 1095.3600169329998], [-3625.7452883200003, 1125.8435739359998]]]}}, {"type": "Feature", "properties": {"name": "maricopa", "__uuid": "b84de8ad-71f3-4c38-bab0-4d62889f9db5", "market_name": "Phoenix-Mesa-Glendale, AZ", "submarket_name": "south phoenix", "neighborhood_name": "maricopa"}, "geometry": {"type": "Polygon", "coordinates": [[[-112.042109969, 33.290981186], [-224.17391788499998, 66.581504999], [-336.37665468, 99.714539675], [-448.604091654, 132.54951811], [-560.586301643, 165.377627997], [-672.52559691, 198.207455071], [-784.46080506, 231.087066116], [-896.318357998, 264.023293891], [-1008.073733026, 297.02467182], [-1119.916981057, 330.144225774], [-1231.839927858, 363.362993265], [-1343.790121905, 396.615768499], [-1455.764557902, 429.865585539], [-1567.747905755, 463.109560939], [-1679.7900157239999, 496.400542125]]]}}, {"type": "Feature", "properties": {"name": "west meadows", "__uuid": "b895027d-26c5-43ce-bd06-69a5d6a18c3a", "market_name": "Bakersfield-Delano, CA", "submarket_name": "ne outskirts ", "neighborhood_name": "west meadows "}, "geometry": {"type": "Polygon", "coordinates": [[[-119.198538763, 35.441478609], [-238.37049126300002, 70.861132571], [-357.49562019300004, 106.280948219], [-476.60745599100005, 141.694296182], [-595.71730774, 177.10748244599998], [-714.82041372, 212.52147720099998], [-833.9199484110001, 247.93563365299997], [-953.011745309, 283.34833481899994], [-1072.06683729, 318.760712584], [-1191.12669099, 354.177294454], [-1310.189123955, 389.601798849], [-1429.260881953, 425.031638383], [-1548.335616025, 460.466974356], [-1667.410689193, 495.92243093999997], [-1786.609227956, 531.363909549]]]}}, {"type": "Feature", "properties": {"name": "New Brighton", "__uuid": "b9c74ed1-60bc-4a0d-9214-d19de3027eca", "market_name": "Minneapolis-St. Paul-Bloomington, MN-WI", "submarket_name": "Downtown Minneapolis New Brighton", "neighborhood_name": "New Brighton "}, "geometry": {"type": "Polygon", "coordinates": [[[-93.258804863, 44.983039637], [-186.499323181, 89.961178472], [-279.73670757, 134.932434449], [-372.96367262900003, 179.90063381], [-466.16524406900004, 224.85251579799998], [-559.3703859560001, 269.851833624], [-652.5587995510001, 314.868713093], [-745.7365486370002, 359.948722235], [-838.9272402910002, 405.036915762], [-932.1155484560002, 450.132284311], [-1025.3043062560002, 495.247666111], [-1118.5049885510002, 540.365029753], [-1211.7200943920002, 585.490319226], [-1304.9473185540003, 630.62233592], [-1398.2151036180003, 675.767407307], [-1491.5038353200002, 720.90646111], [-1584.8025169690002, 766.035442362], [-1678.094117131, 811.102257266], [-1771.378149678, 856.097370104], [-1864.645677966, 901.089252411], [-1957.904482829, 946.072292048]]]}}, {"type": "Feature", "properties": {"name": "West Fort Worth", "__uuid": "ba56cd7b-7cef-44ea-be98-1a233ac50db4", "market_name": "Dallas-Fort Worth-Arlington, TX", "submarket_name": "Fort Worth", "neighborhood_name": "West Fort Worth"}, "geometry": {"type": "Polygon", "coordinates": [[[-97.402891753, 32.712960058], [-194.77197134300002, 65.44335691], [-292.14551412900005, 98.175486613], [-389.54720938, 130.907905121], [-486.959547637, 163.67122038600002], [-584.345450042, 196.457629028], [-681.764011178, 229.26398502], [-779.212840934, 262.09040852100003], [-876.694455895, 294.866190236], [-974.2169278370001, 327.587875784], [-1071.7374769950002, 360.283146173], [-1169.2399989670002, 392.923791668], [-1266.6474671190003, 425.610028266], [-1364.0503588720003, 458.322988324]]]}}, {"type": "Feature", "properties": {"name": "boca raton ", "__uuid": "bb0d41ca-8d1a-41b1-a431-96a71b4a4499", "market_name": "Miami-Fort Lauderdale-Pompano Beach, FL", "submarket_name": "North Beaches", "neighborhood_name": "boca raton "}, "geometry": {"type": "Polygon", "coordinates": [[[-80.298772507, 26.302488947], [-160.474102752, 52.609645105], [-240.54508904199997, 78.915365069], [-320.58850584099997, 105.455560183], [-400.81960020099996, 131.99188301200002], [-481.11792434599994, 158.34607812200002], [-561.416696853, 184.64856706900002]]]}}, {"type": "Feature", "properties": {"name": "West Inner Loop-Montrose-Kirby", "__uuid": "bbaa0bae-3e94-4cb8-af63-8eb02769790a", "market_name": "Houston-Sugar Land-Baytown, TX", "submarket_name": "Houston Inner Loop", "neighborhood_name": "West Inner Loop-Montrose-Kirby"}, "geometry": {"type": "Polygon", "coordinates": [[[-95.365791321, 29.769145736], [-190.735530853, 59.545294591], [-286.112136841, 89.324125361], [-381.565875147, 119.104649616], [-477.02089641199996, 148.878365728], [-572.476649823, 178.644212739], [-667.931361737, 208.396519186], [-763.390415688, 238.126285484], [-858.830021401, 267.85593639], [-954.217442055, 297.588419519], [-1049.600056191, 327.32790832800003], [-1144.982498665, 357.07350807600005], [-1240.358499827, 386.8272899450001], [-1335.733045878, 416.5879418800001], [-1431.101068797, 446.3526172840001], [-1526.4668601179999, 476.12176302000006]]]}}, {"type": "Feature", "properties": {"name": "camelback east ", "__uuid": "bc3b0bf8-3af1-4a2c-aa4c-b81b092d3814", "market_name": "Phoenix-Mesa-Glendale, AZ ", "submarket_name": "ne phoenix", "neighborhood_name": "camelback east "}, "geometry": {"type": "Polygon", "coordinates": [[[-111.986732483, 33.509625628], [-224.030638431, 67.01869899100001], [-336.073795452, 100.52322900600001], [-448.117414182, 134.014744046], [-560.1587483010001, 167.50226904800002], [-672.1969382440001, 200.97481181400002], [-784.2344824940001, 234.437764463], [-896.2558905750001, 267.900430697], [-1008.2663123280001, 301.361378421], [-1120.270554271, 334.820607602], [-1232.263809886, 368.280123209], [-1344.251229014, 401.739638816], [-1456.237961497, 435.249264444]]]}}, {"type": "Feature", "properties": {"name": "downtown denver", "__uuid": "bc3e57a5-33a4-48a1-86de-edb19091874a", "market_name": "Denver-Aurora-Broomfield, CO", "submarket_name": "central den", "neighborhood_name": "downtown denver"}, "geometry": {"type": "Polygon", "coordinates": [[[-104.882210195, 39.855076504], [-209.96415431100002, 79.710047521], [-315.157304848, 119.42227437400001], [-420.35109889800003, 159.12360969300002], [-525.5384578210001, 198.81504212500002], [-630.7258167440001, 238.48616919800003], [-735.9060970270001, 278.14094859600004], [-841.0863773100001, 317.78680945100007], [-946.2525003140001, 357.4232550400001], [-1051.4004987310002, 397.0623163470001], [-1156.538950688, 436.7027264150001], [-1261.656166725, 476.3560194690001], [-1366.747642254, 516.0103034230001], [-1471.8256040160002, 555.662605564], [-1576.8836168840003, 595.315898618], [-1681.9203938320002, 634.970182572], [-1786.9436570130001, 674.621493785], [-1891.9534064270001, 714.2752822909999], [-1996.9547901760002, 753.9270889689999], [-2101.9503823110003, 793.5972253839999], [-2206.8456279160005, 833.2908404859999], [-2311.7592653390006, 872.9921220699998], [-2416.6728604810005, 912.7711003639998], [-2521.5758389450007, 952.5698497219998], [-2626.4594866830007, 992.3690424869999], [-2731.3416968780007, 1032.2241189909998]]]}}, {"type": "Feature", "properties": {"name": "Freeport", "__uuid": "be1bc7c7-c6c0-4d54-a6eb-94b65a4d7cdf", "market_name": "New York-Northern New Jersey-Long Island, NY-NJ-PA", "submarket_name": "Nassau_county", "neighborhood_name": "Freeport"}, "geometry": {"type": "Polygon", "coordinates": [[[-73.635725859, 40.68805093], [-147.290129546, 81.34981015299999], [-220.942301635, 122.009616091], [-294.599795226, 162.645196549], [-368.259005431, 203.275566077], [-441.920103911, 243.900984845], [-515.584141757, 284.516228892], [-589.254390507, 325.120636401], [-662.92487471, 365.716327922], [-736.581603157, 406.312056116], [-810.239838045, 446.891122335], [-883.8154685650001, 487.46437597199997], [-957.322603367, 528.054287932], [-1030.833498142, 568.716698237], [-1104.349644159, 609.383547253], [-1177.8646094570001, 650.055360738], [-1251.378329476, 690.74126561], [-1324.894804855, 731.429898813], [-1398.414454361, 772.1239440510001], [-1471.936028336, 812.8232038400001], [-1545.4664925079999, 853.5227153220002], [-1619.0009048919999, 894.2206650660002], [-1692.5440720059999, 934.9144499950002], [-1766.0935905909998, 975.6071936800001], [-1839.6495023389998, 1016.2970511130002], [-1913.217883935, 1056.9871129140001], [-1986.7933233879999, 1097.6776439010002], [-2060.37549714, 1138.3687243520003], [-2133.961922289, 1179.0598778290002], [-2207.558061587, 1219.7459093070001], [-2281.164461062, 1260.4306153500002], [-2354.779345754, 1301.1180917630002], [-2428.403516632, 1341.806458705], [-2502.035180441, 1382.4964920500001], [-2575.6709063000003, 1423.18454298]]]}}, {"type": "Feature", "properties": {"name": "mountain view", "__uuid": "be446321-f5c0-4017-a4bc-df758f250ab2", "market_name": "San Jose-Sunnyvale-Santa Clara, CA", "submarket_name": "north Sunnydale ", "neighborhood_name": "mountain view"}, "geometry": {"type": "Polygon", "coordinates": [[[-121.996403375, 37.388287486], [-244.06697600500001, 74.79542971500001], [-366.16202448900003, 112.21494279000001], [-488.280101321, 149.66034320400001], [-610.406480257, 187.094724616], [-732.538955415, 224.519635885], [-854.678610421, 261.936033939], [-976.8236091150001, 299.346430971], [-1098.9743778250001, 336.750587343], [-1221.128081942, 374.149901421], [-1343.2838662020001, 411.54493847099997], [-1465.444516726, 448.93371083799997], [-1587.600383999, 486.31964114799996], [-1709.748834346, 523.692605664], [-1831.88467592, 561.055549621], [-1954.0079087210001, 598.416725106], [-2076.126691366, 635.771415834], [-2198.23360693, 673.121390023], [-2320.330880491, 710.464288849], [-2442.409611739, 747.795983652], [-2564.477907539, 785.126658582], [-2686.532162933, 822.45599443], [-2808.556044554, 859.788423243], [-2930.553858159, 897.10906057], [-3052.550261534, 934.497348056]]]}}, {"type": "Feature", "properties": {"name": "quincy", "__uuid": "be4b7049-2bf5-4fc7-ba92-1055589da3b4", "market_name": "Boston-Cambridge-Quincy, MA-NH", "submarket_name": "se coast ", "neighborhood_name": "quincy "}, "geometry": {"type": "Polygon", "coordinates": [[[-70.955447083, 42.284480347], [-141.929208151, 84.548859128], [-212.92387362600002, 126.815094317], [-283.91932696000003, 169.08869639], [-354.93656919500006, 211.367306234], [-425.9457227120001, 253.657221305], [-496.94451622700007, 295.957528755], [-567.956849504, 338.264396644], [-638.99881041, 380.566831306], [-710.0340336620001, 422.853025088], [-781.0863953, 465.126066638], [-852.1564232750001, 507.372456825], [-923.227031491, 549.589395443], [-994.304110559, 591.7922870729999], [-1065.369265698, 633.9458624109999], [-1136.425373522, 676.0485401209999], [-1207.462322632, 718.1510748849998], [-1278.481717533, 760.2612090809998], [-1349.4985671119998, 802.3531180369998], [-1420.4483512059999, 844.4577651209999], [-1491.318946657, 886.6143848569999], [-1562.20407304, 928.7902114659998], [-1633.086690894, 970.9883426259998], [-1703.972653453, 1013.2062934459998], [-1774.859452188, 1055.4366283959998], [-1845.746250923, 1097.6842970469997], [-1916.636591702, 1139.9432981929997], [-1987.528131337, 1182.2090400349996], [-2058.4537617240003, 1224.4727880459996], [-2129.409208807, 1266.7572683929995]]]}}, {"type": "Feature", "properties": {"name": "Far East Austin Outskirts", "__uuid": "bed36e62-5ff6-447e-86a5-ad74bcc784ac", "market_name": "Austin-Round Rock-San Marcos, TX", "submarket_name": "East Austin", "neighborhood_name": "Far East Austin Outskirts"}, "geometry": {"type": "Polygon", "coordinates": [[[-97.671203613, 30.325471259], [-195.332450866, 60.64264447], [-292.992668151, 90.941737358], [-390.665588378, 121.202880368], [-488.355674743, 151.448602049], [-586.037178039, 181.673560426], [-683.715248107, 211.896738888], [-781.33907318, 242.092027797], [-878.961524962, 272.31698617399996], [-976.555137633, 302.58821105199996], [-1074.124031066, 332.89026815599993], [-1171.716270446, 363.2296667009999], [-1269.339408874, 393.5598793859999], [-1367.010612487, 423.8853506449999]]]}}, {"type": "Feature", "properties": {"name": "East_suffolk", "__uuid": "bfedaddf-b307-4bbd-81eb-3742007248e3", "market_name": "New York-Northern New Jersey-Long Island, NY-NJ-PA", "submarket_name": "Suffolk_county", "neighborhood_name": "East_suffolk"}, "geometry": {"type": "Polygon", "coordinates": [[[-73.081054688, 40.983008252], [-146.09893798899998, 81.63447953299999], [-218.79684448299997, 122.383817263], [-291.581268311, 163.38807450299998], [-364.66232299899997, 204.37108275499997]]]}}, {"type": "Feature", "properties": {"name": "Beverly_Hills", "__uuid": "bff06dbd-0f24-411b-a9ce-b15ebb39aaa4", "market_name": "Los Angeles-Long Beach-Santa Ana, CA", "submarket_name": "Hollywood", "neighborhood_name": "Beverly_Hills"}, "geometry": {"type": "Polygon", "coordinates": [[[-118.421115875, 34.076976484], [-236.848754883, 68.13219592499999], [-355.254421234, 102.16209622099998], [-473.649272919, 136.191711989], [-592.029361725, 170.229151922], [-710.4046440129999, 204.266449604], [-828.767566681, 238.301328981], [-947.11812973, 272.336492868], [-1065.461654663, 306.391427866], [-1183.805179596, 340.453189227], [-1302.130680084, 374.515092798], [-1420.457382202, 408.591073984], [-1538.802108764, 442.667197356], [-1657.14975357, 476.777864895], [-1775.51782608, 510.885405559], [-1893.9116477960001, 544.978305225], [-2012.3130226130002, 579.065234049], [-2130.718941645, 613.151754795], [-2249.132924945, 647.231972168], [-2367.55404082, 681.308948652]]]}}, {"type": "Feature", "properties": {"name": "hollister", "__uuid": "c02bc930-f869-45a3-8858-178c433ce692", "market_name": "San Jose-Sunnyvale-Santa Clara, CA", "submarket_name": "south outskirts ", "neighborhood_name": "hollister"}, "geometry": {"type": "Polygon", "coordinates": [[[-121.266396556, 36.685710797], [-242.52633602100002, 73.431630098], [-363.880252298, 110.367921013], [-485.262352892, 147.337402588], [-606.6741211870001, 184.277843544], [-728.1177822620001, 221.221249172], [-849.5892533890001, 258.15297686], [-971.1139755680001, 295.10296509100004], [-1092.6547495280001, 332.06516989400006], [-1214.206077472, 369.0236757420001], [-1335.7587673520002, 405.9599667340001], [-1457.3029277670003, 442.8787594500001], [-1578.8593261090002, 479.7883550810001], [-1700.4140556430002, 516.6773380810001], [-1821.9789834500002, 553.5563858070001], [-1943.5539241060003, 590.425659158], [-2065.1333149170005, 627.28484458], [-2186.6753752620007, 664.120189517], [-2308.1948207640007, 700.923574609], [-2429.6181936400008, 737.691213157], [-2550.8987117310007, 774.357061725], [-2672.1651082870007, 811.042772522]]]}}, {"type": "Feature", "properties": {"name": "the lakes ", "__uuid": "c02cfdd4-4a96-4e31-a329-8479153a5088", "market_name": "Las Vegas-Paradise, NV", "submarket_name": "summerlin south ", "neighborhood_name": "the lakes "}, "geometry": {"type": "Polygon", "coordinates": [[[-115.360011335, 36.155698033], [-230.711650129, 72.31131586699999], [-346.056422468, 108.46499324299998], [-461.398448225, 144.61118554599997], [-576.741160627, 180.75432817099997], [-692.084216352, 216.89192562099998], [-807.427272077, 253.025641216], [-922.769641157, 289.155474764], [-1038.110980268, 325.280871451], [-1153.447856184, 361.402663005], [-1268.7833588090002, 397.520294583], [-1384.1161148510002, 433.63543007], [-1499.4481842480002, 469.747237312], [-1614.7778503860002, 505.856825646], [-1730.1061432330002, 541.964195009], [-1845.4344360800003, 578.067681022], [-1960.7596390220003, 614.168393096], [-2076.095141647, 650.263556998], [-2191.4265243980003, 686.351785134], [-2306.752757308, 722.433354359], [-2422.0752136680003, 758.5102065149999], [-2537.3921768640002, 794.582341318], [-2652.709522261, 830.64668834], [-2767.997494585, 866.710097565], [-2883.2800230959997, 902.7718222799999], [-2998.560513946, 938.8347131129999], [-3113.839901589, 974.9005144789999], [-3229.04906144, 1010.9684866769999], [-3344.257099637, 1047.0365851689999], [-3459.46522952, 1083.1062224349998], [-3574.672672757, 1119.2355013889999], [-3689.8979687779997, 1155.3642257449999], [-3805.140774259, 1191.4948911759998], [-3920.384843613, 1227.6534505679997], [-4035.744122517, 1263.8122408379998], [-4151.104133852, 1299.9679388709997]]]}}, {"type": "Feature", "properties": {"name": "Miami Beach", "__uuid": "c0d1a78d-677b-4102-b05b-18abf7f5c108", "market_name": "Miami-Fort Lauderdale-Pompano Beach, FL", "submarket_name": "central miami", "neighborhood_name": "Miami Beach"}, "geometry": {"type": "Polygon", "coordinates": [[[-80.182602545, 25.790031721], [-160.363641307, 51.546938776999994], [-240.532341243, 77.30849323999999], [-320.68140221699997, 103.06721819699999], [-400.81661872099994, 128.818638486], [-480.93985343099996, 154.569979557], [-561.057450883, 180.416129869], [-641.175869769, 206.34634508], [-721.305557132, 232.276706423], [-801.43468845, 258.199878936], [-881.5608830169999, 284.119263798], [-961.6896081089999, 310.024378511], [-1041.8260201839998, 335.92672548], [-1121.9793864049998, 361.80975879], [-1202.1407474459998, 387.687247464], [-1282.3029418079998, 413.555874776], [-1362.4712660789999, 439.422284799], [-1442.6382382519998, 465.238651241], [-1522.8126797599998, 491.05461778], [-1602.9952823049998, 516.844649501]]]}}, {"type": "Feature", "properties": {"name": "casa grande ", "__uuid": "c1ac7c61-883c-4b2b-aa58-5abe233c65aa", "market_name": "Phoenix-Mesa-Glendale, AZ ", "submarket_name": "west florence ", "neighborhood_name": "casa grande"}, "geometry": {"type": "Polygon", "coordinates": [[[-111.839447021, 33.118000038], [-223.592376709, 66.119753508], [-335.45205020000003, 99.05226300300001], [-447.38556765600003, 131.92954353000002], [-559.323194111, 164.75780759900002], [-671.188733662, 197.58432672700002], [-782.908719945, 230.404947026], [-894.4240702870001, 263.129856293], [-1005.94079392, 296.017516255], [-1117.4575175530001, 328.958207674], [-1228.8080729730002, 361.933467703], [-1340.1902140860002, 394.95134372200005], [-1451.5559195260003, 428.0678809980001], [-1563.0854989090003, 461.1831756810001], [-1674.6270869680004, 494.3017833570001], [-1786.1820410170003, 527.419493811], [-1897.9281042490004, 560.547845003], [-2009.7675512700005, 593.665845041]]]}}, {"type": "Feature", "properties": {"name": "santa clara ", "__uuid": "c2af1154-1f06-40af-967a-3f0d96264f9b", "market_name": "San Jose-Sunnyvale-Santa Clara, CA", "submarket_name": "downtown san j ", "neighborhood_name": "santa clara "}, "geometry": {"type": "Polygon", "coordinates": [[[-122.11730595, 37.445874775], [-244.211262241, 74.865119929], [-366.28116580899996, 112.27245255700001], [-488.27621995299995, 149.66113900800002], [-610.27330544, 186.98116726], [-732.263814512, 224.297169086], [-854.24362876, 261.613755483], [-976.215285882, 298.928048619], [-1098.156802146, 336.244567445], [-1220.076748296, 373.559687693], [-1341.989732733, 410.87276921800003], [-1463.890734725, 448.192604194], [-1585.7832522519998, 485.514237299], [-1707.6600087769998, 522.813618344], [-1829.5369740879999, 560.103518341], [-1951.4202365549997, 597.3878575230001], [-2073.299873267, 634.6635696070001], [-2195.1455967899997, 671.9391350750001], [-2316.9805516649994, 709.2211171560001], [-2438.8152110709993, 746.5153288530001], [-2560.6405771129994, 783.8147951280001], [-2682.458421573999, 821.1180661570002], [-2804.268227639999, 858.4269366860002], [-2926.0789932069993, 895.7474585370002], [-3047.9183451089993, 933.0987343120001], [-3169.7656149529994, 970.4655193780002], [-3291.6404972169994, 1007.8588329310002], [-3413.5220867219996, 1045.2701052300001], [-3535.4124877819995, 1082.6779233460002], [-3657.3218358979993, 1120.0748144340002], [-3779.2415295339993, 1157.4999599190003], [-3901.165251632999, 1194.9507844980003], [-4023.093244652999, 1232.4110280840002], [-4145.026502050999, 1269.8840325520002], [-4266.969776624998, 1307.3616335310003], [-4388.963169785999, 1344.8622278280002], [-4510.988552505999, 1382.3421296770002], [-4633.087106031999, 1419.8048030730001], [-4755.204411981998, 1457.2506778480001]]]}}, {"type": "Feature", "properties": {"name": "far_hills", "__uuid": "c378ee31-ac27-41b8-88f0-68abc871007c", "market_name": "New York-Northern New Jersey-Long Island, NY-NJ-PA", "submarket_name": "central_nj", "neighborhood_name": "far_hills"}, "geometry": {"type": "Polygon", "coordinates": [[[-74.974811313, 40.780612145], [-149.946602337, 81.41606952000001], [-224.838657719, 122.054735621], [-299.635876011, 162.696151936], [-374.338257214, 203.301348025], [-448.977816396, 243.887738534], [-523.547304863, 284.463577256], [-598.0684686980001, 325.046756528], [-672.4839224020001, 365.69046460100003], [-746.8866908900001, 406.347921572], [-821.273753873, 447.016375622], [-895.634238308, 487.690327531], [-969.975996949, 528.375273799], [-1044.4633335419999, 569.1403324429999], [-1119.1790040189999, 609.957069546], [-1193.9478315899999, 650.8450842599999], [-1268.7982069769998, 691.699297359], [-1343.7730182899998, 732.4799095039999]]]}}, {"type": "Feature", "properties": {"name": "Manhattan Beach", "__uuid": "c3a33b78-1f16-4790-93f1-efa66ce878e9", "market_name": "Los Angeles-Long Beach-Santa Ana, CA", "submarket_name": "West_Coast", "neighborhood_name": "Manhattan Beach"}, "geometry": {"type": "Polygon", "coordinates": [[[-118.472442627, 33.983509684], [-236.867980957, 67.828265895], [-355.259056091, 101.644502689], [-473.57494354199997, 135.46501800200002], [-591.8777847289999, 169.29266370500002], [-710.1723861689999, 203.12886509000003], [-828.4601211539999, 236.97875378600003], [-946.7457615169999, 270.834273283], [-1065.0358997619999, 304.693285635], [-1183.3456074039998, 338.552583085], [-1301.6831241889997, 372.41986290799997], [-1420.0244175239998, 406.28913820799994], [-1538.3708606999999, 440.1666799849999], [-1656.7241703309999, 474.0516324059999], [-1775.0949894229998, 507.9488394789999], [-1893.4671818059999, 541.8514608369999], [-2011.839374189, 575.7691833849999], [-2130.209163313, 609.6908944789999], [-2248.5792957589997, 643.620012379], [-2366.9511448189996, 677.585869903], [-2485.3254829689995, 711.555357808], [-2603.7186180399995, 745.5347394930001], [-2722.1179329199995, 779.5213806300001], [-2840.5368171969994, 813.53278464], [-2959.0092598239994, 847.516294324]]]}}, {"type": "Feature", "properties": {"name": "Culver_city", "__uuid": "c3ba91d6-5267-4141-8c72-803d7a0808ff", "market_name": "Los Angeles-Long Beach-Santa Ana, CA", "submarket_name": "South_LA", "neighborhood_name": "Culver_city"}, "geometry": {"type": "Polygon", "coordinates": [[[-118.418626785, 34.013111529], [-236.81734085099998, 68.001318348], [-355.21124839799995, 101.989169333], [-473.60120773299997, 135.978301315], [-591.9791507719999, 169.967789126], [-710.3544330599999, 203.95606711200003], [-828.7236213689999, 237.94427393100003], [-947.08680153, 271.93205374900003], [-1065.445861817, 305.92075873400006], [-1183.777456284, 339.91003304800006], [-1302.108707428, 373.91410856900006], [-1420.431976318, 407.92487225100007], [-1538.7137031549998, 441.9368454380001], [-1656.9952583309998, 475.9549370320001], [-1775.2701187129999, 509.9828456140001], [-1893.5451507559999, 544.0204277980001], [-2011.8291091909998, 578.0570142210001], [-2130.144367608, 612.0932750450002], [-2248.5059169849997, 646.1265895990001], [-2366.8839458549996, 680.1627492630001], [-2485.2662662589996, 714.1984821670002], [-2603.660602959, 748.2276711420002], [-2722.0688442309997, 782.2571446460001], [-2840.4841236189995, 816.2884675660001], [-2958.9169124679997, 850.3195059630001], [-3077.3355392529998, 884.332617492]]]}}, {"type": "Feature", "properties": {"name": "Cabbagetown", "__uuid": "c45786dc-08be-4a1c-b42c-cdbcf31c87b1", "market_name": "Atlanta-Sandy Springs-Marietta, GA", "submarket_name": "Downtown Atlanta", "neighborhood_name": "Cabbagetown "}, "geometry": {"type": "Polygon", "coordinates": [[[-84.390742724, 33.743661177], [-168.74043298, 67.487903398], [-253.089918674, 101.242726551], [-337.439405125, 135.016973797], [-421.818360778, 168.788833676], [-506.209224932, 202.559404771], [-590.595086617, 236.325702897], [-674.975764773, 270.08666514600003], [-759.354362903, 303.84341839700005], [-843.736439126, 337.59307280600007], [-928.126310158, 371.3393366910001], [-1012.517052882, 405.08299786800006]]]}}, {"type": "Feature", "properties": {"name": "waltham", "__uuid": "c4752e80-2b99-4f8b-9687-5bfb30134f77", "market_name": "Boston-Cambridge-Quincy, MA-NH", "submarket_name": "north newton", "neighborhood_name": "waltham "}, "geometry": {"type": "Polygon", "coordinates": [[[-71.118411147, 42.356456187], [-142.236073901, 84.717613019], [-213.35448504800002, 127.085681926], [-284.480754316, 169.454303767], [-355.610765547, 211.826519555], [-426.745267133, 254.19845889200002], [-497.89024621400006, 296.577585538], [-569.031857529, 338.963622282], [-640.1757140220001, 381.35214647500004], [-711.3158285520001, 423.74675068400006], [-782.4533928750001, 466.1476477400001], [-853.617050841, 508.55500439200006], [-924.799446731, 550.966825749], [-996.001303643, 593.384086648], [-1067.21775421, 635.803281275], [-1138.4442019790001, 678.225711382], [-1209.689465657, 720.648220834], [-1280.948948793, 763.0762546039999], [-1352.2052726269999, 805.4860433949999], [-1423.4679735529999, 847.8739776859999], [-1494.7350723309999, 890.2461409679998], [-1566.0054071589998, 932.6061917979998], [-1637.2675096689998, 974.9551815309999], [-1708.5292379829998, 1017.2950443929999], [-1779.7762081959997, 1059.6409427429999], [-1850.9879813089997, 1101.9911073269998], [-1922.1651412679996, 1144.3490840639997], [-1993.2835524149996, 1186.7055402509998]]]}}, {"type": "Feature", "properties": {"name": "The Woodlands", "__uuid": "c4f5ba00-abde-4c1b-9dd3-423447959cdd", "market_name": "Houston-Sugar Land-Baytown, TX", "submarket_name": "North Outskirts", "neighborhood_name": "The Woodlands"}, "geometry": {"type": "Polygon", "coordinates": [[[-95.499343872, 30.251949817], [-191.148376465, 60.474831623], [-286.706085205, 90.55165038], [-382.11547851600005, 120.646887362], [-477.45277404800004, 150.790826976], [-572.8182220460001, 181.025574314], [-668.3175659180001, 211.277524131]]]}}, {"type": "Feature", "properties": {"name": "IAH Area", "__uuid": "c4f92228-7b88-46d3-885e-1ca11a67ea03", "market_name": "Houston-Sugar Land-Baytown, TX", "submarket_name": "North Outskirts", "neighborhood_name": "IAH Area"}, "geometry": {"type": "Polygon", "coordinates": [[[-95.615386963, 30.04888781], [-191.131896973, 59.98894819], [-286.42730712900004, 89.931388586], [-381.657485962, 120.06167013], [-476.992034912, 150.205015955], [-572.400741577, 180.30025293699998], [-667.959136963, 210.374694899], [-763.574523926, 240.423582709]]]}}, {"type": "Feature", "properties": {"name": "Petaluma", "__uuid": "c5df2255-4472-4d75-8336-fd7622cf1317", "market_name": "Santa Rosa-Petaluma, CA", "submarket_name": "south santa ", "neighborhood_name": "Petaluma"}, "geometry": {"type": "Polygon", "coordinates": [[[-122.563806587, 38.115711696], [-245.087962684, 76.26096175699999], [-367.620325687, 114.43006367599999], [-490.16490235599997, 152.618367595], [-612.712193173, 190.826934801], [-735.243199102, 229.05149535599998], [-857.771490884, 267.28991397], [-980.283497778, 305.528332584], [-1102.871500813, 343.87007019600003], [-1225.539571211, 382.17347981200004], [-1348.227997718, 420.46091342700004], [-1470.94220863, 458.74302092600004], [-1593.687632242, 497.02832414100004], [-1716.45205489, 535.308301085], [-1839.250651004, 573.5765425120001], [-1961.982117287, 611.736710534], [-2084.716803841, 649.7960766970001], [-2207.341789155, 687.8919872600001], [-2329.9055957419996, 726.007698956]]]}}, {"type": "Feature", "properties": {"name": "Hamptons", "__uuid": "c6285b0c-0dcf-425a-8c9b-276110e04bbf", "market_name": "New York-Northern New Jersey-Long Island, NY-NJ-PA", "submarket_name": "Suffolk_county", "neighborhood_name": "Hamptons"}, "geometry": {"type": "Polygon", "coordinates": [[[-72.778930664, 41.003739053], [-145.47409057599998, 81.753596965], [-217.69821166999998, 122.65569281399999], [-289.51789856, 163.72158515299998], [-361.676788331, 204.92865754999997], [-434.455718995, 245.93239660299997]]]}}, {"type": "Feature", "properties": {"name": "havre de grace ", "__uuid": "c63190b4-2eab-4d17-98f2-152250766190", "market_name": "Baltimore-Towson, MD", "submarket_name": "north aberdeen ", "neighborhood_name": "havre de grace "}, "geometry": {"type": "Polygon", "coordinates": [[[-76.084873525, 39.541153447], [-152.18509414, 79.111606858], [-228.29554614699998, 118.689946606], [-304.427922568, 158.263216669], [-380.575646078, 197.824656024], [-456.744563187, 237.370317963], [-532.9266349439999, 276.900198898], [-609.11820728, 316.426697722], [-685.29881741, 355.948686809], [-761.4611571949999, 395.468420918], [-837.619112098, 434.983081058], [-913.767566422, 474.48308098399997], [-989.90725098, 513.974057702], [-1066.039627401, 553.464470431], [-1142.168349753, 592.975183894], [-1218.291956408, 632.469544452], [-1294.404600857, 671.97236389], [-1370.509937168, 711.494352977], [-1446.6094269690002, 751.024233912], [-1522.7045318870003, 790.560878574], [-1598.7894054120002, 830.102032021]]]}}, {"type": "Feature", "properties": {"name": "Gainesville", "__uuid": "c63dc3f3-80bf-4b47-887e-ae92289140c2", "market_name": "Washington-Arlington-Alexandria, DC-VA-MD-WV", "submarket_name": "East VA", "neighborhood_name": "Gainesville"}, "geometry": {"type": "Polygon", "coordinates": [[[-77.071163486, 38.905441123], [-154.18933756799998, 77.84613755500001], [-231.441162766, 116.82926531700002], [-308.684840119, 155.86381782100003], [-385.994816509, 194.91746399800002], [-463.42574542399996, 234.004813336], [-540.943025369, 273.15156738300004], [-618.844331521, 312.05008204000006], [-696.633705201, 350.7921989900001], [-773.85323575, 389.6912106590001], [-850.9297335179999, 428.5914677450001], [-928.000897004, 467.4969088680001]]]}}, {"type": "Feature", "properties": {"name": "Murfreesboro", "__uuid": "c762e1c8-948d-4b7d-b15b-dbab86317d27", "market_name": "Nashville-Davidson--Murfreesboro--Franklin, TN", "submarket_name": "Outskirts", "neighborhood_name": "Murfreesboro"}, "geometry": {"type": "Polygon", "coordinates": [[[-86.432189941, 35.984118235], [-172.8616333, 72.001011224], [-259.40025329499997, 107.931215942], [-345.874328612, 143.815815589], [-432.382049559, 179.678715798], [-518.916549681, 215.33824366300001], [-605.056228636, 251.051311618], [-690.85670471, 286.999306306], [-776.8933868390001, 323.087256999], [-863.0385589580001, 359.178536947], [-949.4707488990001, 395.162655182]]]}}, {"type": "Feature", "properties": {"name": "silverado ranch", "__uuid": "c858b899-2585-4bd7-b7e8-449c7d1e0b6a", "market_name": "Las Vegas-Paradise, NV", "submarket_name": "east enterprise ", "neighborhood_name": "silverado ranch "}, "geometry": {"type": "Polygon", "coordinates": [[[-115.150127145, 36.063985153], [-230.30847522800002, 72.127794525], [-345.489199751, 108.19095512300001], [-460.670876885, 144.153201658], [-575.842623087, 180.119520884], [-691.004109833, 216.093159765], [-806.157651398, 252.072555091], [-921.296086762, 288.062507117], [-1036.417699311, 324.064680927], [-1151.5314154359999, 360.07296491799997], [-1266.635861847, 396.08791402199995], [-1381.737218353, 432.10508470499997], [-1496.837707724, 468.128131489], [-1611.950393881, 504.152244202], [-1727.073723044, 540.176634584], [-1842.205635275, 576.20657813], [-1957.339607443, 612.2451283080001], [-2072.473922934, 648.291451409], [-2187.612701621, 684.3466569110001], [-2302.755943503, 720.4082460200001], [-2417.906070648, 756.4722311730001]]]}}, {"type": "Feature", "properties": {"name": "stafford", "__uuid": "c8ae4f72-307c-40ef-8b0a-e1312d086c10", "market_name": "New York-Northern New Jersey-Long Island, NY-NJ-PA", "submarket_name": "south_nj", "neighborhood_name": "stafford"}, "geometry": {"type": "Polygon", "coordinates": [[[-74.475570962, 39.964074238], [-148.966649611, 79.895124322], [-223.428435962, 119.746851405], [-297.900560771, 159.45954243900002], [-372.398531726, 199.08204125400002], [-446.9260389, 238.654916447], [-521.4136605049999, 278.21241774], [-595.856648258, 317.757470998], [-670.263549068, 357.30545340699996], [-744.5223034779999, 396.78750003199997], [-818.5474424119999, 436.63652221999996], [-893.0230133739999, 476.600596458]]]}}, {"type": "Feature", "properties": {"name": "Frisco-Mckinney", "__uuid": "c8d07e3b-db16-4a4c-a333-7208e2b51bd0", "market_name": "Dallas-Fort Worth-Arlington, TX", "submarket_name": "North Dallas Suburbs", "neighborhood_name": "Frisco-Mckinney"}, "geometry": {"type": "Polygon", "coordinates": [[[-96.821551092, 33.091556098], [-193.470233911, 66.250079435], [-290.036968225, 99.399704165], [-386.660694116, 132.64671874], [-483.472217554, 165.925311453], [-580.328029627, 199.14447038100002], [-677.18761825, 232.25326837000003], [-774.0091693420001, 265.344824468]]]}}, {"type": "Feature", "properties": {"name": "Hobby Airport Area", "__uuid": "c98a638a-14d2-49d8-8a2b-0bd09df772f4", "market_name": "Houston-Sugar Land-Baytown, TX", "submarket_name": "South East Houston", "neighborhood_name": "Hobby Airport Area"}, "geometry": {"type": "Polygon", "coordinates": [[[-95.329391796, 29.68920402], [-190.629536525, 59.289588162], [-285.84254922, 88.891706374], [-381.04847725, 118.497877262], [-476.29444893000004, 148.142971912], [-571.582992631, 177.839971956], [-666.897671308, 207.530877098], [-762.223348695, 237.221719834], [-857.552740491, 266.910923854]]]}}, {"type": "Feature", "properties": {"name": "Castroville", "__uuid": "ca411f55-84fa-4934-946b-e8c7cdd9e52f", "market_name": "San Antonio-New Braunfels, TX", "submarket_name": "West San Antonio", "neighborhood_name": "Castroville"}, "geometry": {"type": "Polygon", "coordinates": [[[-98.702968066, 29.49630685], [-197.820242202, 58.859254603], [-296.717946403, 87.989344257], [-395.39134584699997, 117.267899804], [-494.10580858799995, 146.734749905], [-592.808776654, 176.231056755]]]}}, {"type": "Feature", "properties": {"name": "Richfield", "__uuid": "ca711a15-ac90-4073-8284-6d5f57010dd9", "market_name": "Minneapolis-St. Paul-Bloomington, MN-WI", "submarket_name": "Downtown Minneapolis", "neighborhood_name": "Richfield"}, "geometry": {"type": "Polygon", "coordinates": [[[-93.181540983, 44.890004601], [-186.38258235, 89.788248013], [-279.58431557200004, 134.738934838], [-372.812068919, 179.70610510400002], [-466.050874015, 224.67616281800002], [-559.292994883, 269.653561898], [-652.552860673, 314.63587242700004], [-745.8210964230001, 359.62738349000006], [-839.1056546660001, 404.6219600250001], [-932.4585743740001, 449.62331823400007], [-1025.804936873, 494.5972659480001], [-1119.265828942, 539.5714830380001], [-1212.7239298250001, 584.5192984540001], [-1306.1768047760002, 629.4669413190002], [-1399.629091443, 674.3899059750001], [-1493.04144984, 719.1758901640002], [-1586.4512077690001, 763.9484028910002], [-1679.851107681, 808.7088890100002], [-1773.25960941, 853.4540339130002], [-1866.6389639039999, 898.2002845940002], [-1959.9750134499998, 942.9469710360001], [-2053.2731103009996, 987.6902434430001], [-2146.5559942859995, 1032.430996367], [-2239.7733934879993, 1077.209138092], [-2332.9956764049994, 1122.0019056600001], [-2426.2158034779995, 1166.8170337330002], [-2519.4354559889994, 1211.6734723910004], [-2612.6339064129993, 1256.5395661790003], [-2705.8154473959994, 1301.4295707800004]]]}}, {"type": "Feature", "properties": {"name": "los ranchos", "__uuid": "ca9a752f-7896-4bb0-ac29-5d2d0ceb0fee", "market_name": "Albuquerque, NM", "submarket_name": "west journal ", "neighborhood_name": "los ranchos "}, "geometry": {"type": "Polygon", "coordinates": [[[-106.583604854, 35.17415703], [-213.228921932, 70.35778697500001], [-319.893817449, 105.54070787200001], [-426.565913701, 140.72209297900002], [-533.241786504, 175.89000775100004], [-639.923839116, 211.04585345300003], [-746.609245517, 246.19543645500005], [-853.275220057, 281.33820961900005], [-959.918477198, 316.47777327400007], [-1066.5469714609999, 351.6150908740001], [-1173.163449427, 386.7496008180001], [-1279.7724278839999, 421.88250752900007], [-1386.3630377829998, 457.02831281600004], [-1492.9466426369997, 492.20246984600004]]]}}, {"type": "Feature", "properties": {"name": "encinitas", "__uuid": "caa4c23f-57fa-493f-9159-49e58b6ea331", "market_name": "San Diego-Carlsbad-San Marcos, CA", "submarket_name": "north sd coast ", "neighborhood_name": "encinitas "}, "geometry": {"type": "Polygon", "coordinates": [[[-117.261763336, 32.938844357], [-234.50823655099998, 65.869133463], [-351.74859371699995, 98.801989231], [-468.97264141999995, 131.741261329], [-586.1778313059999, 164.689515507], [-703.3662020589999, 197.644184897], [-820.5459084089998, 230.609117659], [-937.7149116739998, 263.575333258], [-1054.8670958049997, 296.534706842], [-1172.0101058639998, 329.488520898], [-1289.1352462099999, 362.442591714], [-1406.2522630619999, 395.400682361], [-1523.34556071, 428.36543115300003], [-1640.428939294, 461.361146876], [-1757.508240512, 494.36797603], [-1874.585316572, 527.382343995], [-1991.659658921, 560.4145186180001], [-2108.73233442, 593.4589520730001], [-2225.802746411, 626.5122310160001], [-2342.871854215, 659.5733248810001], [-2459.940004432, 692.640977912], [-2577.014909409, 725.7113724980001], [-2694.0934381700004, 758.7855933190001], [-2811.1792889220005, 791.860981482], [-2928.2701625700006, 824.9346535410001], [-3045.3674740300007, 858.0113296620001], [-3162.4721396190007, 891.0931849560001], [-3279.5817198190007, 924.18069132], [-3396.6970884930006, 957.2698061440001], [-3513.8287666300007, 990.3695956590001], [-3630.9660511450006, 1023.46810428], [-3748.1063936840005, 1056.557219104], [-3865.2564199670005, 1089.643771809], [-3982.4115429570006, 1122.727335281], [-4099.570233642001, 1155.805774118], [-4216.734021034001, 1188.8807963650002], [-4333.904943816001, 1221.9592352020002], [-4451.085040671001, 1255.0415175440003], [-4568.271763246001, 1288.1297783370003], [-4685.458995491001, 1321.2240171750002], [-4802.649285761001, 1354.3235398380002], [-4919.846456585001, 1387.4209810010002], [-5037.047704775001, 1420.5160738120003], [-5154.253540002001, 1453.6090316510004], [-5271.466083874001, 1486.7069997190004], [-5388.682883986001, 1519.8064274440003], [-5505.905129908001, 1552.9059292590002], [-5623.129568116001, 1586.0104151000003], [-5740.358083690001, 1619.1187434350002], [-5857.590166959001, 1652.234222212], [-5974.827682847002, 1685.3557663630002], [-6092.070978872001, 1718.4807430100002], [-6209.316313579002, 1751.6087074810002], [-6326.561648286002, 1784.7388060510002], [-6443.814755472003, 1817.8683711020003], [-6561.073660162003, 1850.9988431350002], [-6678.337852686002, 1884.1285148890001], [-6795.608594684002, 1917.256250822], [-6912.882424252002, 1950.382529451], [-7030.163945581002, 1983.502170444], [-7147.454640983002, 2016.6215980040001], [-7264.756039470002, 2049.7452941230003], [-7382.066866865002, 2082.8671761230003], [-7499.3937544690025, 2115.988861876], [-7616.704327029002, 2149.07071717], [-7734.000628808002, 2182.119683558], [-7851.295911246002, 2215.1596781119997], [-7968.578421451002, 2248.180858802], [-8085.854815607002, 2281.1828069509997], [-8203.126622727003, 2314.1736410539997], [-8320.396391164002, 2347.153787254], [-8437.663101576001, 2380.1172577419998], [-8554.929302318002, 2413.070037015], [-8672.191065654002, 2446.008881372]]]}}, {"type": "Feature", "properties": {"name": "healdsburg", "__uuid": "cae3e54e-6e70-485d-b78b-893088ed9082", "market_name": "Santa Rosa-Petaluma, CA", "submarket_name": "north santa ", "neighborhood_name": "healdsburg"}, "geometry": {"type": "Polygon", "coordinates": [[[-122.885255404, 38.581361414], [-245.708932177, 77.179304911], [-368.54131572200004, 115.83749282900001], [-491.37956859800005, 154.496826559], [-614.229560135, 193.159024736], [-737.087622002, 231.818644915], [-859.956322031, 270.469957582], [-982.827956725, 309.12900486], [-1105.710963248, 347.790057272], [-1228.6005727680001, 386.44738582], [-1351.507423446, 425.10471436800003], [-1474.4172087900001, 463.75975121100004], [-1597.328094633, 502.40963145100005], [-1720.228709148, 541.048624309], [-1843.128223163, 579.683319061], [-1966.013430685, 618.286199819], [-2088.896070374, 656.881913316], [-2211.775775398, 695.471605761], [-2334.661030802, 734.0529671749999]]]}}, {"type": "Feature", "properties": {"name": "downtown sd", "__uuid": "cb0741ef-773c-4b68-961f-fece9b206f88", "market_name": "San Diego-Carlsbad-San Marcos, CA", "submarket_name": "central sd", "neighborhood_name": "downtown sd"}, "geometry": {"type": "Polygon", "coordinates": [[[-117.103704413, 32.652313871], [-234.18600265499998, 65.311493437], [-351.25920041399996, 97.970270731], [-468.32213116899993, 130.634170157], [-585.3774168629999, 163.299785834], [-702.4179221059999, 195.972695209], [-819.4497629469998, 228.653326674], [-936.4663136659998, 261.34511109], [-1053.4782773489999, 294.042042552], [-1170.4892216899998, 326.746694027], [-1287.5037337259998, 359.460780167], [-1404.517949614, 392.185221222], [-1521.533480992, 424.920317346], [-1638.551560724, 457.667845618], [-1755.5614042099999, 490.420961171], [-1872.5636398739998, 523.183388308], [-1989.5649359329998, 555.950862389], [-2106.5709574549996, 588.728695686], [-2223.5822656369996, 621.5037356290001], [-2340.6054420759997, 654.2744087950001], [-2457.6382985729997, 687.0483398570001], [-2574.6813521699996, 719.8211557640001], [-2691.7310314859997, 752.5961143610001], [-2808.7952596359996, 785.3750468100001], [-2925.871335689, 818.154730467], [-3042.959425489, 850.9343252360001], [-3160.060581548, 883.7135690580001], [-3277.172440692, 916.491955852], [-3394.289906214, 949.270342646], [-3511.419940482, 982.042701639], [-3628.5593218450003, 1014.8129462510001], [-3745.7071716140003, 1047.580436079], [-3862.869699231, 1080.342231074], [-3980.041732637, 1113.103338228], [-4097.222411426, 1145.863981264], [-4214.4178565679995, 1178.6243685529998], [-4331.621012225999, 1211.3850160499999], [-4448.822414705999, 1244.137433574], [-4566.016330835999, 1276.884961846], [-4683.201837398999, 1309.62777468], [-4800.384540772999, 1342.3675866499998], [-4917.560618427999, 1375.1007534909998], [-5034.734147728998, 1407.8259884019997], [-5151.952456888998, 1440.5372018769997], [-5269.183218539998, 1473.2344930259997], [-5386.410087498998, 1505.9147915689996], [-5503.513791911998, 1538.5671054399995]]]}}, {"type": "Feature", "properties": {"name": "Heights Miami suburbs", "__uuid": "cb256d18-1227-4fc2-9d7e-13ac562414e0", "market_name": "Miami-Fort Lauderdale-Pompano Beach, FL", "submarket_name": "South Miami", "neighborhood_name": "Heights Miami suburbs"}, "geometry": {"type": "Polygon", "coordinates": [[[-80.294748513, 25.627199283], [-160.677192138, 51.252950229], [-241.217276977, 76.887667143], [-321.78757421800003, 102.423293513], [-402.091932039, 127.960111635], [-482.38878774100004, 153.52393371300002], [-562.683536254, 179.15113299600003]]]}}, {"type": "Feature", "properties": {"name": "severn ", "__uuid": "cb2d80cc-e8d3-4195-b4c6-3ad85c942255", "market_name": "Baltimore-Towson, MD", "submarket_name": "BWI", "neighborhood_name": "severn "}, "geometry": {"type": "Polygon", "coordinates": [[[-76.778471444, 39.114483749], [-153.535526358, 78.203971421], [-230.256426223, 117.268882558], [-306.938727114, 156.334153964], [-383.565313865, 195.418985723], [-460.199025294, 234.530478893], [-536.841643021, 273.66106987300003], [-613.488735075, 312.81165361], [-690.123098954, 351.99132797100003], [-766.75505637, 391.193725167], [-843.412662691, 430.412967702], [-920.093311575, 469.624375463], [-996.786601826, 508.82503112899997], [-1073.494240969, 548.021321641], [-1150.224953819, 587.1904182869999], [-1226.9705846959998, 626.3452557989999], [-1303.7298998939998, 665.4739264649999], [-1380.5083713379997, 704.5884102139999]]]}}, {"type": "Feature", "properties": {"name": "East_hollywood", "__uuid": "cb47069b-a8fb-44c4-968a-d38ad8271408", "market_name": "Los Angeles-Long Beach-Santa Ana, CA", "submarket_name": "Hollywood", "neighborhood_name": "East_hollywood"}, "geometry": {"type": "Polygon", "coordinates": [[[-118.332366943, 34.113652175], [-236.679325103, 68.224461842], [-355.023880004, 102.30086958499999], [-473.310756682, 136.377277328], [-591.595230101, 170.456386555], [-709.867687224, 204.55539879], [-828.1391143789999, 238.662939454], [-946.4059066759999, 272.775170387], [-1064.6749000209998, 306.890671522], [-1182.9515499959998, 341.002135464], [-1301.2599239759998, 375.109814775], [-1419.5871286179997, 409.21566242800003], [-1537.9188352989997, 443.32582304500005], [-1656.2512022419996, 477.4394752200001]]]}}, {"type": "Feature", "properties": {"name": "Birmingham", "__uuid": "cd11a3c9-7d78-4432-84f1-864cb8314154", "market_name": "Detroit-Warren-Livonia, MI", "submarket_name": "West Warren", "neighborhood_name": "Birmingham "}, "geometry": {"type": "Polygon", "coordinates": [[[-83.121122795, 42.447017251], [-166.235782352, 84.89417494099999], [-249.3413274, 127.341454914], [-332.44306092600004, 169.788857171], [-415.54081721200004, 212.23577029299997], [-498.635922004, 254.68353939799997], [-581.731523951, 297.137300053], [-664.829777392, 339.59436193], [-747.9353224399999, 382.05435808], [-831.0488025919999, 424.531735209], [-914.1678756929999, 467.02819646399996], [-997.2842765629999, 509.53236784899997], [-1080.401319568, 552.0562216799999], [-1163.519646845, 594.5965960179999], [-1246.637953384, 637.1452305629999], [-1329.755907749, 679.700050006], [-1412.876679326, 722.257555004], [-1496.00275389, 764.815548272], [-1579.138784391, 807.373851402], [-1662.285255148, 849.931788332], [-1745.438686076, 892.489359059], [-1828.5980828640002, 935.051202014], [-1911.7584739620002, 977.6290327099999], [-1994.9191964970003, 1020.220651066], [-2078.0824048070003, 1062.819467077], [-2161.2522487950005, 1105.423421984], [-2244.4514771520003, 1148.027715118], [-2327.667425385, 1190.6363214360001], [-2410.897590851, 1233.247106683], [-2494.1410137840003, 1275.85106159], [-2577.42619774, 1318.453552755], [-2660.7212131240003, 1360.948668156], [-2743.9635588880005, 1403.42156615], [-2827.1637293330004, 1445.867905885], [-2910.2848521280002, 1488.314923136]]]}}, {"type": "Feature", "properties": {"name": "Claveras Lake", "__uuid": "ce09b76a-39b0-4431-83ad-dcab562915d8", "market_name": "San Antonio-New Braunfels, TX", "submarket_name": "South East San Antonio", "neighborhood_name": "Calaveras Lake "}, "geometry": {"type": "Polygon", "coordinates": [[[-98.400756775, 29.234075472], [-196.825599812, 58.232474242], [-294.978749807, 87.361403623], [-393.006465157, 116.612487714], [-491.107588825, 145.966717998], [-589.344007461, 175.33466714300002], [-687.65802169, 204.608248881], [-785.9951907310001, 233.85409400100002], [-884.3959475060001, 263.088169473]]]}}, {"type": "Feature", "properties": {"name": "Edwardsville", "__uuid": "ce5c1bb2-b02a-42e0-aed3-8b40dfab51e7", "market_name": "St. Louis, MO-IL", "submarket_name": "Northeast St. Louis", "neighborhood_name": "Edwardsville"}, "geometry": {"type": "Polygon", "coordinates": [[[-90.042506501, 38.848465162], [-180.080038376, 77.678847515], [-270.11922846, 116.475635321], [-360.156097052, 155.229243808], [-450.186996093, 193.960606044], [-540.208277524, 232.677478624], [-630.23254373, 271.355007329], [-720.216018004, 310.062045969], [-810.132169008, 348.782282481], [-900.019467181, 387.602071341], [-990.061973682, 426.45053650299997]]]}}, {"type": "Feature", "properties": {"name": "St Charles", "__uuid": "ce8f9bcc-554a-4bbb-afad-f871912cd088", "market_name": "St. Louis, MO-IL", "submarket_name": "Northwest St. Louis ", "neighborhood_name": "St Charles"}, "geometry": {"type": "Polygon", "coordinates": [[[-90.445530497, 38.795565869], [-180.943113627, 77.615129419], [-271.467891379, 116.441394677], [-362.045400165, 155.25653948000001], [-452.687744909, 194.05733850500002], [-543.442764929, 232.86234051800002], [-634.2807488, 271.66984349200004], [-725.061068375, 310.43707464700003], [-815.815025171, 349.181682017], [-906.551780455, 387.91298606000004], [-997.276314614, 426.633183286], [-1087.944892024, 465.33211997300003], [-1178.608335226, 504.01664236600004], [-1269.263567301, 542.705964146], [-1359.896996434, 581.3982569990001], [-1450.504427915, 620.0842147930001], [-1541.0778221829999, 658.7657350220002], [-1631.6141925059999, 697.4583747180002], [-1722.141363735, 736.1956949010001], [-1812.642353562, 774.9005640130001], [-1903.1399354569999, 813.6284819050002], [-1993.616504405, 852.3596490780002], [-2084.0775315789997, 891.1085296110002], [-2174.5341981039996, 929.8736280880003], [-2264.9915012459996, 968.6603480030003], [-2355.437031743, 1007.4559138720003]]]}}, {"type": "Feature", "properties": {"name": "East_hills", "__uuid": "ced8cd95-7f68-41ca-98b7-2008905a47a5", "market_name": "Los Angeles-Long Beach-Santa Ana, CA", "submarket_name": "The_Hills", "neighborhood_name": "East_hills"}, "geometry": {"type": "Polygon", "coordinates": [[[-118.375110626, 34.153295208], [-236.74421310399998, 68.295935514], [-355.139064789, 102.438717894], [-473.476409912, 136.56572858], [-591.807231903, 170.675969734], [-710.134277344, 204.782373324], [-828.411841393, 238.894035753], [-946.680994034, 273.010139515], [-1064.9625492100001, 307.16130384999997], [-1183.2643604280001, 341.31886064199995], [-1301.639471054, 375.4721558499999]]]}}, {"type": "Feature", "properties": {"name": "Barton Creek", "__uuid": "d0d07cb5-3703-4b9c-b07d-294c4c18430e", "market_name": "Austin-Round Rock-San Marcos, TX", "submarket_name": "Westlake", "neighborhood_name": "Barton Creek"}, "geometry": {"type": "Polygon", "coordinates": [[[-97.925605774, 30.324582216], [-195.87146759, 60.632863881999995], [-293.844795227, 90.847438963], [-391.73263549800004, 121.022844325], [-489.590606689, 151.23534261499998], [-587.430038452, 181.455257814], [-685.235481262, 211.703945323], [-783.05568695, 241.970425922], [-880.873877938, 272.244482126], [-978.7043833089999, 302.534681828], [-1076.533172066, 332.85007679499995], [-1174.347541268, 363.17465901099996], [-1272.145874961, 393.52461142399994], [-1369.949601157, 423.8767502189999], [-1467.781632515, 454.20330729499995], [-1565.623215547, 484.5308760589999], [-1663.4687846699999, 514.87992902], [-1761.326867908, 545.235461299], [-1859.2023937469999, 575.580226361], [-1957.0953838589999, 605.9222916069999], [-2055.007256723, 636.2519116269999], [-2152.932862497, 666.5764938429999]]]}}, {"type": "Feature", "properties": {"name": "guadalupe", "__uuid": "d1c0faa1-8ce3-478d-99ce-fcf92a701636", "market_name": "Phoenix-Mesa-Glendale, AZ ", "submarket_name": "south tempe", "neighborhood_name": "guadalupe"}, "geometry": {"type": "Polygon", "coordinates": [[[-111.968193054, 33.374692134], [-223.936888213, 66.740738024], [-335.906111235, 100.103100938], [-447.87818401500004, 133.452817655], [-559.850840265, 166.786214369], [-671.823462972, 200.105444812], [-783.795775899, 233.408430993], [-895.7680888259999, 266.705391187], [-1007.7318186839999, 300.000916561], [-1119.684338733, 333.294028781], [-1231.62918584, 366.585823512], [-1343.557210132, 399.87819219799997], [-1455.4517073369998, 433.17033551799994], [-1567.3464183049998, 466.47231914599996], [-1679.2408148719999, 499.78256660499994], [-1791.1358220809998, 533.103240835], [-1903.0296857589997, 566.429179344], [-2014.9230541849997, 599.758580795], [-2126.8167462019996, 633.0997218919999], [-2238.71109907, 666.456185873], [-2350.604770314, 699.8331524939999], [-2462.4953037669998, 733.2159302419999], [-2574.386249202, 766.6020898489999], [-2686.334701198, 799.9882494559998], [-2798.29144203, 833.3743695269999], [-2910.258179634, 866.7625316749999], [-3022.226372688, 900.1372238089999]]]}}, {"type": "Feature", "properties": {"name": "wilmington", "__uuid": "d20479a8-8511-444e-a098-5f2ca1e50dc7", "market_name": "Philadelphia-Camden-Wilmington, PA-NJ-DE-MD", "submarket_name": "south west boarder", "neighborhood_name": "wilmington"}, "geometry": {"type": "Polygon", "coordinates": [[[-75.785892373, 39.719741316], [-151.554215049, 79.127373581], [-227.28077734, 118.553898824], [-302.874757334, 157.841460091], [-378.380575848, 197.20173280199998], [-453.905324372, 236.594988466], [-529.474812725, 276.034121678], [-605.067251834, 315.500048542], [-680.654135331, 354.99189013299997], [-756.222269391, 394.525491802], [-831.7923656710001, 434.082964328], [-907.376323895, 473.660908283], [-982.9819568290001, 513.254317799], [-1058.594626069, 552.872699643], [-1134.176345195, 592.519622841], [-1209.7306775020002, 632.177404143], [-1285.2596574400002, 671.870245978], [-1360.7690813830002, 711.5890798559999], [-1436.2601832440002, 751.3363210509999], [-1511.7295140890003, 791.1162830269999], [-1587.1602626240003, 830.9229532809999], [-1662.6416918210002, 870.7519811379999], [-1738.1908116040001, 910.5911220799999], [-1813.8150013650002, 950.4222808339998], [-1889.5067191960002, 990.2311474109998], [-1965.252404108, 1029.9967265579999], [-2041.038296481, 1069.7164678739998]]]}}, {"type": "Feature", "properties": {"name": "Georgetown ", "__uuid": "d208786a-d519-4425-ba4b-082a03abc0bf", "market_name": "Washington-Arlington-Alexandria, DC-VA-MD-WV", "submarket_name": "Washington DC", "neighborhood_name": "Georgetown"}, "geometry": {"type": "Polygon", "coordinates": [[[-77.114218865, 38.938933825], [-154.18228069399999, 77.843593682], [-230.903518598, 116.796408712], [-307.617237648, 155.78396236700002], [-384.339246561, 194.84776163], [-461.097224255, 233.935130597], [-537.887751727, 273.060903542], [-614.708031534, 312.204190795], [-691.5350912380001, 351.359763128], [-768.371147284, 390.512272124], [-845.221114154, 429.650732098], [-922.089848788, 468.772684022], [-999.204067653, 507.711617847]]]}}, {"type": "Feature", "properties": {"name": "Southeast", "__uuid": "d22ce3a3-297b-45a8-ac10-960ec8d0dda9", "market_name": "Nashville-Davidson--Murfreesboro--Franklin, TN", "submarket_name": "SE Nashville", "neighborhood_name": "Southeast"}, "geometry": {"type": "Polygon", "coordinates": [[[-86.475848984, 35.884250093], [-173.01874588599998, 71.813811903], [-259.550499426, 107.754023972], [-346.253914343, 143.835870663], [-433.01934551100004, 179.917126085], [-519.790097014, 215.978738193], [-606.574150628, 252.015631641], [-693.360805445, 288.04643957999997], [-780.150822692, 324.06679794099995], [-866.981267028, 359.96141070899995], [-953.817891174, 395.78590504799996], [-1040.599550922, 431.59013452], [-1127.2949673819999, 467.433946591], [-1213.922547964, 503.271812901], [-1300.435501449, 539.105024591], [-1386.945581062, 574.969878205], [-1473.421430046, 610.854128298]]]}}, {"type": "Feature", "properties": {"name": "Plainfield", "__uuid": "d29963e1-6ea4-4889-ab30-3cf77f9d1ab7", "market_name": "New York-Northern New Jersey-Long Island, NY-NJ-PA", "submarket_name": "central_nj", "neighborhood_name": "Plainfield"}, "geometry": {"type": "Polygon", "coordinates": [[[-74.544022803, 40.552832299], [-149.067972152, 81.09152715600001], [-223.57870239800002, 121.63022201300001], [-298.06250484000003, 162.14174972700002], [-372.529661003, 202.64657700100003], [-446.977233309, 243.14991519800003], [-521.409138529, 283.636126627], [-595.8209702959999, 324.128295688], [-670.2156661879999, 364.61525185], [-744.6000805549999, 405.101463279], [-818.9766613789999, 445.58059933199996], [-893.3444294669999, 486.06159739799995], [-967.709749573, 526.5347746619999], [-1042.06527775, 567.0109313869999], [-1116.382127809, 607.508312943], [-1190.676946029, 648.017979491], [-1264.953649181, 688.513499488], [-1339.214685247, 729.019443549], [-1413.465929384, 769.544370134], [-1487.716194329, 810.096086428], [-1561.945896224, 850.6571021990001], [-1636.162868611, 891.2181179700001], [-1710.369559473, 931.8114858490001], [-1784.57282316, 972.4178645310001], [-1858.779514022, 1013.0431972780001], [-1932.9813089200002, 1053.6800484950002], [-2007.1953437290001, 1094.3232154490001], [-2081.485755581, 1134.9808691890003], [-2155.823658287, 1175.6645169640003], [-2230.181634446, 1216.3359116710003], [-2304.566538409, 1257.0024787930004], [-2378.967599054, 1297.6586468540004], [-2453.38089961, 1338.3014423110003], [-2527.8744939810003, 1378.8948101900003], [-2602.395505752, 1419.4751647340004], [-2676.962049991, 1460.0503132350004], [-2751.5060727940004, 1500.6031455340005]]]}}, {"type": "Feature", "properties": {"name": "queen creek ", "__uuid": "d36346b4-3da9-4954-b244-5461217dada9", "market_name": "Phoenix-Mesa-Glendale, AZ ", "submarket_name": "sun tan valley ", "neighborhood_name": "queen creek"}, "geometry": {"type": "Polygon", "coordinates": [[[-111.972715757, 33.296667674], [-223.960243351, 66.588071192], [-335.991090399, 99.878887018], [-448.031887064, 133.169750376], [-560.015388034, 166.41504480999998], [-671.9914775120001, 199.66579194099998], [-783.950400852, 232.91826173699997], [-895.89858454, 266.172064338], [-1007.738566304, 299.290635702], [-1119.483558939, 332.420301625], [-1231.174586885, 365.54761585299997], [-1342.807667396, 398.6718502], [-1454.40465916, 431.79314843099996], [-1565.986751257, 464.913724362], [-1677.540632149, 498.032952572], [-1789.081895653, 531.153816249], [-1900.612070298, 564.2706161589999], [-2012.136347031, 597.3886161969999], [-2123.502695298, 630.5066162349999], [-2235.0646748490003, 663.8041355519999], [-2346.6830220170004, 697.1054000649999], [-2458.3343420510005, 730.4376912969999], [-2570.0398419400003, 763.7652109229999], [-2681.7660530640005, 797.0930243439999], [-2793.5015164650003, 830.4179929329999], [-2905.2398359710005, 863.7372402399999], [-3016.9786140110004, 897.0344976659999], [-3128.7434773980003, 930.3178981229998], [-3240.5701331870005, 963.5999116049999], [-3352.4039311210004, 996.8855022939999], [-3464.2449757310005, 1030.172535475], [-3576.1209381620006, 1063.4589859409998], [-3688.0045701320005, 1096.7474329299998], [-3799.8931811120005, 1130.0383306729998], [-3911.7871492240006, 1163.3297981459998], [-4023.731855613001, 1196.6209786429997], [-4135.704571370001, 1229.9176463169997]]]}}, {"type": "Feature", "properties": {"name": "Pampano Beach", "__uuid": "d428fa57-d753-4438-864f-4465d3f83f2a", "market_name": "Miami-Fort Lauderdale-Pompano Beach, FL", "submarket_name": "Pompano Beach subarbs", "neighborhood_name": "Pompano Beach "}, "geometry": {"type": "Polygon", "coordinates": [[[-80.218048096, 26.160984843], [-160.311924795, 52.329596456000004], [-240.380585838, 78.634367788], [-320.554908895, 104.94051298100001], [-400.772956991, 131.101497824]]]}}, {"type": "Feature", "properties": {"name": "West Bloomfield", "__uuid": "d5116930-a535-4f7f-9af3-c260a6b5abd5", "market_name": "Detroit-Warren-Livonia, MI", "submarket_name": "Townships", "neighborhood_name": "West Bloomfield"}, "geometry": {"type": "Polygon", "coordinates": [[[-83.447550854, 42.491776377], [-166.897158432, 84.979077279], [-250.345108826, 127.464422867], [-333.786264768, 169.948424142], [-417.22095769500004, 212.43364752099998], [-500.640570253, 254.92485886699998], [-584.057697035, 297.417658761], [-667.4592462930001, 339.91192497099996], [-750.835328383, 382.40735321999995], [-834.189535652, 424.90412553699997], [-917.533418243, 467.398875569], [-1000.8584089430001, 509.890815153], [-1084.177102346, 552.382632541], [-1167.4832011550002, 594.875427492], [-1250.780351173, 637.369810951], [-1334.07761682, 679.8674664389999], [-1417.364276318, 722.46843156], [-1500.7408881430001, 765.122302933], [-1584.127443069, 807.781536762], [-1667.577645417, 850.3392644099999], [-1751.025196271, 892.8310407869999]]]}}, {"type": "Feature", "properties": {"name": "vista encantada", "__uuid": "d641803f-7f10-4a38-b748-87a986b63776", "market_name": "Albuquerque, NM ", "submarket_name": "NE abq", "neighborhood_name": "vista encantada "}, "geometry": {"type": "Polygon", "coordinates": [[[-106.489448547, 35.123839967], [-212.986793518, 70.248101144], [-319.48431015, 105.37896099], [-425.997619629, 140.509680444], [-532.54114151, 175.640961464], [-639.123287201, 210.772242484], [-745.724658966, 245.90310233], [-852.334270477, 281.035646857], [-958.9528083800001, 316.162856442], [-1065.5754661560002, 351.28585398300004], [-1172.2025871280002, 386.39200117300004], [-1278.8180351260003, 421.500114417], [-1385.4214668280003, 456.606261607], [-1492.0060157780003, 491.71016182000005], [-1598.5723686220003, 526.80675893], [-1705.1019859320004, 561.889028824], [-1811.5831947330005, 596.952191848], [-1918.0650901800004, 632.034742692], [-2024.5507621770005, 667.122069538], [-2131.0295677190006, 702.220913826], [-2237.5183296210007, 737.326780147], [-2344.0074348460007, 772.441914624], [-2450.4968833930006, 807.565754591]]]}}, {"type": "Feature", "properties": {"name": "Santa_ana", "__uuid": "d732d2f5-b9dc-492d-96ee-81e919021fd4", "market_name": "Los Angeles-Long Beach-Santa Ana, CA", "submarket_name": "Orange_county", "neighborhood_name": "Santa_ana"}, "geometry": {"type": "Polygon", "coordinates": [[[-117.806396484, 33.609472717], [-235.595626831, 67.212940707], [-353.370437622, 100.81269127600001], [-471.129455566, 134.40615046], [-588.893623352, 168.00847464499998], [-706.654014587, 201.61565989599998], [-824.415779113, 235.22770593899997], [-942.172737121, 268.849472743], [-1059.935188293, 302.48010163799995], [-1177.696266174, 336.1193058829999], [-1295.460090637, 369.7667988199999], [-1413.2218551629999, 403.4191502749999], [-1530.9760665889999, 437.0857898989999], [-1648.7343978879999, 470.7630012399999], [-1766.502342224, 504.44964031299986], [-1884.2826461789998, 538.1571309989998], [-2002.075996399, 571.8740460959998], [-2119.8950958249998, 605.6083793499998], [-2237.738227844, 639.3521340679998], [-2355.584449768, 673.1030255699998], [-2473.448524475, 706.8636221439998], [-2591.327018738, 740.6416280059998], [-2709.220962525, 774.4199192369998], [-2827.1409988409996, 808.1859387559998], [-2945.1138438789994, 841.9512922469999], [-3063.0969470479995, 875.7214389669998], [-3181.1010974389997, 909.4934518669999], [-3299.109711025, 943.2671770849998], [-3417.148812519, 977.0412766089999], [-3535.14797418, 1010.7822779699999], [-3653.0982228979997, 1044.485198873], [-3771.014825986, 1078.1744089669999], [-3888.9139630319996, 1111.8624526239998], [-4006.791770649, 1145.527377793], [-4124.653442097, 1179.180015035], [-4242.512651451, 1212.820175447], [-4360.359903343, 1246.452519481], [-4478.196855552, 1280.0828625170002], [-4596.018358238, 1313.7034857590002], [-4713.834024436999, 1347.3149599580001], [-4831.6404209209995, 1380.9244326750002]]]}}, {"type": "Feature", "properties": {"name": "northbourough", "__uuid": "d759ac77-9856-4eb1-af5c-b221b94a177b", "market_name": "Worcester, MA", "submarket_name": "east shrewsbury ", "neighborhood_name": "northbourough"}, "geometry": {"type": "Polygon", "coordinates": [[[-71.566488577, 42.290575545], [-143.13347166, 84.59940091], [-214.709504784, 126.931231098], [-286.288968034, 169.28005570599998], [-357.882585789, 211.64476714499997], [-429.489123978, 254.03876693499998], [-501.12763820600003, 296.41785134099996], [-572.7768684, 338.80770242099993], [-644.449691543, 381.2000427599999], [-716.137119846, 423.5907236039999], [-787.86611668, 465.9565067589999], [-859.619829937, 508.2973823539999], [-931.399383092, 550.6540338829999], [-1003.174442352, 592.971653516], [-1074.933772978, 635.265177553], [-1146.700967921, 677.5404160209999], [-1218.415359595, 719.8164857659999], [-1290.0926766339999, 762.0975429449999], [-1361.7598824079998, 804.3810936929999], [-1433.4012482849998, 846.663813262], [-1505.013035624, 888.946338028], [-1576.594857389, 931.234875618], [-1648.161345966, 973.5254511630001]]]}}, {"type": "Feature", "properties": {"name": "Rosemount", "__uuid": "d7eb459c-c124-41ce-b687-1b0d60d2ffc2", "market_name": "Minneapolis-St. Paul-Bloomington, MN-WI", "submarket_name": "South Minneapolis", "neighborhood_name": "Rosemount"}, "geometry": {"type": "Polygon", "coordinates": [[[-93.218901841, 44.81441805], [-186.440450135, 89.60666182700001], [-279.655816796, 134.384136979], [-372.896822135, 179.147335965], [-466.178347677, 223.887631812], [-559.423611126, 268.620297127], [-652.5420538349999, 313.35405668100003], [-745.6527948799999, 358.09438123800004], [-838.6890865019999, 402.83543519400007], [-931.7246830099999, 447.65156059700007], [-1024.740106262, 492.48207807500006], [-1117.7622405319999, 537.3647077100001], [-1210.929443499, 582.2471879850001], [-1304.110366469, 627.1361581900001], [-1397.307301625, 672.001511001], [-1490.525762327, 716.8571944050001], [-1583.7446641679999, 761.6716124550001]]]}}, {"type": "Feature", "properties": {"name": "corona", "__uuid": "d95b7284-e696-41d3-9010-893a69421087", "market_name": "Riverside-San Bernardino-Ontario, CA", "submarket_name": "south west riv", "neighborhood_name": "corona "}, "geometry": {"type": "Polygon", "coordinates": [[[-117.514332485, 33.817187598], [-235.027886624, 67.639063383], [-352.532100602, 101.462879031], [-470.02775276700004, 135.29057427499998], [-587.507837998, 169.11956267899998], [-704.980139762, 202.94984422299999], [-822.4446580590001, 236.77818605], [-939.9037279290001, 270.60717445399996], [-1057.3456741710002, 304.43099010199995], [-1174.7813936400003, 338.25609896899994], [-1292.2101079880003, 372.0740948939999], [-1409.6325955630005, 405.8920908189999], [-1527.0496347110004, 439.71784628699993], [-1644.4394317240003, 473.5500675039999], [-1761.8113267630004, 507.38358181199993], [-1879.1738816420004, 541.213216788], [-1996.5208695870003, 575.049963738], [-2113.7822393950005, 608.8860641699999], [-2231.0412741630007, 642.726690129], [-2348.291747117001, 676.5686090519999], [-2465.560900392001, 710.456415516], [-2582.8417288670007, 744.34422198], [-2700.1303408090007, 778.228151578], [-2817.4314062980006, 812.1153119100001], [-2934.7534871480007, 846.0031183740001], [-3052.0856865050005, 879.8896325690001], [-3169.4303394100007, 913.7774390330002], [-3286.7851108220007, 947.6600763030002], [-3404.1842479960005, 981.5407750450003], [-3521.6159375020006, 1015.4371152820003], [-3639.0687805980006, 1049.3656182030002], [-3756.5241840340004, 1083.3172970520002], [-3873.9887023310002, 1117.2787304890003], [-3991.468787562, 1151.2362904090003], [-4108.987011781001, 1185.1944959280004], [-4226.520024587001, 1219.1436626230004], [-4344.074831101001, 1253.0863724270005], [-4461.638199429001, 1287.0277907940006], [-4579.221026424001, 1320.9530645480006], [-4696.827203820001, 1354.8621906270007], [-4814.420683921001, 1388.7579132010007], [-4932.062304874001, 1422.6408886480008], [-5049.707592458, 1456.5239384250008], [-5167.36903247, 1490.3986597600008], [-5285.009067948, 1524.2730579800009], [-5402.636649878, 1558.141639920001], [-5520.253724128, 1592.000527181001], [-5637.869630858, 1625.8510114960009], [-5755.471916521, 1659.6921223190009], [-5873.06330533, 1693.5312936710009], [-5990.651191579, 1727.366262683001], [-6108.22662428, 1761.196705868001], [-6225.799332768, 1795.021976386001], [-6343.354528455, 1828.845630381001], [-6460.903886542, 1862.668961068001], [-6578.449352895, 1896.489381926001], [-6695.984311568, 1930.307539515001], [-6813.526664534999, 1964.115349970001], [-6931.060455687999, 1997.920250068001], [-7048.5747881729985, 2031.737437666001]]]}}, {"type": "Feature", "properties": {"name": "downtown paso", "__uuid": "d9858b6a-9672-40f0-895e-9dcea3b79a21", "market_name": "El Paso, TX", "submarket_name": "central paso", "neighborhood_name": "downtown paso"}, "geometry": {"type": "Polygon", "coordinates": [[[-106.46831717, 31.758269329], [-212.919860976, 63.523508649], [-319.358008858, 95.280974458], [-425.760012175, 127.06263390800001], [-532.1566173599999, 158.847310727], [-638.5552495579999, 190.635874572], [-744.9534497249999, 222.426429666], [-851.35722358, 254.22250111099999], [-957.761351234, 286.04668182899997], [-1064.19503847, 317.87080818699997], [-1170.6481337930002, 349.69610293299996], [-1277.1135960780002, 381.517221136], [-1383.5803578250002, 413.312256068], [-1490.0486749950003, 445.070525397]]]}}, {"type": "Feature", "properties": {"name": "Fort Lauder center", "__uuid": "d993231f-fe0c-4bbc-b589-c4b6c7f99db4", "market_name": "Miami-Fort Lauderdale-Pompano Beach, FL", "submarket_name": "Fort Lauderdale suburbs", "neighborhood_name": "Fort Lauder center"}, "geometry": {"type": "Polygon", "coordinates": [[[-80.107347147, 26.056891775], [-160.202302646, 52.224591847], [-240.420666208, 78.384372535], [-320.640439164, 104.545922331], [-400.97539362599997, 130.698556175], [-481.417246746, 156.842836438], [-561.854264301, 182.88972501400002], [-641.961611448, 208.94661678900002]]]}}, {"type": "Feature", "properties": {"name": "oakland", "__uuid": "d9e1c48f-0f6a-421e-9639-77d166037f0d", "market_name": "San Francisco-Oakland-Fremont, CA", "submarket_name": "hayward ", "neighborhood_name": "oakland "}, "geometry": {"type": "Polygon", "coordinates": [[[-122.131472821, 37.627018627], [-244.241082653, 75.255611424], [-366.33976096000004, 112.88971340199998], [-488.41061356500006, 150.525389357], [-610.450659144, 188.16421316499998], [-732.43306577, 225.75344279599997], [-854.3946031199999, 263.33715992099997], [-976.313408142, 300.889369183], [-1098.226250514, 338.44788108399996], [-1220.1321364609998, 376.01269509099996], [-1342.0131780309998, 413.59011171], [-1463.8827428869997, 451.17904979699995], [-1585.7667657829998, 488.81866054799997], [-1707.6736455049997, 526.481875696], [-1829.5954318529998, 564.182055981], [-1951.541068739, 601.912109459], [-2073.513537552, 639.683022582], [-2195.503894316, 677.4892768000001], [-2317.4992199549997, 715.3128027340001], [-2439.5243165189995, 753.1613032140001], [-2561.5693309109997, 791.0358356090001], [-2683.6401287, 828.9335547290001], [-2805.7328442939997, 866.8316166650001], [-2927.8643171149997, 904.7218362560001], [-3050.048460014, 942.6002907630001], [-3172.307136042, 980.4960000830001], [-3294.617488372, 1018.3838668080001], [-3416.912934077, 1056.213672364], [-3539.231236608, 1094.037198298], [-3661.57736484, 1131.839526562], [-3783.910573997, 1169.6190801799999], [-3906.1742189, 1207.371137809], [-4028.4428326780003, 1245.1114083129999], [-4150.658776378, 1282.807656968], [-4272.848881927, 1320.51884454], [-4394.980354748, 1358.145863167]]]}}, {"type": "Feature", "properties": {"name": "kent island", "__uuid": "da1a5677-9e74-4687-a67d-07a3e8ab165a", "market_name": "Baltimore-Towson, MD", "submarket_name": "east bay ", "neighborhood_name": "kent island "}, "geometry": {"type": "Polygon", "coordinates": [[[-76.332443432, 38.862913762], [-152.670885936, 77.766921973], [-229.010528254, 116.684934222], [-305.329773727, 155.600145884], [-381.6490192, 194.52562582299998], [-457.962265601, 233.473504118], [-534.262314044, 272.43724363399997], [-610.563562301, 311.410311622], [-686.844413713, 350.394572154], [-763.144462156, 389.416128388], [-839.448110042, 428.453529342], [-915.7613564430001, 467.48440643000004], [-992.081801731, 506.50130177700004], [-1068.402247019, 545.504212618], [-1144.738289894, 584.484742499], [-1221.091130171, 623.441951354], [-1297.452369149, 662.3711648440001], [-1373.818407384, 701.2873100480001], [-1450.183245805, 740.1614337440001], [-1526.557682741, 779.015004544], [-1602.933319492, 817.857362169], [-1679.299357727, 856.695047116], [-1755.660596705, 895.5467491759999], [-1831.993040137, 934.4096629379999]]]}}, {"type": "Feature", "properties": {"name": "Memorial", "__uuid": "db8b6607-9440-41a8-afa5-fb769d0b2b21", "market_name": "Houston-Sugar Land-Baytown, TX", "submarket_name": "West Outer Loop", "neighborhood_name": "Memorial"}, "geometry": {"type": "Polygon", "coordinates": [[[-95.456771851, 29.766165537], [-190.911483765, 59.547827139999995], [-286.473312378, 89.33276645], [-382.035321722, 119.10287804199999], [-477.596054898, 148.85148019399998], [-573.133104592, 178.60004272299997], [-668.65761995, 208.35239727199996], [-764.163745564, 238.10511578499995], [-859.638713521, 267.86949315999993], [-955.095485372, 297.63565869699994]]]}}, {"type": "Feature", "properties": {"name": "north pole", "__uuid": "dc5b42c4-6373-41b4-a15b-7187270446ce", "market_name": "Fairbanks, AK", "submarket_name": "east badger", "neighborhood_name": "north pole "}, "geometry": {"type": "Polygon", "coordinates": [[[-147.383460279, 64.779858752], [-294.78477497899996, 129.546203029], [-442.199478065, 194.297798614], [-589.582941584, 259.042254844], [-736.9407440299999, 323.784806928], [-884.2717697039999, 388.511168349], [-1031.587175595, 453.23371879399997], [-1178.767404641, 517.949559791], [-1325.952273769, 582.699251733], [-1473.1806551509999, 647.449419598], [-1620.416846425, 712.218141942], [-1767.66196329, 776.9878154539999], [-1914.907080155, 841.783632963], [-2062.290540434, 906.5634917149999]]]}}, {"type": "Feature", "properties": {"name": "enumclaw", "__uuid": "dc990498-5809-4b45-b794-318fe7d679bf", "market_name": "Seattle-Tacoma-Bellevue, WA", "submarket_name": "south east mountains ", "neighborhood_name": "Enumclaw"}, "geometry": {"type": "Polygon", "coordinates": [[[-122.15438227, 47.333009537], [-244.329993023, 94.635172151], [-366.504917164, 141.929962919], [-488.679143739, 189.220973609], [-610.833295904, 236.495534422], [-732.977416359, 283.761349234], [-855.116074506, 331.023553245], [-977.2443451290001, 378.283888573], [-1099.360197147, 425.531606158], [-1221.478315934, 472.757860823], [-1343.5911508249999, 519.959235421], [-1465.693417925, 567.144418837], [-1587.787465632, 614.266576072], [-1709.859203558, 661.35932941], [-1831.747766439, 708.464094551], [-1953.321643986, 755.4662466890001], [-2074.51977785, 802.5859857170001], [-2195.795408849, 849.9432399000001], [-2317.131511097, 897.3211817360001], [-2438.546871778, 944.7548626010001], [-2560.015071414, 992.2601715640001], [-2681.604213548, 1039.7539500960002], [-2803.281420607, 1087.280708981], [-2925.0214473130004, 1134.830299702], [-3046.8172484720003, 1182.412252202], [-3168.658843392, 1229.99767437], [-3290.5157029, 1277.599265939], [-3412.4101367760004, 1325.2204995979998], [-3534.3456676170003, 1372.8381527669999], [-3656.287069453, 1420.425253896], [-3778.2801360450003, 1467.997269435], [-3900.299622115, 1515.547049388], [-4022.347876061, 1563.080947435], [-4144.444272166, 1610.597382591], [-4266.541989245, 1658.098679405], [-4388.619891716, 1705.588017737], [-4510.676952154, 1753.018449126], [-4632.724765775, 1800.418623978], [-4754.772834033, 1847.809058135], [-4876.869298094, 1895.178196887], [-4999.008220373001, 1942.524580556], [-5121.154021632001, 1989.865631833], [-5243.301481539001, 2037.2013835], [-5365.455863809, 2084.534393037]]]}}, {"type": "Feature", "properties": {"name": "Montoya", "__uuid": "dca639c9-5b00-4408-b756-4ee8bdc28c0d", "market_name": "El Paso, TX", "submarket_name": "Northwest El Paso", "neighborhood_name": "Montoya "}, "geometry": {"type": "Polygon", "coordinates": [[[-106.532889405, 31.90702378], [-213.082446889, 63.811110178], [-319.649761565, 95.719250665], [-426.234252078, 127.627524636], [-532.8527669059999, 159.536560743], [-639.484802182, 191.446579802], [-746.1239504419999, 223.352027014], [-852.7688697159999, 255.251175214], [-959.412289004, 287.145421193], [-1066.0456562299998, 319.035536304], [-1172.6734513109998, 350.920041201], [-1279.3083377929997, 382.79312696], [-1385.9435426169998, 414.659166523], [-1492.5712598459997, 446.52087100800003], [-1599.1961466809998, 478.377218228], [-1705.8101919189999, 510.225578722], [-1812.4144489429998, 542.071892752], [-1919.0178496029998, 573.9110380540001], [-2025.6247712979998, 605.7427586690001], [-2132.2259582069996, 637.567388012], [-2238.8147020189995, 669.391346053], [-2345.3919870509994, 701.202888383], [-2451.9625098149995, 733.013875911], [-2558.5294383179994, 764.8279151410001], [-2665.0903329629996, 796.639906814], [-2771.636714901, 828.447467196], [-2878.131063901, 860.3235640910001], [-2984.634000427, 892.205311527], [-3091.1460726210003, 924.096965712], [-3197.664332192, 955.9953289030001], [-3304.185039429, 987.902936132], [-3410.717928834, 1019.8099599120001]]]}}, {"type": "Feature", "properties": {"name": "whitney ", "__uuid": "dde60d09-a490-40d7-b65e-4eff2d897fed", "market_name": "Las Vegas-Paradise, NV", "submarket_name": "east lv ", "neighborhood_name": "whitney "}, "geometry": {"type": "Polygon", "coordinates": [[[-115.081787109, 36.099602471], [-230.201683044, 72.199204942], [-345.320892334, 108.27050724099999], [-460.440444946, 144.327378082], [-575.524634322, 180.383221981], [-690.537756881, 216.439815268], [-805.532340011, 252.49057969499998], [-920.524863204, 288.542176843], [-1035.518759688, 324.59877013], [-1150.512299576, 360.671060727], [-1265.49839446, 396.754029171], [-1380.5116150120002, 432.846053112], [-1495.5341441890002, 468.947634527], [-1610.5664146660001, 505.047409146], [-1725.629620331, 541.147591732], [-1840.7114074400001, 577.247194203]]]}}, {"type": "Feature", "properties": {"name": "Pontoon Beach", "__uuid": "ddfabccb-bbc7-4286-b153-e35d65398960", "market_name": "St. Louis, MO-IL", "submarket_name": "Granite City", "neighborhood_name": "Pontoon Beach"}, "geometry": {"type": "Polygon", "coordinates": [[[-90.178107669, 38.633309779], [-180.30690175, 77.311648053], [-270.41679225300004, 116.012249083], [-360.50612096900005, 154.725531609], [-450.53939655500005, 193.45789378], [-540.5782176280001, 232.217968136], [-630.696730816, 270.983764325], [-720.868642088, 309.695503784], [-811.053991737, 348.373824345], [-901.2320994060001, 387.007134124]]]}}, {"type": "Feature", "properties": {"name": "downtown port", "__uuid": "de2e394c-7a0f-481f-8af4-c70bf55916f6", "market_name": "Portland-Vancouver-Hillsboro, OR-WA", "submarket_name": "central port ", "neighborhood_name": "downtown port "}, "geometry": {"type": "Polygon", "coordinates": [[[-122.769909803, 45.29399264], [-245.436677272, 90.571708679], [-368.00801594300003, 135.905694673], [-490.35283520200005, 181.341231337], [-612.677263623, 226.88935334800001], [-735.0227273090001, 272.448170022], [-857.407067585, 318.018824269], [-979.817432522, 363.586104895], [-1102.250446173, 409.150010448], [-1224.726358164, 454.726737728], [-1347.23889939, 500.310886264], [-1469.792889488, 545.902455076], [-1592.3864006029999, 591.499419835], [-1715.017504881, 637.103128799], [-1837.688087351, 682.717613755], [-1960.3866665369999, 728.34626923], [-2083.1469957249997, 773.9979455299999], [-2205.94188241, 819.6204837849999], [-2328.710828285, 865.204632321], [-2451.507728051, 910.7692136109999], [-2574.33836527, 956.3425672679999], [-2697.334797977, 1001.932787012], [-2820.3370142470003, 1047.510863684], [-2943.3469419350004, 1093.082867836], [-3066.3501221330002, 1138.6420500660001], [-3189.3465548400004, 1184.177605304], [-3312.3391318380004, 1229.701005651], [-3435.3355645450006, 1275.1825190450002], [-3558.3204301250007, 1320.6254959710002], [-3681.285053233001, 1366.0353240000002], [-3804.2149749590008, 1411.4343236840002], [-3927.088763229001, 1456.7828946840002], [-4049.913616885001, 1502.0992599840001], [-4172.683526688001, 1547.393252624]]]}}, {"type": "Feature", "properties": {"name": "Austin Core", "__uuid": "deb051b1-ecd4-4844-9bd7-8433100d3dbf", "market_name": "Austin-Round Rock-San Marcos, TX", "submarket_name": "Austin", "neighborhood_name": "Austin Core"}, "geometry": {"type": "Polygon", "coordinates": [[[-97.736649513, 30.260549927], [-195.470337867, 60.53088527], [-293.198618888, 90.81411808], [-390.919003486, 121.109060915], [-488.647547315, 151.407709125], [-586.389804007, 181.712392921], [-684.147095801, 212.021934271], [-781.904559256, 242.32184232699998], [-879.675326468, 272.595735761], [-977.417211653, 302.855877941], [-1075.15677941, 333.109570083], [-1172.8924418699999, 363.361408687], [-1270.6290913829998, 393.621958614]]]}}, {"type": "Feature", "properties": {"name": "rosaryville", "__uuid": "def4a124-e2b3-435e-9180-6ac4b6a44ac0", "market_name": "Washington-Arlington-Alexandria, DC-VA-MD-WV", "submarket_name": "south east wash", "neighborhood_name": "rosaryville"}, "geometry": {"type": "Polygon", "coordinates": [[[-76.935710907, 38.871121974], [-153.892598196, 77.725162136], [-230.76668266899998, 116.475496999], [-307.47150902399994, 155.17413725], [-384.1845751249999, 193.988703386], [-461.09311873699994, 232.879752203], [-538.028829644, 271.750874177]]]}}, {"type": "Feature", "properties": {"name": "Spring Branch - Inwood", "__uuid": "dfe84b34-ef33-444b-b621-0539dc5ffc7e", "market_name": "Houston-Sugar Land-Baytown, TX", "submarket_name": "North West Houston", "neighborhood_name": "Spring Branch - Inwood"}, "geometry": {"type": "Polygon", "coordinates": [[[-95.454711914, 29.782555534], [-190.90461731, 59.587158830999996], [-286.335639954, 89.401294791], [-381.712417603, 119.216026512], [-477.120437623, 149.086148509], [-572.577896119, 179.024721349], [-668.097152711, 208.962996679], [-763.654864192, 238.88877473800002], [-859.203646541, 268.769018517], [-954.7726849320001, 298.645987714], [-1050.343439937, 328.477399309], [-1145.9670666460001, 358.26382845], [-1241.5048626670002, 388.049363695], [-1336.9595745810002, 417.831919229]]]}}, {"type": "Feature", "properties": {"name": "auburn", "__uuid": "e0d758a8-b826-4fd3-9741-f502b2f22008", "market_name": "Worcester, MA", "submarket_name": "south worcester", "neighborhood_name": "auburn"}, "geometry": {"type": "Polygon", "coordinates": [[[-71.852834744, 42.117638361], [-143.691064328, 84.229442944], [-215.509071384, 126.338747172], [-287.305732438, 168.454718794], [-359.029144106, 210.604782086], [-430.808953053, 252.815687858], [-502.593300794, 295.04628521399997], [-574.393979776, 337.28954848699993], [-646.2243450440001, 379.53539408699993], [-718.1243656880001, 421.73631349899995], [-790.0198924360001, 463.91642292399996], [-861.908435733, 506.08447755], [-933.771381741, 548.202115911], [-1005.624216485, 590.319754272]]]}}, {"type": "Feature", "properties": {"name": "West Nashville", "__uuid": "e27ef382-789b-4958-90a2-1262374b203c", "market_name": "Nashville-Davidson--Murfreesboro--Franklin, TN", "submarket_name": "Nashville Core", "neighborhood_name": "West Nashville"}, "geometry": {"type": "Polygon", "coordinates": [[[-86.823835373, 36.156241542], [-173.657541275, 72.310404037], [-260.496488058, 108.477479973], [-347.34598680700003, 144.645155289], [-434.21539827600003, 180.83250665], [-521.0958819030001, 217.033642154], [-607.9917292240001, 253.240872385], [-694.8983053810001, 289.445193828], [-781.8105371120001, 325.64322877200004], [-868.7206500310001, 361.828980998], [-955.6180423040001, 398.00116007], [-1042.507538154, 434.164747137], [-1129.395231559, 470.320503573], [-1216.2862723609999, 506.464616563], [-1303.186233468, 542.599681741], [-1390.092112592, 578.728849729], [-1477.01431291, 614.842317352], [-1563.899905522, 650.925226593], [-1650.753695805, 687.0484047560001], [-1737.613745576, 723.1847962100001], [-1824.437580949, 759.341037752]]]}}, {"type": "Feature", "properties": {"name": "El Paso West ", "__uuid": "e28b0d23-5de5-4ed4-ba76-caa297b3ccb6", "market_name": "El Paso, TX", "submarket_name": "West El Paso", "neighborhood_name": "El Paso west "}, "geometry": {"type": "Polygon", "coordinates": [[[-106.456308178, 31.896405599], [-212.917442221, 63.788481761], [-319.39176203399995, 95.68217552499999], [-425.882263644, 127.56350125399999], [-532.375743544, 159.438747149], [-638.921686123, 191.24538783999998], [-745.4475477029999, 223.03506631499997], [-851.9758720039999, 254.81689743499996], [-958.4958353879999, 286.58984779799994], [-1065.008501566, 318.36149084299996], [-1171.518492282, 350.122922407], [-1278.025444486, 381.88567388599995], [-1384.524967303, 413.64277895199996], [-1491.01316198, 445.38954010899994], [-1597.4835495309999, 477.14035072199994], [-1703.952113098, 508.8996696649999], [-1810.418485384, 540.7173757649999], [-1916.874793562, 572.6137813639999]]]}}, {"type": "Feature", "properties": {"name": "Mansfield-Burleson", "__uuid": "e2cba9e5-5ec9-4102-a2a8-e9976cc685b0", "market_name": "Dallas-Fort Worth-Arlington, TX", "submarket_name": "Fort Worth Outskirts", "neighborhood_name": "Mansfield-Burleson"}, "geometry": {"type": "Polygon", "coordinates": [[[-97.05871582, 32.633014318], [-194.12361145, 65.309676076], [-291.31793975799997, 97.978534889], [-388.553810119, 130.649416753], [-485.801353454, 163.310182904], [-583.122367858, 195.97557352299998], [-680.485610961, 228.60078108599998], [-777.879753112, 261.171611632], [-875.230979919, 293.69063766], [-972.314414978, 326.21776916], [-1069.342918396, 358.805089841], [-1166.401634216, 391.438104159]]]}}, {"type": "Feature", "properties": {"name": "downtown balt ", "__uuid": "e2d45a3b-425c-4620-b53f-846b7e578ea5", "market_name": "Baltimore-Towson, MD", "submarket_name": "central balt ", "neighborhood_name": "downtown balt "}, "geometry": {"type": "Polygon", "coordinates": [[[-76.73872593, 39.285485903], [-153.46649535199998, 78.56571823600001], [-230.189140416, 117.83760543100001], [-306.86865003699995, 157.08970029600002], [-383.53889073999994, 196.334726377], [-460.2046966539999, 235.567570807], [-536.863567789, 274.787543454], [-613.52108774, 314.006845234], [-690.153941226, 353.210183151], [-766.753274174, 392.418743144], [-843.338043447, 431.628445656], [-919.89398214, 470.832481921], [-996.4377784610001, 510.02541465900003], [-1072.9735467720002, 549.216258617], [-1149.4969946810002, 588.409476671], [-1226.0143662490002, 627.624428442], [-1302.510356873, 666.823326855], [-1378.951032015, 706.01620101], [-1455.346770593, 745.2422124020001], [-1531.7406646499999, 784.488534852], [-1608.1162979479998, 823.776672252], [-1684.5487145949999, 863.069419829], [-1760.99669187, 902.374231846], [-1837.455108514, 941.694834365], [-1913.9301110719998, 981.023600849], [-1990.423138062, 1020.36123829], [-2066.920695881, 1059.710950633], [-2143.433522097, 1099.079538089], [-2219.963600979, 1138.4338016959998], [-2296.517404563, 1177.7970698809997], [-2373.085609949, 1217.1649393299997], [-2449.6606387310003, 1256.5332817499998], [-2526.24601703, 1295.8984789939998], [-2602.8395725660002, 1335.2651691379997], [-2679.442913656, 1374.6293521919997], [-2756.059927176, 1413.9932283289997], [-2832.6848582390003, 1453.3547956969996], [-2909.3199675230003, 1492.7164937069997], [-2985.9611209410004, 1532.0782929499996], [-3062.6118568090005, 1571.4390057739997], [-3139.2641602340004, 1610.7985737789998], [-3215.9178926770005, 1650.1563822629998], [-3292.5792710010005, 1689.5109655769998], [-3369.2535461210005, 1728.8678416449998], [-3445.9453785850005, 1768.2162782279997], [-3522.6414807340007, 1807.5618570859997], [-3599.348729890001, 1846.9034058129996], [-3676.055479191001, 1886.2401390889995], [-3752.761608584001, 1925.5555234259996], [-3829.467917805001, 1964.8660375849995], [-3906.176663479001, 2004.1680914059996], [-3982.881484495001, 2043.4625930599996], [-4059.589616192001, 2082.7542953069997], [-4136.308644132001, 2122.0441604609996], [-4213.047370062001, 2161.3296463639995]]]}}, {"type": "Feature", "properties": {"name": "Lindenhurst", "__uuid": "e4fe42cb-9128-49f3-9523-3cf3e5ca7ddd", "market_name": "New York-Northern New Jersey-Long Island, NY-NJ-PA", "submarket_name": "Suffolk_county", "neighborhood_name": "Lindenhurst"}, "geometry": {"type": "Polygon", "coordinates": [[[-73.418884277, 40.780541432], [-146.84309005699998, 81.547953092], [-220.264720916, 122.305483212], [-293.689098357, 163.028936764], [-367.117595671, 203.742111895], [-440.54523467900003, 244.44891100499999], [-513.9701271050001, 285.145038674], [-587.3886379290001, 325.83158568799996], [-660.7870945020001, 366.441368068], [-734.0502819100001, 407.06066302], [-807.3139843030001, 447.716562218], [-880.592449574, 488.39980379599996], [-953.882072834, 529.0969726569999], [-1027.170837788, 569.8031211189999], [-1100.4602893869999, 610.5148649519999], [-1173.7483676949998, 651.2340251789999], [-1247.034901051, 691.967885641], [-1320.315254597, 732.7155327529999], [-1393.595690143, 773.487844467], [-1466.874069322, 814.2792585599999], [-1540.1557397459999, 855.084353711], [-1613.4705972289998, 895.8880284249999], [-1686.8005609129998, 936.6900139029999], [-1760.1478623959997, 977.4851120479999], [-1833.5178231809998, 1018.2748817669999], [-1906.9212579339999, 1059.0580228459999], [-1980.332074127, 1099.8393441829999], [-2053.750958404, 1140.619885615]]]}}, {"type": "Feature", "properties": {"name": "spring mountains ", "__uuid": "e5d05b09-a9d9-4e34-9b93-d18f405ad434", "market_name": "Las Vegas-Paradise, NV", "submarket_name": "west foothills ", "neighborhood_name": "spring mountains "}, "geometry": {"type": "Polygon", "coordinates": [[[-115.548242559, 36.524445362], [-231.108802621, 73.03032903100001], [-346.669362683, 109.44705462000002], [-462.262256191, 145.71743849], [-577.622656826, 181.873534768], [-692.946104951, 218.212162978], [-808.3696327900001, 254.635083412], [-923.817795635, 291.102592142], [-1039.366038194, 327.627037504]]]}}, {"type": "Feature", "properties": {"name": "mill creek ", "__uuid": "e748faf4-b96c-484a-8b52-60c7904ac4e5", "market_name": "Seattle-Tacoma-Bellevue, WA", "submarket_name": "north sammamish", "neighborhood_name": "mill creek "}, "geometry": {"type": "Polygon", "coordinates": [[[-122.311587611, 47.924599323], [-244.640622665, 95.816146414], [-366.974209225, 143.694975487], [-489.304002863, 191.56261012099998], [-611.639865177, 239.42261079699998], [-733.9787618290001, 287.27039480099995], [-856.3313130010001, 335.11054192299997], [-978.7191383510001, 382.919620825], [-1101.1012743180002, 430.721820578], [-1223.4697557640002, 478.512045737], [-1345.8283756120002, 526.306857567], [-1468.1714444780002, 574.0858691489999], [-1590.4875835950002, 621.8648807389999], [-1712.750621799, 669.6250276899999], [-1834.959041921, 717.3775248659999], [-1957.1306706960002, 765.137671814], [-2079.282576313, 812.871804983], [-2201.418930948, 860.6044075249999], [-2323.546941154, 908.297197894], [-2445.663572593, 955.968538353], [-2567.785514123, 1003.625573952], [-2689.886215288, 1051.270598977], [-2811.9702275940003, 1098.901058029], [-2934.079273188, 1146.506461422], [-3056.1860430280003, 1194.085773724], [-3178.2905371150005, 1241.6599686010002], [-3300.3874453570006, 1289.234675243], [-3422.4646304030007, 1336.8052876240001], [-3544.5319538510007, 1384.362591448], [-3666.5666581660007, 1431.905559198], [-3788.5892251300006, 1479.45518347], [-3910.5844830520005, 1527.027331236], [-4032.5266400610003, 1574.615342014], [-4154.463866271, 1622.2337860849998], [-4276.358232449001, 1669.8569649629999], [-4398.2541157860005, 1717.5347191719998], [-4520.222823228, 1765.2382323539998], [-4642.199116510001, 1812.9858811569998], [-4764.139566674001, 1860.7520719589997], [-4886.115480661001, 1908.5643355859997], [-5008.077550480001, 1956.4088967099997], [-5130.022884029001, 2004.2544032149997], [-5251.945412632001, 2052.0906725419995], [-5373.839826198001, 2099.9345064709996], [-5495.690953037001, 2147.7797952869996], [-5617.575884296001, 2195.6304864289996], [-5739.479350441001, 2243.4800812559997], [-5861.419753189, 2291.3349589669997], [-5983.398511865001, 2339.191675493], [-6105.413018833001, 2387.064285256], [-6227.447343820001, 2434.958385612], [-6349.531687971001, 2482.8665941699996], [-6471.644810920001, 2530.777723162], [-6593.812504539001, 2578.700925667], [-6715.984346667001, 2626.6360102539998], [-6838.168681733001, 2674.574336332], [-6960.369610834001, 2722.4905486059997], [-7082.604273238001, 2770.4119079449997], [-7204.874186114001, 2818.3292634179998], [-7327.156591928001, 2866.2492240409997], [-7449.452830056001, 2914.1679453889997], [-7571.764417667001, 2962.092544712]]]}}, {"type": "Feature", "properties": {"name": "SL Downtown", "__uuid": "e77938cd-6b0c-4ed4-968b-383456ac41df", "market_name": "St. Louis, MO-IL", "submarket_name": "Downtown", "neighborhood_name": "SL Downtown"}, "geometry": {"type": "Polygon", "coordinates": [[[-90.327647748, 38.727363973], [-180.65794863000002, 77.43557920500001], [-270.99753548, 116.13344163000001], [-361.35304113300003, 154.811111772], [-451.704567085, 193.471173736], [-542.044153935, 232.10792410099998], [-632.359758273, 270.70624706999996], [-722.6299506080001, 309.226859114], [-812.865230618, 347.793565737], [-903.0602161820001, 386.391291859], [-993.2403661230001, 425.022558226], [-1083.427910369, 463.698446138], [-1173.755558117, 502.42581011100003]]]}}, {"type": "Feature", "properties": {"name": "bristol", "__uuid": "e77ec9b9-dd6b-4779-8938-9874a78b08c7", "market_name": "Providence-New Bedford-Fall River, RI-MA", "submarket_name": "portsmouth ", "neighborhood_name": "bristol"}, "geometry": {"type": "Polygon", "coordinates": [[[-71.237415698, 41.509167552], [-142.461831389, 83.03502161200001], [-213.69831851499998, 124.586592276], [-284.933877069, 166.161090743], [-356.176864198, 207.751564382], [-427.41613703999997, 249.37119987699998], [-498.63126701199997, 291.01165719899996], [-569.8491826989999, 332.66113522499995], [-641.0828841089999, 374.33974842899994], [-712.3258712379999, 416.03847108599996], [-783.5883583779998, 457.76838561999995], [-854.8712740999998, 499.498993135], [-926.1597612539998, 541.211580717], [-997.4603198419998, 582.892968012], [-1068.7673784339997, 624.566032675], [-1140.0670084509998, 666.217592222], [-1211.3397098819999, 707.840698489], [-1282.6625541969997, 749.354038071], [-1353.9770413639997, 790.862510258], [-1425.2766713809997, 832.368896307], [-1496.5456585239997, 873.878759216], [-1567.7830742219996, 915.387926768]]]}}, {"type": "Feature", "properties": {"name": "Great_neck", "__uuid": "e79adc6e-0465-4e21-a308-30a9bb5828ef", "market_name": "New York-Northern New Jersey-Long Island, NY-NJ-PA", "submarket_name": "Nassau_county", "neighborhood_name": "Great_neck"}, "geometry": {"type": "Polygon", "coordinates": [[[-73.783712616, 40.800607107], [-147.55942024, 81.60036491299999], [-221.315144099, 122.36839262299999], [-295.047132016, 163.111148233], [-368.76587535199997, 203.868858652], [-442.46553351999995, 244.628912033], [-516.156845009, 285.39382772], [-589.83940896, 326.161406408], [-663.517739239, 366.933144366], [-737.186417003, 407.7069243], [-810.850332611, 448.485456154], [-884.50254152, 489.267095879], [-958.152548897, 530.052420495], [-1031.767451259, 570.835855911], [-1105.3730555549998, 611.6156977009999], [-1178.962034366, 652.398706161], [-1252.53738224, 693.176327809], [-1326.1073698609998, 733.950391541], [-1399.66232731, 774.734780568], [-1473.2183486879999, 815.528137527], [-1546.8125926129999, 856.33066145], [-1620.4638507149998, 897.1621491149999], [-1694.1236666579998, 938.0159787559999], [-1767.7849601509997, 978.8901689359999], [-1841.5619161799998, 1019.7648710209999], [-1915.3404211129998, 1060.5833579129999], [-1989.1241337289998, 1101.3839650199998]]]}}, {"type": "Feature", "properties": {"name": "fountain hills", "__uuid": "e8507038-018f-447a-a484-28770fe442e6", "market_name": "Phoenix-Mesa-Glendale, AZ ", "submarket_name": "east scottsdale ", "neighborhood_name": "fountain hills"}, "geometry": {"type": "Polygon", "coordinates": [[[-111.634140015, 33.452641116], [-223.263473511, 66.920749071], [-334.895553589, 100.41520158200001], [-446.578445435, 133.910799327], [-558.262710572, 167.424718751], [-670.014953614, 200.939783151], [-781.741790772, 234.475454531], [-893.461761475, 268.031727979], [-1005.173492432, 301.59772847399995], [-1116.870803833, 335.17059445999996], [-1228.5495758060001, 368.75146949599997], [-1340.2036285400002, 402.335204726], [-1451.8748474120002, 435.972122294], [-1563.5776519770002, 469.614184799], [-1675.3656005850003, 503.25510401099996], [-1787.1528625480003, 536.8857329059999], [-1898.9325714100003, 570.5129314229999], [-2010.7191467270002, 604.134984115], [-2122.502975462, 637.7524624829999], [-2234.276504515, 671.3687972319999], [-2346.043167113, 704.9725511709999], [-2457.8153228749998, 738.5734455789999], [-2569.584045409, 772.1697645399998], [-2681.3623809799997, 805.7660835009998], [-2793.1750488269995, 839.3641182829998], [-2905.0041961659995, 872.9735909999998], [-3016.8443298329994, 906.5802043749999], [-3128.6858367909995, 940.1919644969998], [-3240.5191040029995, 973.8071556119999], [-3352.3599243149993, 1007.4475031719999], [-3464.219284055999, 1041.090137317], [-3576.0820762959993, 1074.737609414], [-3687.9758912439993, 1108.386095115], [-3799.865463387999, 1142.027585975], [-3911.755035531999, 1175.660501714], [-4023.6452943209993, 1209.280839063], [-4135.536239755999, 1242.887452438], [-4247.427185190999, 1276.482055544], [-4359.318256115999, 1310.0665587950002], [-4471.207623189999, 1343.6483479780002], [-4583.095822042999, 1377.2229302520002], [-4694.985864265, 1410.7910968680003], [-4806.872689487, 1444.3548710890002], [-4918.7532371669995, 1477.9152044450002], [-5030.63091912, 1511.4693902180002], [-5142.446780793, 1545.0224723360002], [-5254.230609527999, 1578.526658851], [-5366.0000187079995, 1612.0090854940001], [-5477.759128205, 1645.4932302200002], [-5589.5058780829995, 1678.9727933140002], [-5701.223102204, 1712.4546472550003], [-5812.924533478, 1745.9302012230003], [-5924.610672195, 1779.4045163820003], [-6036.283951004, 1812.8611676840003], [-6147.942810257, 1846.3046419630002], [-6259.589309891, 1879.7412404790002], [-6371.224830186, 1913.1701452330003], [-6482.857458388, 1946.6075173020004], [-6594.493658339, 1980.0561480460003], [-6706.127798354, 2013.5087891620003]]]}}, {"type": "Feature", "properties": {"name": "brockton", "__uuid": "e8e4751c-c8ac-49d0-aeda-1513309a82fa", "market_name": "Boston-Cambridge-Quincy, MA-NH", "submarket_name": "bridgewater", "neighborhood_name": "brockton "}, "geometry": {"type": "Polygon", "coordinates": [[[-71.056547627, 42.101876501], [-142.119478864, 84.163419819], [-213.164477505, 126.17684586], [-284.199373014, 168.15959593899998], [-355.226001031, 210.114742319], [-426.245050611, 252.06027228099998], [-497.241900226, 293.983991738], [-568.203823166, 335.88649312399997], [-639.142985671, 377.790924314], [-710.044238369, 419.701018222], [-780.9731991360001, 461.67511953900004], [-851.8982000330001, 503.692822673], [-922.8261708320001, 545.725731648], [-993.7731529020001, 587.79640731], [-1064.722808276, 629.900449062], [-1135.740447241, 671.991607447], [-1206.7603069220002, 714.100370204], [-1277.796547351, 756.202341003], [-1348.8530949780002, 798.304217504]]]}}, {"type": "Feature", "properties": {"name": "Sandy Springs", "__uuid": "e90023f3-6415-4761-a007-e20449e40ef1", "market_name": "Atlanta-Sandy Springs-Marietta, GA", "submarket_name": "West Sandy Springs", "neighborhood_name": "Sandy Springs "}, "geometry": {"type": "Polygon", "coordinates": [[[-84.558201394, 34.01087529], [-168.951807265, 67.810235875], [-253.30605784200003, 101.628166236], [-337.67137844900003, 135.493003728], [-422.03100990100006, 169.395593252], [-506.3611560930001, 203.408441144], [-590.6821601610001, 237.429063219], [-675.0254256080001, 271.465360887], [-759.3881558980002, 305.51595987499996], [-843.7804646060001, 339.57811308899994], [-928.1961858770001, 373.63787044799994], [-1012.627817358, 407.7146996999999], [-1097.096980257, 441.8020855219999], [-1181.586790069, 475.8902747469999], [-1266.116693293, 509.9762347519999], [-1350.651988926, 544.0612335719999], [-1435.19459458, 578.1165398119999], [-1519.753927504, 612.167410983], [-1604.3174987520001, 646.211582004], [-1688.875700146, 680.2224572939999]]]}}, {"type": "Feature", "properties": {"name": "downtown", "__uuid": "e9102220-29ee-424f-9a16-bbd0bba52df3", "market_name": "Sacramento--Arden-Arcade--Roseville, CA", "submarket_name": "central sac ", "neighborhood_name": "downtown "}, "geometry": {"type": "Polygon", "coordinates": [[[-121.498580187, 38.470525335], [-243.009421694, 76.953610613], [-364.521726427, 115.44150611699999], [-486.036079677, 153.937876827], [-607.371334029, 192.435163687], [-728.7078436959999, 230.96670450599999], [-850.0739140369999, 269.504998827], [-971.4087308729999, 308.088947108], [-1092.7321321339998, 346.687328372], [-1214.0425503829997, 385.30016149200003], [-1335.3373491699997, 423.92777610900004], [-1456.6220548609997, 462.55169070600004], [-1577.8919213149998, 501.192413916], [-1699.1639646489998, 539.871324926], [-1820.4828312239997, 578.5488651830001], [-1941.8057948329997, 617.2305176190001], [-2063.1404642479997, 655.9126269420001], [-2184.492692378, 694.6075281190001], [-2305.8560410279997, 733.3028861060001], [-2427.2375336839996, 771.9936758650001], [-2548.6629231289994, 810.6844656240002], [-2670.1006036739996, 849.3688593740002], [-2791.5710604879996, 888.0523393620002], [-2913.0612995539996, 926.7383630540003], [-3034.6030397999994, 965.4238186680003], [-3156.1570828129993, 1004.1103849240003], [-3277.7239803809994, 1042.7935426690003], [-3399.2999504229992, 1081.4683668330003], [-3520.8760474139995, 1120.1172253750003], [-3642.4414253619993, 1158.7625587530003], [-3764.0020596809995, 1197.3794783360004], [-3885.5544569589997, 1235.9820441870004], [-4007.136417755, 1274.5592123930003], [-4128.712811944, 1313.1178543960002], [-4250.299156071001, 1351.6577290710002], [-4371.885477821001, 1390.1657421180003], [-4493.443539287001, 1428.6603745180003], [-4614.984230754001, 1467.1365869260003], [-4736.497075766001, 1505.6068231900003], [-4857.995451105001, 1544.0698142460003], [-4979.494031292001, 1582.5403395810004]]]}}, {"type": "Feature", "properties": {"name": "West Lake Hills", "__uuid": "e96a3fc8-088f-449e-9e5d-3355dcd8cf23", "market_name": "Austin-Round Rock-San Marcos, TX", "submarket_name": "Westlake", "neighborhood_name": "West Lake Hills"}, "geometry": {"type": "Polygon", "coordinates": [[[-97.771372847, 30.273905918], [-195.55758958299998, 60.558472852], [-293.345608763, 90.855120194], [-391.12072350999995, 121.167860674], [-488.90470864799994, 151.503110873], [-586.6901332159999, 181.84374956], [-684.4873332269999, 212.19416491799998], [-782.3006724599999, 242.517265378], [-880.1277446039999, 272.832363968], [-977.9563472369998, 303.136097908], [-1075.7847926719999, 333.427483415], [-1173.6023325849999, 363.701996706], [-1271.4204783369998, 393.969663396], [-1369.2272365679999, 424.221727392], [-1466.998609415, 454.49563331]]]}}, {"type": "Feature", "properties": {"name": "Saint Paul", "__uuid": "e99b5e55-5a2b-4016-9337-12f46931ae45", "market_name": "Minneapolis-St. Paul-Bloomington, MN-WI", "submarket_name": "Saint Paul Downtown", "neighborhood_name": "Saint Paul "}, "geometry": {"type": "Polygon", "coordinates": [[[-93.166767074, 44.883972615], [-186.188537313, 89.767655616], [-279.149221402, 134.799540586], [-372.09501891900004, 179.881394534], [-465.05571245600004, 224.97201273000002], [-558.053750349, 270.078810042], [-651.10382108, 315.18276195199996], [-744.157192098, 360.262442144], [-837.271513928, 405.341858701], [-930.448083928, 450.42130059], [-1023.6346697849999, 495.43797893], [-1116.8387127469998, 540.43686975], [-1210.0395760169997, 585.4004425850001], [-1303.2386680769996, 630.2992822150001], [-1396.4054351509997, 675.18325483]]]}}, {"type": "Feature", "properties": {"name": "chandler ", "__uuid": "ea2c2bd9-cf7a-4c28-870c-b2a01df9e8ef", "market_name": "Phoenix-Mesa-Glendale, AZ ", "submarket_name": "Gilbert", "neighborhood_name": "chandler"}, "geometry": {"type": "Polygon", "coordinates": [[[-111.890602112, 33.385872938], [-223.780858987, 66.768583992], [-335.674207681, 100.145569741], [-447.567899698, 133.515961183], [-559.461591715, 166.879471075], [-671.355627054, 200.238106207], [-783.24942701, 233.59023182099997], [-895.142775704, 266.92879153399997], [-1007.0357810749999, 300.258172371], [-1118.9305030599999, 333.578947133], [-1230.824538399, 366.889393483], [-1342.718917061, 400.191231889], [-1454.6129524, 433.483313598], [-1566.501494575, 466.77482135], [-1678.385230232, 500.064033234], [-1790.261069465, 533.350949191], [-1902.125235725, 566.6381521420001], [-2013.96639936, 599.925642086], [-2125.800009895, 633.2116970540001], [-2237.626753975, 666.4943079840001], [-2349.437018562, 699.7772059220001], [-2461.22737043, 733.0603908680001], [-2572.998839546, 766.3441498260001], [-2684.763708607, 799.6279356320001], [-2796.5183549079998, 832.9171475160001], [-2908.265791431, 866.2106641020001], [-3020.004972746, 899.5081652160002], [-3131.744169523, 932.8128730310002], [-3243.4833663, 966.1253277800002], [-3355.222219755, 999.4458156580002], [-3466.957983305, 1032.7711804320002], [-3578.684820463, 1066.099700699], [-3690.390398637, 1099.42783377], [-3802.042635092, 1132.76032409], [-3913.6908513400003, 1166.094581325], [-4025.3352910370004, 1199.435722422], [-4136.979359732, 1232.783384278], [-4248.623112784, 1266.139438544], [-4360.267552481, 1299.501801458], [-4471.911992178, 1332.868752193], [-4583.559552281, 1366.2426731130001], [-4695.208718723, 1399.6223749340002], [-4806.857834799, 1433.0084407360002], [-4918.748436911, 1466.3943136740002]]]}}, {"type": "Feature", "properties": {"name": "Seguin", "__uuid": "ea415cc1-24d5-44fe-a491-a41ae87fe315", "market_name": "San Antonio-New Braunfels, TX", "submarket_name": "South New Braunfels", "neighborhood_name": "Seguin "}, "geometry": {"type": "Polygon", "coordinates": [[[-97.87417845, 29.613080504], [-195.934127705, 59.306881556], [-294.264476635, 88.872446077], [-392.552347647, 118.38953890100001], [-490.84744981999995, 147.855316871], [-589.1519581089999, 177.23302025400002], [-687.2483560659999, 206.59125500500002], [-785.2730323829999, 235.84388453800003], [-883.0425677849998, 265.11497722800004], [-980.7376968949999, 294.64216395700004], [-1078.6118753449998, 324.255244461]]]}}, {"type": "Feature", "properties": {"name": "South lyon ", "__uuid": "ebba377f-1c1c-4d0c-904c-f8b4163972e1", "market_name": "Detroit-Warren-Livonia, MI", "submarket_name": "West Detroit", "neighborhood_name": "South lyon "}, "geometry": {"type": "Polygon", "coordinates": [[[-83.740611671, 42.319647216], [-167.448899424, 84.64426189], [-251.081744026, 126.970982489], [-334.686687822, 169.311571687], [-418.282739905, 211.65668759099998], [-501.87542015500003, 254.00758401599998], [-585.461803497, 296.365319672], [-669.013427823, 338.730908994], [-752.5377792620001, 381.112409218], [-836.0214172300001, 423.49756947699996], [-919.4845061230001, 465.88958401499997], [-1002.9224058280001, 508.27817150699997], [-1086.347710939, 550.6834028999999], [-1169.772353176, 593.102827072], [-1253.205612767, 635.538886965], [-1336.640378347, 678.0208573169999], [-1420.156283023, 720.514191347], [-1503.783764514, 763.0328716719999], [-1587.475213286, 805.553507923], [-1671.2306293390002, 848.076100099], [-1754.9976456760003, 890.4925103539999], [-1838.7598561810003, 932.880797006], [-1922.5004678520002, 975.200444222]]]}}, {"type": "Feature", "properties": {"name": "winchester ", "__uuid": "ebc78986-c7bd-44ba-a927-a163505cced2", "market_name": "Las Vegas-Paradise, NV", "submarket_name": "east valley ", "neighborhood_name": "winchester "}, "geometry": {"type": "Polygon", "coordinates": [[[-115.095357808, 36.165633691], [-230.186852693, 72.327302113], [-345.278389908, 108.484622586], [-460.371429305, 144.631888751], [-575.461799483, 180.770040736], [-690.549879142, 216.898346847], [-805.632093971, 253.020432557], [-920.714043492, 289.136375955], [-1035.778706204, 325.251211578], [-1150.842273645, 361.351949811], [-1265.874765073, 397.452049064], [-1380.897843991, 433.553870725], [-1495.9246994599998, 469.69008182100004], [-1610.9405686009998, 505.82684746100006], [-1725.9533165409998, 541.996739175], [-1840.9699614799997, 578.172982797], [-1955.9889205249997, 614.340796694], [-2071.052168206, 650.508610591], [-2186.1475260139996, 686.674244282]]]}}, {"type": "Feature", "properties": {"name": "Canton", "__uuid": "ec889ef7-0375-4567-bcc5-0e3af71871e6", "market_name": "Detroit-Warren-Livonia, MI", "submarket_name": "West Detroit", "neighborhood_name": "Canton "}, "geometry": {"type": "Polygon", "coordinates": [[[-83.682436938, 42.227165284], [-167.23826506, 84.446967411], [-250.680078961, 126.66873313100001], [-334.09670367399997, 168.89098964800002], [-417.522277177, 211.11716954000002], [-500.962102458, 253.34923621700003], [-584.4052421060001, 295.628409997], [-667.849044627, 337.951218164], [-751.28870419, 380.307948608], [-834.728198034, 422.694682603], [-918.190726728, 465.0849587], [-1001.672768757, 507.46889861], [-1085.196198943, 549.848950277], [-1168.7464340709998, 592.2133610249999], [-1252.3319464919998, 634.569462997], [-1335.9239400539998, 676.920300186], [-1419.5184375159997, 719.264892845], [-1503.1504235749996, 761.5906271509999], [-1586.8375006259996, 803.914905613], [-1670.5199375639995, 846.1420708969999]]]}}, {"type": "Feature", "properties": {"name": "meadows field", "__uuid": "ecc68d05-5f29-4937-9ae1-ffe4812d5e5b", "market_name": "Bakersfield-Delano, CA", "submarket_name": "north bakers", "neighborhood_name": "meadows field "}, "geometry": {"type": "Polygon", "coordinates": [[[-119.044446478, 35.400142738], [-238.083502194, 70.806081113], [-357.12255791, 106.21444515300001], [-476.138400246, 141.623617732], [-595.150472888, 177.034569069], [-714.163140745, 212.45974905100002], [-833.175610197, 247.88654576500002], [-952.188079649, 283.322718887], [-1071.203798366, 318.76160418], [-1190.222021562, 354.201495231], [-1309.244014452, 389.653347148], [-1428.227758322, 425.16048005100004], [-1547.223704628, 460.713776439], [-1666.309589317, 496.268939626], [-1785.386246648, 531.775144185], [-1904.460632296, 567.230927179], [-2023.535159142, 602.6662474999999], [-2142.606755028, 638.096156795], [-2261.669099966, 673.520934489], [-2380.728743864, 708.9375717949999], [-2499.7836719760003, 744.349978449], [-2618.8314575100003, 779.75624025], [-2737.876716687, 815.159185603], [-2856.921163165, 850.559328341]]]}}, {"type": "Feature", "properties": {"name": "east greenwich", "__uuid": "ed24b9c4-1edb-48a4-8ff8-9bb74994d327", "market_name": "Providence-New Bedford-Fall River, RI-MA", "submarket_name": "south coast ", "neighborhood_name": "east greenwich"}, "geometry": {"type": "Polygon", "coordinates": [[[-71.470727619, 41.727628365], [-142.95707339400002, 83.436755695], [-214.44762793800004, 125.146282607], [-285.94475079800003, 166.842844696], [-357.49098390000006, 208.53982803399998], [-429.05790689200006, 250.23005888699998], [-500.6328166050001, 291.909602092], [-572.220062481, 333.588174494], [-643.8202758570001, 375.258134666], [-715.4261079, 416.909479478], [-787.038151953, 458.559704568], [-858.660978647, 500.202292065], [-930.293965983, 541.834421464], [-1001.945524758, 583.449891811], [-1073.603583536, 625.0539055170001], [-1145.2467851640001, 666.6485459350001], [-1216.867701066, 708.2355470470002], [-1288.4802598200001, 749.8176863070001], [-1360.0844614270002, 791.3970472010002], [-1431.633877291, 832.9777972930002], [-1503.1498645650001, 874.5522957600002], [-1574.650994689, 916.1337404400002], [-1646.1391248060002, 957.7124067240002], [-1717.620754919, 999.2841264970002], [-1789.08195645, 1040.8509832670002], [-1860.542229409, 1082.428954934], [-1931.9560737719999, 1124.0166505670002], [-2003.3542781259998, 1165.6129855020001], [-2074.759765342, 1207.2291500390002], [-2146.168966845, 1248.8800157530002], [-2217.5745080809997, 1290.543913396], [-2289.016137527, 1332.222916505], [-2360.462279539, 1373.912537277], [-2431.9138651490002, 1415.615802722], [-2503.3845927680004, 1457.343431087]]]}}, {"type": "Feature", "properties": {"name": "joshua tree", "__uuid": "ed3b4d33-c128-4b61-9662-41e637918d31", "market_name": "Riverside-San Bernardino-Ontario, CA", "submarket_name": "yucca valley ", "neighborhood_name": "joshua tree "}, "geometry": {"type": "Polygon", "coordinates": [[[-116.438846589, 34.077633892], [-232.721361367, 68.156623651], [-349.003876145, 102.250526519], [-465.272476573, 136.344429387], [-581.537803037, 170.46205224099998], [-697.804212428, 204.72996142999997], [-814.210783932, 239.02828931699997], [-930.676791269, 273.32735004899996], [-1047.125948073, 307.60643807299994], [-1163.5635739470001, 341.86353540999994], [-1280.0020868160002, 376.07516710699997], [-1396.447695641, 410.27359450399996], [-1512.9367672, 444.37879947799996], [-1629.3947939490001, 478.47372167], [-1745.8333068180002, 512.567174791], [-1862.2721534070001, 546.644808683]]]}}, {"type": "Feature", "properties": {"name": "Arcadia", "__uuid": "ed449912-d4ce-4cf2-af5a-18201fa13d2e", "market_name": "Los Angeles-Long Beach-Santa Ana, CA", "submarket_name": "East_LA", "neighborhood_name": "Arcadia"}, "geometry": {"type": "Polygon", "coordinates": [[[-118.212375641, 34.085933642], [-236.43178939799998, 68.17044557599999], [-354.655111645, 102.25208771799998], [-472.87446472799996, 136.32947874899997], [-591.0931918399999, 170.40190520199997], [-709.3086573859999, 204.46963917999997], [-827.522406318, 238.52628081999998], [-945.728087165, 272.581073596], [-1063.927759864, 306.637573017], [-1182.1145579600002, 340.69393021900004], [-1300.2883097910003, 374.75583379000005], [-1418.4521052620003, 408.81830619900006], [-1536.5180412240002, 442.8905807450001], [-1654.5829597420002, 476.9531953630001], [-1772.6465049690003, 511.0018723780001], [-1890.7096844870002, 545.04397931], [-2008.7594968040003, 579.082983989], [-2126.7955762110005, 613.120281671], [-2244.8241025170005, 647.155587812], [-2362.8371792990006, 681.200282234], [-2480.845449563001, 715.257777183], [-2598.8492566310006, 749.323520336], [-2716.8456822600006, 783.415282731], [-2834.8321515290004, 817.515289994], [-2952.8098660680002, 851.632779404], [-3070.7676678870002, 885.768741953], [-3188.7076169230004, 919.91010358], [-3306.6358929850003, 954.0602734890001], [-3424.5669156290005, 988.2138528090001], [-3542.5350171300006, 1022.3736823580001], [-3660.5206280920006, 1056.5366368480002], [-3778.524778483001, 1090.7052727530001], [-3896.5498715620006, 1124.880441812], [-4014.608386042001, 1159.0551434640001], [-4132.678218821001, 1193.2038797280002], [-4250.769584018001, 1227.3564579650001], [-4368.878815018002, 1261.5091660960002], [-4486.9850413680015, 1295.6312170600002], [-4605.124310716002, 1329.7364264100001], [-4723.273855459001, 1363.841197869], [-4841.429239523001, 1397.9443322850002], [-4959.587541830001, 1432.0403593670003], [-5077.752538931001, 1466.1329747170003], [-5195.924059164001, 1500.2227468520002], [-5314.106050741001, 1534.3095335080002], [-5432.300573599001, 1568.3948984700003], [-5550.512949240001, 1602.4808321120004]]]}}, {"type": "Feature", "properties": {"name": "chelsea", "__uuid": "ed693136-aad3-4afb-b586-fce5cdc00eaa", "market_name": "Boston-Cambridge-Quincy, MA-NH", "submarket_name": "north bost", "neighborhood_name": "chelsea"}, "geometry": {"type": "Polygon", "coordinates": [[[-70.948985634, 42.379272084], [-141.934970604, 84.784698455], [-212.937345478, 127.193547192], [-283.942895866, 169.60922892600001], [-354.945346229, 212.02952321], [-425.969970729, 254.477843115], [-496.995593509, 296.946361809], [-568.014874726, 339.435816152], [-639.02774372, 381.94480172899995], [-710.027700484, 424.46164304099995], [-781.028759169, 466.98022520199993], [-852.058715058, 509.49440982499993], [-923.1043084089999, 552.009100142], [-994.175190976, 594.536062419], [-1065.260894606, 637.058835698], [-1136.354976936, 679.565191504], [-1207.460963172, 722.0657293730001], [-1278.579957358, 764.5688858560001], [-1349.697851694, 807.0538867770001], [-1420.799895718, 849.5155542320001], [-1491.905148835, 891.9601816860002], [-1563.0070507950002, 934.3969756120001], [-1634.110766146, 976.8245309760001], [-1705.2154257480001, 1019.2366682200001], [-1776.327681486, 1061.655152812], [-1847.448008996, 1104.073910438], [-1918.574754202, 1146.493058931], [-1989.705622775, 1188.9075344819998], [-2060.835361312, 1231.316699844], [-2131.9694239799996, 1273.7241395239998], [-2203.1031507929997, 1316.1290654149998], [-2274.2406285059997, 1358.5294532619998], [-2345.380182697, 1400.9245296329998], [-2416.5235689929996, 1443.3131809189997], [-2487.6646678539996, 1485.6991445689996], [-2558.8091579269994, 1528.0783910719997], [-2629.9436001429995, 1570.4507178849997], [-2701.0735632569995, 1612.8232439139997], [-2772.1996011439996, 1655.1921660269998], [-2843.3175687929997, 1697.5604578499997], [-2914.434591545, 1739.9213451579997], [-2985.5526139189997, 1782.2777766849997], [-3056.6643393359996, 1824.6302227539998], [-3127.7548915679995, 1866.9842177799997], [-3198.8302390719996, 1909.3459135989997], [-3269.8961693319998, 1951.7153864189997], [-3340.9480599099998, 1994.0850655959998], [-3411.953325556, 2036.4282180269997], [-3482.90231119, 2078.807490111]]]}}, {"type": "Feature", "properties": {"name": "Westchase - Memorial West", "__uuid": "ed7e10fe-579d-4d8a-8cb8-8900f56be109", "market_name": "Houston-Sugar Land-Baytown, TX", "submarket_name": "West Outer Loop", "neighborhood_name": "Westchase - Memorial West"}, "geometry": {"type": "Polygon", "coordinates": [[[-95.540885925, 29.737551117], [-191.080498931, 59.485561234], [-286.641768938, 89.233522744], [-382.20497084199997, 119.018164085], [-477.829717826, 148.804037941], [-573.477091674, 178.588728143], [-669.1216610710001, 208.347144748], [-764.7759214580001, 238.080603679], [-860.4635871790001, 267.78885399300003], [-955.9845603850001, 297.51060406700003], [-1051.52544631, 327.24815518400004]]]}}, {"type": "Feature", "properties": {"name": "paradise hills", "__uuid": "ede2f0db-1ac8-49c9-bce6-dc903c18988b", "market_name": "Albuquerque, NM ", "submarket_name": "NW abq", "neighborhood_name": "paradise hills "}, "geometry": {"type": "Polygon", "coordinates": [[[-106.698703749, 35.213473414], [-213.42676161, 70.42543911499999], [-320.174045546, 105.628989287], [-426.92235945, 140.817950476], [-533.65144728, 175.977445156], [-640.379505141, 211.124308063], [-747.098636611, 246.264713973], [-853.808498366, 281.405400633], [-960.524883254, 316.539629806], [-1067.253284438, 351.662627347], [-1173.990955336, 386.776919308], [-1280.7464790180002, 421.887841118], [-1387.5020027000003, 456.98949429199996], [-1494.2705726460003, 492.09620321599994], [-1601.0432624650005, 527.1956092889999], [-1707.8073692150006, 562.2725409489999], [-1814.5392036270005, 597.365767176], [-1921.2425422500005, 632.4735995579999], [-2027.9438209370005, 667.6128824599999], [-2134.6296501000006, 702.762552597], [-2241.3062095480004, 737.930186713], [-2347.9783058000003, 773.111852428], [-2454.6431922750003, 808.294921169], [-2561.2994956810003, 843.488090987], [-2667.9506492450005, 878.686030322], [-2774.5952969740006, 913.892081212], [-2881.2464505380008, 949.100400291], [-2987.910383215001, 984.305364018], [-3094.5857375750006, 1019.510834262], [-3201.2844413240005, 1054.724307676]]]}}, {"type": "Feature", "properties": {"name": "Milford", "__uuid": "edf0c926-c99d-4306-885c-357e7da4cf94", "market_name": "Detroit-Warren-Livonia, MI", "submarket_name": "West Townships", "neighborhood_name": "Milford "}, "geometry": {"type": "Polygon", "coordinates": [[[-83.746974059, 42.632627789], [-167.495182581, 85.251959002], [-251.236430684, 127.85958179000001], [-334.977678787, 170.453785968], [-418.71693819899997, 213.035300803], [-502.458517751, 255.60217087900003], [-586.200428751, 298.161473149], [-669.948637273, 340.715160001], [-753.697840141, 383.257614503], [-837.451020391, 425.781751056], [-921.1707243400001, 468.304910501], [-1004.7993156340001, 510.826115685], [-1088.337421469, 553.325086795], [-1171.78868779, 595.810371491], [-1255.2382968680001, 638.301277755], [-1338.6898946370002, 680.857894416], [-1422.1398351640003, 723.419149718], [-1505.5366338540002, 766.0631155359999], [-1588.9278393500003, 808.7160400639999], [-1672.3152746190003, 851.3756071529999], [-1755.7396249680003, 894.0349915359999], [-1839.1745402390002, 936.6952900669999], [-1922.618114603, 979.3551313599999], [-2006.0744911660001, 1022.0128091939998], [-2089.5434213420003, 1064.6690548739998], [-2173.0221913960004, 1107.3227562779998], [-2256.5145301240004, 1149.9722070889998], [-2340.0549806770005, 1192.6214749109997], [-2423.6094038570004, 1235.2756791579998], [-2507.1965782950006, 1277.9289081639997], [-2590.8010760980005, 1320.5715164229998], [-2674.4282004410006, 1363.2132560159998], [-2758.0674330130005, 1405.8510641999999], [-2841.8144070720004, 1448.483691989]]]}}, {"type": "Feature", "properties": {"name": "sanger", "__uuid": "ee4c9088-c6da-42e5-a9dd-b60280727cb8", "market_name": "Fresno, CA", "submarket_name": "east outskirts ", "neighborhood_name": "sanger"}, "geometry": {"type": "Polygon", "coordinates": [[[-119.608156393, 36.604676814], [-239.097502391, 73.208255758], [-358.544162952, 109.811824059], [-477.830782001, 146.41236708600002], [-597.116607531, 183.14085012200002], [-716.541298872, 219.91447504900003], [-835.9913828179999, 256.74909465400003], [-955.5477834629999, 293.62299813100003], [-1075.1035046079999, 330.46090965900004], [-1194.7126626949998, 367.26873776400004], [-1314.3223428999997, 404.06228635800005], [-1433.9303213859998, 440.7695764420001], [-1553.5384777789998, 477.3742532560001]]]}}, {"type": "Feature", "properties": {"name": "csu", "__uuid": "ee918e45-c48f-455c-82b5-2c4bb408bd07", "market_name": "Bakersfield-Delano, CA", "submarket_name": "sw bakers ", "neighborhood_name": "csu "}, "geometry": {"type": "Polygon", "coordinates": [[[-119.044251877, 35.373269469], [-238.091049159, 70.746055916], [-357.14188999, 106.11869910600001], [-476.19821070899997, 141.49002952], [-595.262467627, 176.862168845], [-714.331598516, 212.23254401300002], [-833.408553351, 247.60047691500003], [-952.497261728, 282.96872291600005], [-1071.594850678, 318.33083117900003], [-1190.7098992640001, 353.692939442], [-1309.852724544, 389.0545623], [-1428.998129088, 424.415699749], [-1548.1520431190002, 459.774828964], [-1667.3159412450002, 495.134017374], [-1786.4941065420003, 530.488167878], [-1905.6776589860003, 565.842308914], [-2024.8499824250002, 601.173396798], [-2143.9955853740003, 636.498767798], [-2263.1415851330003, 671.795157989], [-2382.172510018, 707.0913862460001], [-2501.212334923, 742.4441340000001], [-2620.251940593, 777.805409668], [-2739.2961924700003, 813.178679137]]]}}, {"type": "Feature", "properties": {"name": "lake elsinore", "__uuid": "ee9c5fbf-32c3-405f-aad6-a8983a60251e", "market_name": "Riverside-San Bernardino-Ontario, CA", "submarket_name": "north murrieta ", "neighborhood_name": "lake elsinore "}, "geometry": {"type": "Polygon", "coordinates": [[[-117.23302613, 33.799060509], [-234.46788526699999, 67.58292878500001], [-351.710917044, 101.36550320500001], [-468.958229728, 135.140637572], [-586.229593358, 168.89878679], [-703.506405415, 202.645287102], [-820.7886658990001, 236.386609615], [-938.08177045, 270.116175622], [-1055.378041174, 303.83419417100004], [-1172.699218993, 337.54379584500003], [-1290.0351853989998, 371.237856505], [-1407.380491965, 404.93450752900003], [-1524.7366953849998, 438.624034863], [-1642.1006822719999, 472.31291456], [-1759.4841278269998, 505.97912387300005], [-1876.744883082, 539.5587991670001], [-1993.9927153909998, 573.1579983770001], [-2111.206429936, 606.7581298610002], [-2228.4051582869997, 640.3554330410002], [-2345.59090166, 673.9529384060002], [-2462.763101765, 707.5561620490001], [-2579.898552834, 741.2499023530002], [-2697.070067886, 774.9343225270002], [-2814.259188398, 808.6447199350001], [-2931.451390315, 842.4099261410001], [-3048.666557297, 876.1915282300001], [-3165.896824197, 909.9829151370002], [-3283.129850327, 943.7819756460002]]]}}, {"type": "Feature", "properties": {"name": "Belleville", "__uuid": "ef65445a-4bb5-4db4-99d0-845b1fefc009", "market_name": "St. Louis, MO-IL", "submarket_name": "Southwest St Louis", "neighborhood_name": "Belleville"}, "geometry": {"type": "Polygon", "coordinates": [[[-89.957858194, 38.489073516], [-179.882199911, 77.064510557], [-269.83097319, 115.662357196], [-359.747884389, 154.380252107], [-449.730522529, 193.086158437], [-539.752417054, 231.762925753], [-629.780239058, 270.434238827], [-719.798648932, 309.094562874], [-809.815129367, 347.73803742800004], [-899.861446535, 386.35283097900003], [-989.9303678580001, 424.97420705800005], [-1080.012691828, 463.583603367], [-1170.102112977, 502.179386478], [-1260.211575098, 540.761796366], [-1350.274164625, 579.302983194], [-1440.292185227, 617.812812678], [-1530.2500434209999, 656.301886194]]]}}, {"type": "Feature", "properties": {"name": "North_brooklyn", "__uuid": "eff3762e-d8aa-4f28-9c72-adb520ae2ec8", "market_name": "New York-Northern New Jersey-Long Island, NY-NJ-PA", "submarket_name": "NYC", "neighborhood_name": "North_brooklyn"}, "geometry": {"type": "Polygon", "coordinates": [[[-74.029655457, 40.664493725], [-148.04626464900002, 81.329508295], [-222.04261779800004, 121.994522865], [-296.02764129700006, 162.654589245], [-369.98657226600005, 203.308925682], [-443.90227357400005, 243.963408364], [-517.7951655070001, 284.621597], [-591.6633438200001, 325.289543717], [-665.5629829590001, 366.003532671], [-739.5153907960001, 406.742726044], [-813.4785735250001, 447.48000159], [-887.4443709490001, 488.20358523899995], [-961.4187514420001, 528.9138977419999], [-1035.4401671520002, 569.6098952609999], [-1109.4698226090002, 610.2743889859998]]]}}, {"type": "Feature", "properties": {"name": "Poeet", "__uuid": "f0d1fc3f-c2a5-4c41-83dc-c3d34d2a3513", "market_name": "San Antonio-New Braunfels, TX", "submarket_name": "South San Antonio", "neighborhood_name": "Poteet"}, "geometry": {"type": "Polygon", "coordinates": [[[-98.898710567, 29.126081658], [-197.745162142, 58.186123935], [-296.478609538, 87.179679549], [-395.022657426, 116.106327181], [-493.45163034800004, 145.100944901], [-591.856519776, 174.335649664], [-690.382262104, 203.549445986], [-789.044545782, 232.781840353], [-887.717696037, 262.05532345800003], [-986.616406604, 291.181405116]]]}}, {"type": "Feature", "properties": {"name": "Huntington", "__uuid": "f141b713-d620-4dfb-a551-d3636459ca28", "market_name": "New York-Northern New Jersey-Long Island, NY-NJ-PA", "submarket_name": "Suffolk_county", "neighborhood_name": "Huntington"}, "geometry": {"type": "Polygon", "coordinates": [[[-73.419055939, 40.78145132], [-146.765842438, 81.578108924], [-220.096284648, 122.381051421], [-293.404984049, 163.185253082], [-366.68688254799997, 203.991006798], [-439.976334147, 244.805855379], [-513.267218186, 285.624906852], [-586.554266526, 326.450927417], [-659.836508347, 367.285260796], [-733.1187501679999, 408.134398794], [-806.398932053, 448.987951564], [-879.6763673559999, 489.845659145], [-952.9534593359999, 530.706742318], [-1026.2332978979998, 571.574316531], [-1099.5141664279997, 612.4504579420001], [-1172.7881685029997, 653.3354250040001], [-1246.0625139009996, 694.2271403000001], [-1319.3330827489997, 735.123527046], [-1392.5947252049996, 776.0225089], [-1465.8515611429996, 816.938615912], [-1539.2477861189996, 857.9019238650001], [-1612.7240052959996, 898.8574537650001], [-1686.2335267799997, 939.7905518140001], [-1759.6958413859998, 980.6486488950001], [-1833.1466546789998, 1021.454662481], [-1906.5897432099998, 1062.25729767], [-1980.0161805879998, 1103.059802917], [-2053.436266495, 1143.8564605210001], [-2126.850515915, 1184.6527282640002], [-2200.269571854, 1225.4341795840003]]]}}, {"type": "Feature", "properties": {"name": "Santa_Monica", "__uuid": "f1af2c52-3a43-4eee-8f91-cb616d16abda", "market_name": "Los Angeles-Long Beach-Santa Ana, CA", "submarket_name": "West_coast", "neighborhood_name": "Santa_Monica"}, "geometry": {"type": "Polygon", "coordinates": [[[-118.467292786, 34.073421793], [-236.987113953, 68.099480884], [-355.460414887, 102.083417591], [-473.879642487, 136.096102243], [-592.314319611, 170.127851946], [-710.730628968, 204.160312949], [-829.138526917, 238.191209085], [-947.567024231, 272.24600186099997], [-1065.98865509, 306.32255179], [-1184.410641222, 340.39995182499996], [-1302.833817034, 374.48019849199994], [-1421.260426073, 408.56101387399997], [-1539.6892667099999, 442.639980919], [-1658.1197810459998, 476.71969441299996], [-1776.5511966039999, 510.80143394799995], [-1894.9841571139998, 544.884062083], [-2013.4188538299998, 578.96648785], [-2131.8541317689997, 613.047338777], [-2250.293529581, 647.1256660040001], [-2368.7360172979998, 681.2031756790001], [-2487.1804791209997, 715.2798322470001], [-2605.6259279959995, 749.353751706], [-2724.0749930549996, 783.427220472], [-2842.5252913639997, 817.502775098], [-2960.979537885, 851.5800004050001], [-3079.4376038719997, 885.654381979], [-3197.8972148109997, 919.728799101], [-3316.3593577549996, 953.8019009650001], [-3434.8236464669994, 987.87614035], [-3553.2900809459993, 1021.949206666], [-3671.7573737319995, 1056.022628459]]]}}, {"type": "Feature", "properties": {"name": "Villa_park", "__uuid": "f1b231d8-f74b-4d0d-8e98-1fe900bfc144", "market_name": "Los Angeles-Long Beach-Santa Ana, CA", "submarket_name": "Orange_county", "neighborhood_name": "Villa_park"}, "geometry": {"type": "Polygon", "coordinates": [[[-117.827682495, 33.843615617], [-235.661321014, 67.68090337199999], [-353.49703071, 101.51300657499999], [-471.32780311, 135.33751497999998], [-589.175307909, 169.11208903], [-707.036141974, 202.889335286], [-824.912309647, 236.666765784], [-942.774324418, 270.427933211], [-1060.626039506, 304.183677386], [-1178.470544816, 337.935710718], [-1296.311960221, 371.680321881], [-1414.14513588, 405.421221719], [-1531.962518692, 439.15726804300004], [-1649.755182266, 472.8770388180001], [-1767.522804997, 506.6151266120001], [-1885.288689396, 540.3668744880001], [-2003.048393986, 574.1300398680002], [-2120.806725285, 607.9051919910002], [-2238.561966679, 641.6854807760002], [-2356.3041618079997, 675.4746153130002], [-2474.0336539949994, 709.2731652910002], [-2591.754563113999, 743.0848380950001], [-2709.4734122959994, 776.9067795340002], [-2827.1915748329993, 810.7706384320002], [-2944.916260501999, 844.6370630370002], [-3062.655709048999, 878.5077636480002], [-3180.403397341999, 912.3778941380001], [-3298.164475222999, 946.2457441020001], [-3415.954392214999, 980.0999096330002], [-3533.7631919589994, 1013.9543602790002], [-3651.5764548979996, 1047.8065299800003], [-3769.3955543239995, 1081.6529970540003], [-3887.2232368189993, 1115.4966126710003]]]}}, {"type": "Feature", "properties": {"name": "Dallas Core", "__uuid": "f2718b73-f254-4e40-a6cc-b8330535df63", "market_name": "Dallas-Fort Worth-Arlington, TX", "submarket_name": "Dallas", "neighborhood_name": "Dallas Core"}, "geometry": {"type": "Polygon", "coordinates": [[[-96.899414062, 32.806898993], [-193.752822875, 65.608315116], [-290.566749572, 98.37191908599999], [-387.33261108299996, 131.11848790699997], [-484.08061981099996, 163.91211199999998], [-580.784683227, 196.74584332299997], [-677.4993896479999, 229.597458363], [-774.2649078359999, 262.46378150099997], [-871.1643218979999, 295.270680494]]]}}, {"type": "Feature", "properties": {"name": "silver creek ", "__uuid": "f2858084-27c1-435c-a4da-b516774e5c81", "market_name": "San Jose-Sunnyvale-Santa Clara, CA", "submarket_name": "south san ", "neighborhood_name": "silver creek "}, "geometry": {"type": "Polygon", "coordinates": [[[-121.808923474, 37.309133093], [-243.625912599, 74.61211362200001], [-365.459841419, 111.905809145], [-487.294143453, 149.18792441], [-609.140015125, 186.462912477], [-731.019779611, 223.738103088], [-852.896077364, 260.990940149], [-974.771806166, 298.23176769599996], [-1096.644211612, 335.45989351299994], [-1218.502550572, 372.6762474149999], [-1340.38502137, 409.8922351089999], [-1462.261502045, 447.0991765739999], [-1584.122181483, 484.3016288209999], [-1705.9666952290002, 521.495706826], [-1827.784575842, 558.683331965], [-1949.5972314570001, 595.880470903], [-2071.3990638630003, 633.072853091], [-2193.194551628, 670.26047823], [-2314.969139402, 707.44929266], [-2436.737382536, 744.634539162], [-2558.498161388, 781.816217568], [-2680.223858112, 819.0201938079999], [-2801.93910484, 856.2307094969999], [-2923.67711763, 893.4572741579999], [-3045.433232809, 930.6964355389999], [-3167.2129297809997, 967.960907907], [-3288.9840648299996, 1005.242557661], [-3410.7150990459995, 1042.529871984], [-3532.4556148329993, 1079.848900551], [-3654.2645383069994, 1117.158033644]]]}}, {"type": "Feature", "properties": {"name": "windsor", "__uuid": "f285fbd8-0617-4674-878f-102ac0c36091", "market_name": "Santa Rosa-Petaluma, CA", "submarket_name": "ne santa", "neighborhood_name": "windsor"}, "geometry": {"type": "Polygon", "coordinates": [[[-122.751529713, 38.495773951], [-245.495522201, 76.99369297499999], [-368.264181972, 115.606280288], [-491.149326136, 154.18727171], [-614.044748335, 192.681436813], [-736.939485332, 231.154683635], [-859.808869843, 269.608079296], [-982.674586954, 308.056305183], [-1105.508696946, 346.509834815], [-1228.2801861920002, 384.977935641], [-1351.0512843760002, 423.474398341], [-1473.8028140890003, 461.970172292]]]}}, {"type": "Feature", "properties": {"name": "Stillwater", "__uuid": "f2b81e15-6297-4638-bca4-c753cb4cb45b", "market_name": "Minneapolis-St. Paul-Bloomington, MN-WI", "submarket_name": "East Saint Paul", "neighborhood_name": "Stillwater"}, "geometry": {"type": "Polygon", "coordinates": [[[-92.992605216, 44.951335307], [-185.814371154, 89.902679924], [-278.5824832, 134.867633946], [-371.344683055, 179.89356941600002], [-464.123635566, 224.94559615600002], [-556.901575866, 270.015940291], [-649.705602933, 315.09433207899997], [-742.650593749, 360.17556333699997], [-835.610539827, 405.20595869], [-928.590196828, 450.186360411], [-1021.582802044, 495.13769571800003]]]}}, {"type": "Feature", "properties": {"name": "pajarito", "__uuid": "f2eb9d6f-3610-4705-9baf-10c05550d119", "market_name": "Albuquerque, NM ", "submarket_name": "south abq", "neighborhood_name": "pajarito"}, "geometry": {"type": "Polygon", "coordinates": [[[-106.639767493, 35.023524611], [-213.295826606, 70.050359812], [-319.96635328, 105.077934418], [-426.65013744600003, 140.104148167], [-533.348569523, 175.13023880100002], [-640.0594612470001, 210.159110641], [-746.7807252660001, 245.18283655200003], [-853.5123294690001, 280.20800740500005], [-960.255150209, 315.22029064000003], [-1066.992134462, 350.21485690400004], [-1173.735641847, 385.19423414000005], [-1280.4619830949998, 420.15110393200007], [-1387.1742481099998, 455.10403428500007], [-1493.8806766379998, 490.0445823140001], [-1600.5792087419998, 524.9918845700001], [-1707.2722476819997, 559.9408752960002], [-1813.9464038709998, 594.8923986610001], [-1920.6095737319997, 629.8456104090001], [-2027.2679370739997, 664.8047312230001], [-2133.921150575, 699.7827019240001], [-2240.568184266, 734.7795181750001], [-2347.209994057, 769.7906221410001], [-2453.84976155, 804.814146752]]]}}, {"type": "Feature", "properties": {"name": "pumpkin center", "__uuid": "f3043344-631d-43cf-9101-d1873c901d03", "market_name": "Bakersfield-Delano, CA", "submarket_name": "south bakers", "neighborhood_name": "pumpkin center"}, "geometry": {"type": "Polygon", "coordinates": [[[-119.003203763, 35.295480247], [-238.097847242, 70.591376729], [-357.225995043, 105.887425723], [-476.354304084, 141.15517115900002], [-595.465468505, 176.36487645100001], [-714.466632924, 211.57455295300002], [-833.469836687, 246.87003320000002]]]}}, {"type": "Feature", "properties": {"name": "bel air", "__uuid": "f7b08226-9871-41c8-9cc3-33a93486d0dc", "market_name": "Baltimore-Towson, MD", "submarket_name": "ne balt ", "neighborhood_name": "bel air"}, "geometry": {"type": "Polygon", "coordinates": [[[-76.309594561, 39.456910348], [-152.597592463, 78.923083878], [-228.87449208100003, 118.393656818], [-305.140293416, 157.872333849], [-381.391097071, 197.356104684], [-457.659597988, 236.862326066], [-533.9385972819999, 276.376185487], [-610.224795462, 315.90115145199997], [-686.520592157, 355.43213273599997], [-762.819388388, 394.967740833], [-839.129582856, 434.50982595], [-915.4415770459999, 474.05792490199997], [-991.7607701219999, 513.6097244169999], [-1068.088961806, 553.1647617619999], [-1144.421352841, 592.7258118199999], [-1220.7531439690001, 632.2942614229999], [-1297.0903342610002, 671.8682601679999], [-1373.432323811, 711.4441085279999], [-1449.783611923, 751.0134820379999], [-1526.141349037, 790.5847053319999], [-1602.515508611, 830.1587027439999], [-1678.904178441, 869.7352437179999], [-1755.31886067, 909.3101285399998], [-1831.755331971, 948.8857673589998], [-1908.216278217, 988.4729715129998], [-1984.6880299640002, 1028.059977966], [-2061.1467300060003, 1067.6248571469998], [-2137.6245356480003, 1107.156983986], [-2214.0988813780004, 1146.672300644], [-2290.5782000180006, 1186.1818309349999], [-2367.0462633360007, 1225.676742618], [-2443.5070720170006, 1265.1731288249998], [-2519.9477302310006, 1304.641118502], [-2596.3477769990004, 1344.062713086], [-2672.7329738060002, 1383.491344682], [-2749.0919815200004, 1422.933533589], [-2825.4349624690003, 1462.375013643], [-2901.765828544, 1501.821494641], [-2978.075423105, 1541.2784049890001]]]}}, {"type": "Feature", "properties": {"name": "Far South Austin", "__uuid": "f81399d7-01db-4cb4-8865-b996e1c9e28c", "market_name": "Austin-Round Rock-San Marcos, TX", "submarket_name": "South Austin", "neighborhood_name": "Far South Austin"}, "geometry": {"type": "Polygon", "coordinates": [[[-97.804412842, 30.247501189], [-195.647277832, 60.464153017], [-293.504493139, 90.67557926399999], [-391.39233341, 120.849797422], [-489.212539098, 150.939390474], [-587.021614977, 181.050297673], [-684.810578295, 211.213830348], [-782.5624627550001, 241.431075524], [-880.3363198720001, 271.658703715], [-978.1280297720001, 301.88929828], [-1075.9324426140001, 332.136799469]]]}}, {"type": "Feature", "properties": {"name": "vancouver", "__uuid": "f8558da4-9e88-4699-be0a-03472e6b46ab", "market_name": "Portland-Vancouver-Hillsboro, OR-WA", "submarket_name": "north port ", "neighborhood_name": "vancouver"}, "geometry": {"type": "Polygon", "coordinates": [[[-122.758112878, 45.753049697], [-245.52875681, 91.440820759], [-368.283977906, 137.093565686], [-490.99100264000003, 182.72811532100002], [-613.660434211, 228.343789522], [-736.2893808370001, 273.950023623], [-858.8653114640001, 319.546816035], [-981.3728032560001, 365.13349058800003], [-1103.830170831, 410.708696029], [-1226.263440225, 456.275129392], [-1348.647549329, 501.849660107], [-1470.993101343, 547.410694588], [-1593.313933102, 592.9576580659999], [-1715.582370936, 638.504518011], [-1837.81225168, 684.06622738], [-1960.055627405, 729.631311071], [-2082.345753602, 775.414282684], [-2204.8238456130002, 821.194901394], [-2327.49279522, 866.973167253], [-2450.202711735, 912.723190253], [-2572.9608246129997, 958.47623995]]]}}, {"type": "Feature", "properties": {"name": "South_queens", "__uuid": "f9a564f2-f582-4ba5-941f-ec925d6899f4", "market_name": "New York-Northern New Jersey-Long Island, NY-NJ-PA", "submarket_name": "NYC", "neighborhood_name": "South_queens"}, "geometry": {"type": "Polygon", "coordinates": [[[-73.879966736, 40.686495877], [-147.733325958, 81.334450663], [-221.58685684199997, 121.981233242], [-295.436782837, 162.624238572], [-369.260101318, 203.269588427], [-443.052288196, 243.88987872500002], [-516.8107186770001, 284.517642635], [-590.564031823, 325.165160286], [-664.3042356630001, 365.830843175], [-738.0308262030001, 406.515659271], [-811.7587009590001, 447.21608175], [-885.4869190380001, 487.924572517], [-959.2159597720001, 528.638753887], [-1032.9421179140002, 569.359475355], [-1106.6658727970002, 610.088132566], [-1180.3891126960002, 650.82303363], [-1254.1152708380002, 691.563007393], [-1327.8472654670002, 732.305582391], [-1401.5850965830002, 773.045556154], [-1475.3287641860002, 813.779806844], [-1549.0787832590001, 854.508594141], [-1622.8360121100002, 895.23386902], [-1696.6021673530001, 935.959534177], [-1770.3757040350001, 976.683508113], [-1844.1555921880001, 1017.403579069], [-1917.947668299, 1058.1224790859999], [-1991.7486708010001, 1098.8383866099998], [-2065.569929346, 1139.5544242459998], [-2139.3973677000004, 1180.2696812109998], [-2213.2342474300003, 1220.9803840799998], [-2287.0767919860004, 1261.688354342], [-2360.9268896420003, 1302.3955438389999], [-2434.7799055420005, 1343.0994800479998], [-2508.6401312190005, 1383.8015943459998], [-2582.5063650450006, 1424.5035785059997], [-2656.3748304690007, 1465.2023091239996], [-2730.247072443001, 1505.8993478369996], [-2804.125318683001, 1546.5931468839997], [-2878.009233631001, 1587.2845889899997], [-2951.8892003670007, 1627.9710848669997]]]}}, {"type": "Feature", "properties": {"name": "Franklin", "__uuid": "f9c1014c-34a4-45b5-9f97-833b7af7e1fd", "market_name": "Nashville-Davidson--Murfreesboro--Franklin, TN", "submarket_name": "Outskirts", "neighborhood_name": "Franklin"}, "geometry": {"type": "Polygon", "coordinates": [[[-86.786499023, 36.03521869], [-173.68629455500002, 72.084872809], [-260.612869262, 108.139523191], [-347.788696288, 144.064723759], [-434.817581176, 179.868059099], [-521.657638549, 215.690883195], [-608.491516112, 251.588833388], [-695.278015135, 287.62405207800003]]]}}, {"type": "Feature", "properties": {"name": "Sherman_Oaks", "__uuid": "fa35f196-cc60-4f6d-a2ef-d927562cbb80", "market_name": "Los Angeles-Long Beach-Santa Ana, CA", "submarket_name": "Valley", "neighborhood_name": "Sherman_Oaks"}, "geometry": {"type": "Polygon", "coordinates": [[[-118.431930542, 34.143066528], [-236.864547729, 68.364805154], [-355.418014526, 102.58540824299999], [-473.97182464599996, 136.75944113699998], [-592.5263214109999, 170.910179291], [-711.0707285849999, 205.058226824], [-829.5476344079999, 239.20527131900002], [-948.0174647329999, 273.35164146700004], [-1066.4681698329998, 307.495707556], [-1184.9097134119997, 341.639626521], [-1303.3416439539997, 375.78269304900004]]]}}, {"type": "Feature", "properties": {"fill": "#555555", "name": "North District", "__uuid": "fb22fa51-73f8-424b-abc2-537bb1d5af48", "stroke": "#555555", "market_name": "Houston-Sugar Land-Baytown, TX", "fill-opacity": "0.5", "stroke-width": "2", "stroke-opacity": "1", "submarket_name": "North Houston", "neighborhood_name": "North District"}, "geometry": {"type": "Polygon", "coordinates": [[[-95.296783447, 29.940655389], [-190.753073706, 59.880104838], [-286.160170988, 89.750257844], [-381.52851979, 119.62099400400001], [-476.859166571, 149.49198500300002], [-572.155950018, 179.43264039200002]]]}}, {"type": "Feature", "properties": {"name": "basking ridge ", "__uuid": "fb75d4fe-8ff2-4646-843f-6360a1929515", "market_name": "Phoenix-Mesa-Glendale, AZ ", "submarket_name": "paradise valley", "neighborhood_name": "Basking ridge"}, "geometry": {"type": "Polygon", "coordinates": [[[-112.000999229, 33.669697924], [-224.00322965499998, 67.328096792], [-336.004643495, 100.97192590099999], [-448.008344017, 134.609218205], [-560.013129136, 168.23917344999998], [-672.022703279, 201.857108986], [-784.031401403, 235.44076754], [-895.922289697, 269.023440007], [-1007.8142651000001, 302.60831928899995], [-1119.706583826, 336.20864177899995], [-1231.597872583, 369.8261201469999], [-1343.487788049, 403.4601792849999], [-1455.3780562430002, 437.10108372599996], [-1567.2722193060001, 470.74912883099995], [-1679.1723231710002, 504.3985294639999], [-1791.0841499100002, 538.052053338], [-1903.0166373980003, 571.7118349369999], [-2014.9651934000003, 605.376016458], [-2126.9402529090003, 639.0495135599999], [-2238.9412521380004, 672.719211484]]]}}, {"type": "Feature", "properties": {"name": "westpark", "__uuid": "fb8c04e4-9704-44ef-97da-a9711d8ff248", "market_name": "Fresno, CA", "submarket_name": "sw fresno ", "neighborhood_name": "westpark "}, "geometry": {"type": "Polygon", "coordinates": [[[-119.813804626, 36.741360241], [-239.636005452, 73.48018492599999], [-359.48981729900004, 110.21772359599998], [-479.40627542900006, 146.95330610699997], [-599.3227335590001, 183.65944295699998], [-719.2034861220001, 220.36585505199997], [-839.0842386850001, 257.058503672], [-958.964991248, 293.69276778799997], [-1078.750731402, 330.32682475099995], [-1198.537753162, 367.01825586099994], [-1318.32411241, 403.7222020859999], [-1438.109346301, 440.43005979899993], [-1557.8935136149998, 477.1462330829999], [-1677.6856889079997, 513.8705340109999], [-1797.4922837569998, 550.6083176129999], [-1917.3060883829999, 587.349677854]]]}}, {"type": "Feature", "properties": {"name": "New Braunfels", "__uuid": "fba01d71-0a46-46db-853a-dfe03a5fd69d", "market_name": "San Antonio-New Braunfels, TX", "submarket_name": "West New Braunfels", "neighborhood_name": "New Braunfels "}, "geometry": {"type": "Polygon", "coordinates": [[[-98.463003645, 29.597494791], [-196.821464355, 59.202254908], [-295.1501915, 88.771833348], [-393.210613132, 118.468826088], [-491.324488003, 148.295947407], [-589.526676921, 178.14121275899998], [-687.85320272, 208.048948987], [-786.259908377, 237.904292933], [-884.722912022, 267.501787724]]]}}, {"type": "Feature", "properties": {"name": "RIverdale", "__uuid": "fd6e545c-185d-4df6-a6a8-264dcaf4c7b3", "market_name": "Atlanta-Sandy Springs-Marietta, GA", "submarket_name": "South Atlanta", "neighborhood_name": "Riverdale "}, "geometry": {"type": "Polygon", "coordinates": [[[-84.515290375, 33.559675103], [-169.006146663, 67.110874955], [-253.42889845300002, 100.661328735], [-337.802279022, 134.198249649], [-422.160834871, 167.737216387], [-506.536640927, 201.321820392], [-590.919459413, 234.910120416], [-675.3130871420001, 268.51538403800004], [-759.7122521970001, 302.14877112600004], [-844.1533025080001, 335.76366913500004], [-928.6379947610002, 369.381496629], [-1013.1626732310002, 402.95574796200003], [-1097.6779636060003, 436.51542306500005]]]}}, {"type": "Feature", "properties": {"name": "Simi_Valley", "__uuid": "fd8a46d1-b962-4676-8fa5-048bc86ef34c", "market_name": "Los Angeles-Long Beach-Santa Ana, CA", "submarket_name": "Valley", "neighborhood_name": "Simi_Valley"}, "geometry": {"type": "Polygon", "coordinates": [[[-118.796539307, 34.292962948], [-237.59101867700002, 68.514417691], [-356.30241394100005, 102.731330179], [-474.8565673830001, 136.953352686], [-593.4163644330001, 171.253600407], [-712.2129037400001, 205.546563355]]]}}, {"type": "Feature", "properties": {"name": "Silver_lake", "__uuid": "fea0a97f-3e0b-4f7c-8644-de4971eba6bf", "market_name": "Los Angeles-Long Beach-Santa Ana, CA", "submarket_name": "Hollywood", "neighborhood_name": "Silver_lake"}, "geometry": {"type": "Polygon", "coordinates": [[[-118.25558556, 34.105488849], [-236.522206196, 68.217577656], [-354.793290028, 102.324976186], [-473.065575489, 136.42370412600002], [-591.349705585, 170.502386808], [-709.597958454, 204.56571246700003], [-827.833945575, 238.63477190000003], [-946.057639193, 272.71728928000005], [-1064.313224753, 306.822778129]]]}}, {"type": "Feature", "properties": {"name": "Atlanta Zoo", "__uuid": "febbf629-108d-4fb2-8ad8-9613e05d49f4", "market_name": "Atlanta-Sandy Springs-Marietta, GA", "submarket_name": "Downtown Atlanta", "neighborhood_name": "Atlanta Zoo "}, "geometry": {"type": "Polygon", "coordinates": [[[-84.39071548, 33.743341326], [-168.782427942, 67.475951721], [-253.176278276, 101.198864966], [-337.525826006, 134.902798279], [-421.875480024, 168.646714695], [-506.266195504, 202.390056021]]]}}, {"type": "Feature", "properties": {"name": "The Colony", "__uuid": "ff44d088-b63d-4340-90d5-ebd4814f1e17", "market_name": "Dallas-Fort Worth-Arlington, TX", "submarket_name": "North Dallas Suburbs", "neighborhood_name": "The Colony"}, "geometry": {"type": "Polygon", "coordinates": [[[-96.956748962, 33.000313813], [-193.887748718, 65.983061925], [-290.75592041000004, 98.971569668], [-387.60314941400003, 131.985991103], [-484.43355560300006, 165.00012465], [-581.256065369, 198.089940368], [-678.117370606, 231.197588033], [-774.977989197, 264.33053934599997], [-871.915168762, 297.46176564099994], [-968.861274719, 330.52425119799994], [-1065.7816314689999, 363.5763778439999], [-1162.715034484, 396.6008747699999], [-1259.651397442, 429.6217977209999], [-1356.6081464039999, 462.6221115339999]]]}}, {"type": "Feature", "properties": {"name": "Plymouth", "__uuid": "ff630351-a1f0-4a08-96a0-e9065c87ddc3", "market_name": "Minneapolis-St. Paul-Bloomington, MN-WI", "submarket_name": "Northwest Minneapolis", "neighborhood_name": "Plymouth"}, "geometry": {"type": "Polygon", "coordinates": [[[-93.285372707, 44.995368647], [-186.584094965, 90.117497104], [-280.077155887, 135.254205067], [-373.597942801, 180.294457651], [-467.173512317, 225.2788991], [-560.7320671470001, 270.24493171899996], [-654.243590593, 315.19573037799995], [-747.702178677, 360.14375731399997], [-841.1644038, 405.11879580799996], [-934.581474967, 450.093737043], [-1027.950282371, 495.068678278], [-1121.2976732739999, 540.043436449], [-1214.6515549039998, 585.045473294], [-1307.9369276109999, 630.0408419409999]]]}}]}